datetime_utc,PV
2019-01-01 00:00:00,0.4563652
2019-01-01 00:15:00,0.40143728
2019-01-01 00:30:00,0.23537491
2019-01-01 00:45:00,0.14107469
2019-01-01 01:00:00,0.14071389
2019-01-01 01:15:00,0.1402
2019-01-01 01:30:00,0.13948412
2019-01-01 01:45:00,0.1384933
2019-01-01 02:00:00,0.13711794
2019-01-01 02:15:00,0.13518715
2019-01-01 02:30:00,0.13243367
2019-01-01 02:45:00,0.12842569
2019-01-01 03:00:00,0.12244816
2019-01-01 03:15:00,0.11328311
2019-01-01 03:30:00,0.098797984
2019-01-01 03:45:00,0.0751656
2019-01-01 04:00:00,0.035439104
2019-01-01 04:15:00,0.0
2019-01-01 04:30:00,0.0
2019-01-01 04:45:00,0.0
2019-01-01 05:00:00,0.0
2019-01-01 05:15:00,5.4371443
2019-01-01 05:30:00,9.177975
2019-01-01 05:45:00,5.964107
2019-01-01 06:00:00,0.0
2019-01-01 06:15:00,3.5557804
2019-01-01 06:30:00,6.249977
2019-01-01 06:45:00,-0.50601506
2019-01-01 07:00:00,7.2931223
2019-01-01 07:15:00,9.928454
2019-01-01 07:30:00,11.881053
2019-01-01 07:45:00,18.665932
2019-01-01 08:00:00,24.82338
2019-01-01 08:15:00,36.940186
2019-01-01 08:30:00,63.28854
2019-01-01 08:45:00,105.75733
2019-01-01 09:00:00,125.628914
2019-01-01 09:15:00,188.5767
2019-01-01 09:30:00,200.07025
2019-01-01 09:45:00,238.4143
2019-01-01 10:00:00,247.96255
2019-01-01 10:15:00,267.45523
2019-01-01 10:30:00,272.858
2019-01-01 10:45:00,305.6943
2019-01-01 11:00:00,308.3989
2019-01-01 11:15:00,384.431
2019-01-01 11:30:00,385.15866
2019-01-01 11:45:00,230.77748
2019-01-01 12:00:00,231.12231
2019-01-01 12:15:00,267.23798
2019-01-01 12:30:00,266.3199
2019-01-01 12:45:00,322.80667
2019-01-01 13:00:00,321.00586
2019-01-01 13:15:00,333.6736
2019-01-01 13:30:00,330.37463
2019-01-01 13:45:00,425.61722
2019-01-01 14:00:00,421.0553
2019-01-01 14:15:00,580.51807
2019-01-01 14:30:00,569.3371
2019-01-01 14:45:00,779.2767
2019-01-01 15:00:00,681.5255
2019-01-01 15:15:00,531.3867
2019-01-01 15:30:00,545.635
2019-01-01 15:45:00,525.452
2019-01-01 16:00:00,621.84033
2019-01-01 16:15:00,808.98694
2019-01-01 16:30:00,850.6176
2019-01-01 16:45:00,528.74854
2019-01-01 17:00:00,521.63074
2019-01-01 17:15:00,283.3177
2019-01-01 17:30:00,279.78412
2019-01-01 17:45:00,77.76538
2019-01-01 18:00:00,55.863068
2019-01-01 18:15:00,6.8128977
2019-01-01 18:30:00,10.263989
2019-01-01 18:45:00,5.4371443
2019-01-01 19:00:00,0.0
2019-01-01 19:15:00,0.0
2019-01-01 19:30:00,0.0
2019-01-01 19:45:00,0.0
2019-01-01 20:00:00,0.035439104
2019-01-01 20:15:00,0.0751656
2019-01-01 20:30:00,0.098797984
2019-01-01 20:45:00,0.11328311
2019-01-01 21:00:00,0.12244816
2019-01-01 21:15:00,0.12842569
2019-01-01 21:30:00,0.13243367
2019-01-01 21:45:00,0.13518715
2019-01-01 22:00:00,0.13711794
2019-01-01 22:15:00,0.1384933
2019-01-01 22:30:00,0.13948412
2019-01-01 22:45:00,0.1402
2019-01-01 23:00:00,0.14071389
2019-01-01 23:15:00,0.14107469
2019-01-01 23:30:00,0.23540461
2019-01-01 23:45:00,0.40144727
2019-01-02 00:00:00,0.4563652
2019-01-02 00:15:00,0.40143728
2019-01-02 00:30:00,0.23537491
2019-01-02 00:45:00,0.14107469
2019-01-02 01:00:00,0.14071389
2019-01-02 01:15:00,0.1402
2019-01-02 01:30:00,0.13948412
2019-01-02 01:45:00,0.1384933
2019-01-02 02:00:00,0.13711794
2019-01-02 02:15:00,0.13518715
2019-01-02 02:30:00,0.13243367
2019-01-02 02:45:00,0.12842569
2019-01-02 03:00:00,0.12244816
2019-01-02 03:15:00,0.11328311
2019-01-02 03:30:00,0.098797984
2019-01-02 03:45:00,0.0751656
2019-01-02 04:00:00,0.035439104
2019-01-02 04:15:00,0.0
2019-01-02 04:30:00,0.0
2019-01-02 04:45:00,0.0
2019-01-02 05:00:00,0.0
2019-01-02 05:15:00,5.4371443
2019-01-02 05:30:00,9.177975
2019-01-02 05:45:00,5.964107
2019-01-02 06:00:00,0.0
2019-01-02 06:15:00,3.5557804
2019-01-02 06:30:00,6.249977
2019-01-02 06:45:00,-0.50601506
2019-01-02 07:00:00,7.2931223
2019-01-02 07:15:00,9.928454
2019-01-02 07:30:00,11.881053
2019-01-02 07:45:00,18.665932
2019-01-02 08:00:00,24.82338
2019-01-02 08:15:00,36.940186
2019-01-02 08:30:00,63.28854
2019-01-02 08:45:00,163.53058
2019-01-02 09:00:00,185.24022
2019-01-02 09:15:00,397.77835
2019-01-02 09:30:00,416.08185
2019-01-02 09:45:00,703.66626
2019-01-02 10:00:00,708.0414
2019-01-02 10:15:00,1002.8348
2019-01-02 10:30:00,998.6557
2019-01-02 10:45:00,1262.8553
2019-01-02 11:00:00,1254.524
2019-01-02 11:15:00,1537.9387
2019-01-02 11:30:00,1520.183
2019-01-02 11:45:00,1842.5778
2019-01-02 12:00:00,1839.2922
2019-01-02 12:15:00,2025.4653
2019-01-02 12:30:00,2029.0524
2019-01-02 12:45:00,2112.2412
2019-01-02 13:00:00,2116.2617
2019-01-02 13:15:00,2139.2705
2019-01-02 13:30:00,2139.8677
2019-01-02 13:45:00,2114.1438
2019-01-02 14:00:00,2106.0059
2019-01-02 14:15:00,2036.1936
2019-01-02 14:30:00,2023.802
2019-01-02 14:45:00,1922.9387
2019-01-02 15:00:00,1907.0223
2019-01-02 15:15:00,1770.5068
2019-01-02 15:30:00,1707.4855
2019-01-02 15:45:00,1521.4236
2019-01-02 16:00:00,1386.0115
2019-01-02 16:15:00,1150.5953
2019-01-02 16:30:00,1006.62683
2019-01-02 16:45:00,691.2387
2019-01-02 17:00:00,632.7529
2019-01-02 17:15:00,338.62836
2019-01-02 17:30:00,324.71994
2019-01-02 17:45:00,92.643684
2019-01-02 18:00:00,67.832436
2019-01-02 18:15:00,6.8128977
2019-01-02 18:30:00,10.263989
2019-01-02 18:45:00,5.4371443
2019-01-02 19:00:00,0.0
2019-01-02 19:15:00,0.0
2019-01-02 19:30:00,0.0
2019-01-02 19:45:00,0.0
2019-01-02 20:00:00,0.035439104
2019-01-02 20:15:00,0.0751656
2019-01-02 20:30:00,0.098797984
2019-01-02 20:45:00,0.11328311
2019-01-02 21:00:00,0.12244816
2019-01-02 21:15:00,0.12842569
2019-01-02 21:30:00,0.13243367
2019-01-02 21:45:00,0.13518715
2019-01-02 22:00:00,0.13711794
2019-01-02 22:15:00,0.1384933
2019-01-02 22:30:00,0.13948412
2019-01-02 22:45:00,0.1402
2019-01-02 23:00:00,0.14071389
2019-01-02 23:15:00,0.14107469
2019-01-02 23:30:00,0.23540461
2019-01-02 23:45:00,0.40144727
2019-01-03 00:00:00,0.4563652
2019-01-03 00:15:00,0.40143728
2019-01-03 00:30:00,0.23537491
2019-01-03 00:45:00,0.14107469
2019-01-03 01:00:00,0.14071389
2019-01-03 01:15:00,0.1402
2019-01-03 01:30:00,0.13948412
2019-01-03 01:45:00,0.1384933
2019-01-03 02:00:00,0.13711794
2019-01-03 02:15:00,0.13518715
2019-01-03 02:30:00,0.13243367
2019-01-03 02:45:00,0.12842569
2019-01-03 03:00:00,0.12244816
2019-01-03 03:15:00,0.11328311
2019-01-03 03:30:00,0.098797984
2019-01-03 03:45:00,0.0751656
2019-01-03 04:00:00,0.035439104
2019-01-03 04:15:00,0.0
2019-01-03 04:30:00,0.0
2019-01-03 04:45:00,0.0
2019-01-03 05:00:00,0.0
2019-01-03 05:15:00,5.4371443
2019-01-03 05:30:00,9.177975
2019-01-03 05:45:00,5.964107
2019-01-03 06:00:00,0.0
2019-01-03 06:15:00,3.5557804
2019-01-03 06:30:00,6.249977
2019-01-03 06:45:00,-0.50601506
2019-01-03 07:00:00,7.2931223
2019-01-03 07:15:00,9.928454
2019-01-03 07:30:00,11.881053
2019-01-03 07:45:00,18.665932
2019-01-03 08:00:00,24.82338
2019-01-03 08:15:00,36.940186
2019-01-03 08:30:00,63.28854
2019-01-03 08:45:00,169.56116
2019-01-03 09:00:00,191.5077
2019-01-03 09:15:00,419.69235
2019-01-03 09:30:00,438.3553
2019-01-03 09:45:00,730.3138
2019-01-03 10:00:00,734.8202
2019-01-03 10:15:00,1030.6683
2019-01-03 10:30:00,1026.5791
2019-01-03 10:45:00,1288.006
2019-01-03 11:00:00,1279.3676
2019-01-03 11:15:00,1577.1356
2019-01-03 11:30:00,1558.7314
2019-01-03 11:45:00,1864.8
2019-01-03 12:00:00,1861.7561
2019-01-03 12:15:00,2029.3104
2019-01-03 12:30:00,2032.8356
2019-01-03 12:45:00,2112.2412
2019-01-03 13:00:00,2116.2617
2019-01-03 13:15:00,2139.2705
2019-01-03 13:30:00,2139.8677
2019-01-03 13:45:00,2111.5842
2019-01-03 14:00:00,2103.749
2019-01-03 14:15:00,2005.0502
2019-01-03 14:30:00,1998.0132
2019-01-03 14:45:00,1888.8558
2019-01-03 15:00:00,1883.8955
2019-01-03 15:15:00,1737.6876
2019-01-03 15:30:00,1702.8555
2019-01-03 15:45:00,1488.6284
2019-01-03 16:00:00,1388.582
2019-01-03 16:15:00,1150.5953
2019-01-03 16:30:00,1006.62683
2019-01-03 16:45:00,648.79047
2019-01-03 17:00:00,608.16656
2019-01-03 17:15:00,303.36395
2019-01-03 17:30:00,296.63602
2019-01-03 17:45:00,90.182
2019-01-03 18:00:00,65.85915
2019-01-03 18:15:00,6.8128977
2019-01-03 18:30:00,10.263989
2019-01-03 18:45:00,5.4371443
2019-01-03 19:00:00,0.0
2019-01-03 19:15:00,0.0
2019-01-03 19:30:00,0.0
2019-01-03 19:45:00,0.0
2019-01-03 20:00:00,0.035439104
2019-01-03 20:15:00,0.0751656
2019-01-03 20:30:00,0.098797984
2019-01-03 20:45:00,0.11328311
2019-01-03 21:00:00,0.12244816
2019-01-03 21:15:00,0.12842569
2019-01-03 21:30:00,0.13243367
2019-01-03 21:45:00,0.13518715
2019-01-03 22:00:00,0.13711794
2019-01-03 22:15:00,0.1384933
2019-01-03 22:30:00,0.13948412
2019-01-03 22:45:00,0.1402
2019-01-03 23:00:00,0.14071389
2019-01-03 23:15:00,0.14107469
2019-01-03 23:30:00,0.23540461
2019-01-03 23:45:00,0.40144727
2019-01-04 00:00:00,0.4563652
2019-01-04 00:15:00,0.40143728
2019-01-04 00:30:00,0.23537491
2019-01-04 00:45:00,0.14107469
2019-01-04 01:00:00,0.14071389
2019-01-04 01:15:00,0.1402
2019-01-04 01:30:00,0.13948412
2019-01-04 01:45:00,0.1384933
2019-01-04 02:00:00,0.13711794
2019-01-04 02:15:00,0.13518715
2019-01-04 02:30:00,0.13243367
2019-01-04 02:45:00,0.12842569
2019-01-04 03:00:00,0.12244816
2019-01-04 03:15:00,0.11328311
2019-01-04 03:30:00,0.098797984
2019-01-04 03:45:00,0.0751656
2019-01-04 04:00:00,0.035439104
2019-01-04 04:15:00,0.0
2019-01-04 04:30:00,0.0
2019-01-04 04:45:00,0.0
2019-01-04 05:00:00,0.0
2019-01-04 05:15:00,5.4371443
2019-01-04 05:30:00,9.177975
2019-01-04 05:45:00,5.964107
2019-01-04 06:00:00,0.0
2019-01-04 06:15:00,3.5557804
2019-01-04 06:30:00,6.249977
2019-01-04 06:45:00,-0.50601506
2019-01-04 07:00:00,7.2931223
2019-01-04 07:15:00,9.928454
2019-01-04 07:30:00,11.881053
2019-01-04 07:45:00,18.665932
2019-01-04 08:00:00,24.82338
2019-01-04 08:15:00,34.999695
2019-01-04 08:30:00,60.90871
2019-01-04 08:45:00,157.56847
2019-01-04 09:00:00,179.05429
2019-01-04 09:15:00,389.6796
2019-01-04 09:30:00,407.86642
2019-01-04 09:45:00,703.66626
2019-01-04 10:00:00,708.0414
2019-01-04 10:15:00,940.1953
2019-01-04 10:30:00,935.9605
2019-01-04 10:45:00,1107.5476
2019-01-04 11:00:00,1100.6626
2019-01-04 11:15:00,1226.2144
2019-01-04 11:30:00,1220.7885
2019-01-04 11:45:00,1217.4185
2019-01-04 12:00:00,1216.278
2019-01-04 12:15:00,1152.1074
2019-01-04 12:30:00,1155.2235
2019-01-04 12:45:00,1261.1941
2019-01-04 13:00:00,1268.7031
2019-01-04 13:15:00,1273.6174
2019-01-04 13:30:00,1281.0135
2019-01-04 13:45:00,1159.5498
2019-01-04 14:00:00,1151.1031
2019-01-04 14:15:00,857.31464
2019-01-04 14:30:00,831.5584
2019-01-04 14:45:00,727.53906
2019-01-04 15:00:00,628.9404
2019-01-04 15:15:00,485.5933
2019-01-04 15:30:00,473.47162
2019-01-04 15:45:00,368.70517
2019-01-04 16:00:00,443.48425
2019-01-04 16:15:00,395.93472
2019-01-04 16:30:00,460.62073
2019-01-04 16:45:00,442.6526
2019-01-04 17:00:00,447.68643
2019-01-04 17:15:00,279.92728
2019-01-04 17:30:00,277.19055
2019-01-04 17:45:00,87.71298
2019-01-04 18:00:00,63.87709
2019-01-04 18:15:00,6.8128977
2019-01-04 18:30:00,10.263989
2019-01-04 18:45:00,5.4371443
2019-01-04 19:00:00,0.0
2019-01-04 19:15:00,0.0
2019-01-04 19:30:00,0.0
2019-01-04 19:45:00,0.0
2019-01-04 20:00:00,0.035439104
2019-01-04 20:15:00,0.0751656
2019-01-04 20:30:00,0.098797984
2019-01-04 20:45:00,0.11328311
2019-01-04 21:00:00,0.12244816
2019-01-04 21:15:00,0.12842569
2019-01-04 21:30:00,0.13243367
2019-01-04 21:45:00,0.13518715
2019-01-04 22:00:00,0.13711794
2019-01-04 22:15:00,0.1384933
2019-01-04 22:30:00,0.13948412
2019-01-04 22:45:00,0.1402
2019-01-04 23:00:00,0.14071389
2019-01-04 23:15:00,0.14107469
2019-01-04 23:30:00,0.23540461
2019-01-04 23:45:00,0.40144727
2019-01-05 00:00:00,0.4563652
2019-01-05 00:15:00,0.40143728
2019-01-05 00:30:00,0.23537491
2019-01-05 00:45:00,0.14107469
2019-01-05 01:00:00,0.14071389
2019-01-05 01:15:00,0.1402
2019-01-05 01:30:00,0.13948412
2019-01-05 01:45:00,0.1384933
2019-01-05 02:00:00,0.13711794
2019-01-05 02:15:00,0.13518715
2019-01-05 02:30:00,0.13243367
2019-01-05 02:45:00,0.12842569
2019-01-05 03:00:00,0.12244816
2019-01-05 03:15:00,0.11328311
2019-01-05 03:30:00,0.098797984
2019-01-05 03:45:00,0.0751656
2019-01-05 04:00:00,0.035439104
2019-01-05 04:15:00,0.0
2019-01-05 04:30:00,0.0
2019-01-05 04:45:00,0.0
2019-01-05 05:00:00,0.0
2019-01-05 05:15:00,5.4371443
2019-01-05 05:30:00,9.177975
2019-01-05 05:45:00,5.964107
2019-01-05 06:00:00,0.0
2019-01-05 06:15:00,3.5557804
2019-01-05 06:30:00,6.249977
2019-01-05 06:45:00,-0.50601506
2019-01-05 07:00:00,7.2931223
2019-01-05 07:15:00,9.928454
2019-01-05 07:30:00,11.881053
2019-01-05 07:45:00,18.665932
2019-01-05 08:00:00,24.82338
2019-01-05 08:15:00,35.9675
2019-01-05 08:30:00,62.096924
2019-01-05 08:45:00,135.83293
2019-01-05 09:00:00,156.57831
2019-01-05 09:15:00,245.2857
2019-01-05 09:30:00,262.1962
2019-01-05 09:45:00,377.01947
2019-01-05 10:00:00,384.78943
2019-01-05 10:15:00,636.8036
2019-01-05 10:30:00,635.75464
2019-01-05 10:45:00,961.399
2019-01-05 11:00:00,955.461
2019-01-05 11:15:00,1029.137
2019-01-05 11:30:00,1024.7914
2019-01-05 11:45:00,1080.172
2019-01-05 12:00:00,1079.1936
2019-01-05 12:15:00,1083.594
2019-01-05 12:30:00,1086.4893
2019-01-05 12:45:00,1229.7036
2019-01-05 13:00:00,1236.86
2019-01-05 13:15:00,1259.2734
2019-01-05 13:30:00,1266.6442
2019-01-05 13:45:00,1246.6873
2019-01-05 14:00:00,1225.8488
2019-01-05 14:15:00,1304.8705
2019-01-05 14:30:00,1388.8732
2019-01-05 14:45:00,1446.2958
2019-01-05 15:00:00,1543.3287
2019-01-05 15:15:00,1290.6102
2019-01-05 15:30:00,1398.9941
2019-01-05 15:45:00,947.96
2019-01-05 16:00:00,1094.106
2019-01-05 16:15:00,726.651
2019-01-05 16:30:00,768.1703
2019-01-05 16:45:00,545.97
2019-01-05 17:00:00,535.1931
2019-01-05 17:15:00,332.37344
2019-01-05 17:30:00,319.9301
2019-01-05 17:45:00,82.7537
2019-01-05 18:00:00,59.88683
2019-01-05 18:15:00,6.8128977
2019-01-05 18:30:00,10.263989
2019-01-05 18:45:00,5.4371443
2019-01-05 19:00:00,0.0
2019-01-05 19:15:00,0.0
2019-01-05 19:30:00,0.0
2019-01-05 19:45:00,0.0
2019-01-05 20:00:00,0.035439104
2019-01-05 20:15:00,0.0751656
2019-01-05 20:30:00,0.098797984
2019-01-05 20:45:00,0.11328311
2019-01-05 21:00:00,0.12244816
2019-01-05 21:15:00,0.12842569
2019-01-05 21:30:00,0.13243367
2019-01-05 21:45:00,0.13518715
2019-01-05 22:00:00,0.13711794
2019-01-05 22:15:00,0.1384933
2019-01-05 22:30:00,0.13948412
2019-01-05 22:45:00,0.1402
2019-01-05 23:00:00,0.14071389
2019-01-05 23:15:00,0.14107469
2019-01-05 23:30:00,0.23540461
2019-01-05 23:45:00,0.40144727
2019-01-06 00:00:00,0.4563652
2019-01-06 00:15:00,0.40143728
2019-01-06 00:30:00,0.23537491
2019-01-06 00:45:00,0.14107469
2019-01-06 01:00:00,0.14071389
2019-01-06 01:15:00,0.1402
2019-01-06 01:30:00,0.13948412
2019-01-06 01:45:00,0.1384933
2019-01-06 02:00:00,0.13711794
2019-01-06 02:15:00,0.13518715
2019-01-06 02:30:00,0.13243367
2019-01-06 02:45:00,0.12842569
2019-01-06 03:00:00,0.12244816
2019-01-06 03:15:00,0.11328311
2019-01-06 03:30:00,0.098797984
2019-01-06 03:45:00,0.0751656
2019-01-06 04:00:00,0.035439104
2019-01-06 04:15:00,0.0
2019-01-06 04:30:00,0.0
2019-01-06 04:45:00,0.0
2019-01-06 05:00:00,0.0
2019-01-06 05:15:00,5.4371443
2019-01-06 05:30:00,9.177975
2019-01-06 05:45:00,5.964107
2019-01-06 06:00:00,0.0
2019-01-06 06:15:00,3.5557804
2019-01-06 06:30:00,6.249977
2019-01-06 06:45:00,-0.50601506
2019-01-06 07:00:00,7.2931223
2019-01-06 07:15:00,9.928454
2019-01-06 07:30:00,11.881053
2019-01-06 07:45:00,18.665932
2019-01-06 08:00:00,24.82338
2019-01-06 08:15:00,35.9675
2019-01-06 08:30:00,62.096924
2019-01-06 08:45:00,156.08861
2019-01-06 09:00:00,177.5204
2019-01-06 09:15:00,376.3313
2019-01-06 09:30:00,394.3426
2019-01-06 09:45:00,680.4969
2019-01-06 10:00:00,684.84564
2019-01-06 10:15:00,981.9549
2019-01-06 10:30:00,977.73157
2019-01-06 10:45:00,1248.5459
2019-01-06 11:00:00,1240.3877
2019-01-06 11:15:00,1524.9373
2019-01-06 11:30:00,1507.4272
2019-01-06 11:45:00,1848.2091
2019-01-06 12:00:00,1844.9823
2019-01-06 12:15:00,2048.0522
2019-01-06 12:30:00,2051.2969
2019-01-06 12:45:00,2136.0015
2019-01-06 13:00:00,2139.351
2019-01-06 13:15:00,2160.2246
2019-01-06 13:30:00,2159.7568
2019-01-06 13:45:00,2136.2212
2019-01-06 14:00:00,2125.4158
2019-01-06 14:15:00,2057.1
2019-01-06 14:30:00,2041.5637
2019-01-06 14:45:00,1948.3384
2019-01-06 15:00:00,1921.1399
2019-01-06 15:15:00,1798.834
2019-01-06 15:30:00,1694.5626
2019-01-06 15:45:00,1552.3523
2019-01-06 16:00:00,1370.035
2019-01-06 16:15:00,1192.2659
2019-01-06 16:30:00,1001.6387
2019-01-06 16:45:00,744.16016
2019-01-06 17:00:00,659.78827
2019-01-06 17:15:00,396.16946
2019-01-06 17:30:00,360.05188
2019-01-06 17:45:00,123.93803
2019-01-06 18:00:00,96.233154
2019-01-06 18:15:00,8.013685
2019-01-06 18:30:00,11.8494
2019-01-06 18:45:00,5.4371443
2019-01-06 19:00:00,0.0
2019-01-06 19:15:00,0.0
2019-01-06 19:30:00,0.0
2019-01-06 19:45:00,0.0
2019-01-06 20:00:00,0.035439104
2019-01-06 20:15:00,0.0751656
2019-01-06 20:30:00,0.098797984
2019-01-06 20:45:00,0.11328311
2019-01-06 21:00:00,0.12244816
2019-01-06 21:15:00,0.12842569
2019-01-06 21:30:00,0.13243367
2019-01-06 21:45:00,0.13518715
2019-01-06 22:00:00,0.13711794
2019-01-06 22:15:00,0.1384933
2019-01-06 22:30:00,0.13948412
2019-01-06 22:45:00,0.1402
2019-01-06 23:00:00,0.14071389
2019-01-06 23:15:00,0.14107469
2019-01-06 23:30:00,0.23540461
2019-01-06 23:45:00,0.40144727
2019-01-07 00:00:00,0.4563652
2019-01-07 00:15:00,0.40143728
2019-01-07 00:30:00,0.23537491
2019-01-07 00:45:00,0.14107469
2019-01-07 01:00:00,0.14071389
2019-01-07 01:15:00,0.1402
2019-01-07 01:30:00,0.13948412
2019-01-07 01:45:00,0.1384933
2019-01-07 02:00:00,0.13711794
2019-01-07 02:15:00,0.13518715
2019-01-07 02:30:00,0.13243367
2019-01-07 02:45:00,0.12842569
2019-01-07 03:00:00,0.12244816
2019-01-07 03:15:00,0.11328311
2019-01-07 03:30:00,0.098797984
2019-01-07 03:45:00,0.0751656
2019-01-07 04:00:00,0.035439104
2019-01-07 04:15:00,0.0
2019-01-07 04:30:00,0.0
2019-01-07 04:45:00,0.0
2019-01-07 05:00:00,0.0
2019-01-07 05:15:00,5.4371443
2019-01-07 05:30:00,9.177975
2019-01-07 05:45:00,5.964107
2019-01-07 06:00:00,0.0
2019-01-07 06:15:00,3.5557804
2019-01-07 06:30:00,6.249977
2019-01-07 06:45:00,-0.50601506
2019-01-07 07:00:00,7.2931223
2019-01-07 07:15:00,9.928454
2019-01-07 07:30:00,11.881053
2019-01-07 07:45:00,18.665932
2019-01-07 08:00:00,24.82338
2019-01-07 08:15:00,34.999695
2019-01-07 08:30:00,60.90871
2019-01-07 08:45:00,147.30194
2019-01-07 09:00:00,168.42435
2019-01-07 09:15:00,334.94382
2019-01-07 09:30:00,352.51855
2019-01-07 09:45:00,673.90826
2019-01-07 10:00:00,678.26227
2019-01-07 10:15:00,1013.2737
2019-01-07 10:30:00,1009.1238
2019-01-07 10:45:00,1277.2108
2019-01-07 11:00:00,1268.7031
2019-01-07 11:15:00,1537.9387
2019-01-07 11:30:00,1520.183
2019-01-07 11:45:00,1836.8967
2019-01-07 12:00:00,1833.5542
2019-01-07 12:15:00,1926.4185
2019-01-07 12:30:00,1932.5027
2019-01-07 12:45:00,2109.1536
2019-01-07 13:00:00,2113.2607
2019-01-07 13:15:00,2144.6353
2019-01-07 13:30:00,2144.954
2019-01-07 13:45:00,1840.6547
2019-01-07 14:00:00,1861.5055
2019-01-07 14:15:00,1142.4209
2019-01-07 14:30:00,1116.2784
2019-01-07 14:45:00,1669.075
2019-01-07 15:00:00,1716.5637
2019-01-07 15:15:00,1492.154
2019-01-07 15:30:00,1544.6721
2019-01-07 15:45:00,1020.7588
2019-01-07 16:00:00,1141.6149
2019-01-07 16:15:00,813.5017
2019-01-07 16:30:00,855.3218
2019-01-07 16:45:00,562.63763
2019-01-07 17:00:00,548.25934
2019-01-07 17:15:00,259.3193
2019-01-07 17:30:00,262.09018
2019-01-07 17:45:00,95.09808
2019-01-07 18:00:00,69.7967
2019-01-07 18:15:00,7.2227116
2019-01-07 18:30:00,10.798216
2019-01-07 18:45:00,5.4371443
2019-01-07 19:00:00,0.0
2019-01-07 19:15:00,0.0
2019-01-07 19:30:00,0.0
2019-01-07 19:45:00,0.0
2019-01-07 20:00:00,0.035439104
2019-01-07 20:15:00,0.0751656
2019-01-07 20:30:00,0.098797984
2019-01-07 20:45:00,0.11328311
2019-01-07 21:00:00,0.12244816
2019-01-07 21:15:00,0.12842569
2019-01-07 21:30:00,0.13243367
2019-01-07 21:45:00,0.13518715
2019-01-07 22:00:00,0.13711794
2019-01-07 22:15:00,0.1384933
2019-01-07 22:30:00,0.13948412
2019-01-07 22:45:00,0.1402
2019-01-07 23:00:00,0.14071389
2019-01-07 23:15:00,0.14107469
2019-01-07 23:30:00,0.23540461
2019-01-07 23:45:00,0.40144727
2019-01-08 00:00:00,0.4563652
2019-01-08 00:15:00,0.40143728
2019-01-08 00:30:00,0.23537491
2019-01-08 00:45:00,0.14107469
2019-01-08 01:00:00,0.14071389
2019-01-08 01:15:00,0.1402
2019-01-08 01:30:00,0.13948412
2019-01-08 01:45:00,0.1384933
2019-01-08 02:00:00,0.13711794
2019-01-08 02:15:00,0.13518715
2019-01-08 02:30:00,0.13243367
2019-01-08 02:45:00,0.12842569
2019-01-08 03:00:00,0.12244816
2019-01-08 03:15:00,0.11328311
2019-01-08 03:30:00,0.098797984
2019-01-08 03:45:00,0.0751656
2019-01-08 04:00:00,0.035439104
2019-01-08 04:15:00,0.0
2019-01-08 04:30:00,0.0
2019-01-08 04:45:00,0.0
2019-01-08 05:00:00,0.0
2019-01-08 05:15:00,5.4371443
2019-01-08 05:30:00,9.177975
2019-01-08 05:45:00,5.964107
2019-01-08 06:00:00,0.0
2019-01-08 06:15:00,3.5557804
2019-01-08 06:30:00,6.249977
2019-01-08 06:45:00,-0.50601506
2019-01-08 07:00:00,7.2931223
2019-01-08 07:15:00,9.928454
2019-01-08 07:30:00,11.881053
2019-01-08 07:45:00,18.665932
2019-01-08 08:00:00,24.82338
2019-01-08 08:15:00,34.036777
2019-01-08 08:30:00,59.72444
2019-01-08 08:45:00,126.03053
2019-01-08 09:00:00,146.47447
2019-01-08 09:15:00,212.07596
2019-01-08 09:30:00,223.7796
2019-01-08 09:45:00,324.99677
2019-01-08 10:00:00,333.50842
2019-01-08 10:15:00,441.37872
2019-01-08 10:30:00,443.9512
2019-01-08 10:45:00,699.50775
2019-01-08 11:00:00,696.5232
2019-01-08 11:15:00,977.6503
2019-01-08 11:30:00,973.57117
2019-01-08 11:45:00,1193.3201
2019-01-08 12:00:00,1192.2125
2019-01-08 12:15:00,1618.3955
2019-01-08 12:30:00,1630.1055
2019-01-08 12:45:00,1974.8986
2019-01-08 13:00:00,1981.8342
2019-01-08 13:15:00,2020.4507
2019-01-08 13:30:00,2027.172
2019-01-08 13:45:00,1184.018
2019-01-08 14:00:00,1173.2322
2019-01-08 14:15:00,783.894
2019-01-08 14:30:00,765.61035
2019-01-08 14:45:00,836.2871
2019-01-08 15:00:00,830.3828
2019-01-08 15:15:00,939.6331
2019-01-08 15:30:00,1108.6781
2019-01-08 15:45:00,883.22784
2019-01-08 16:00:00,1050.0613
2019-01-08 16:15:00,997.3572
2019-01-08 16:30:00,957.9724
2019-01-08 16:45:00,545.97
2019-01-08 17:00:00,535.1931
2019-01-08 17:15:00,259.3193
2019-01-08 17:30:00,262.09018
2019-01-08 17:45:00,85.23688
2019-01-08 18:00:00,61.886246
2019-01-08 18:15:00,7.2227116
2019-01-08 18:30:00,10.798216
2019-01-08 18:45:00,5.4371443
2019-01-08 19:00:00,0.0
2019-01-08 19:15:00,0.0
2019-01-08 19:30:00,0.0
2019-01-08 19:45:00,0.0
2019-01-08 20:00:00,0.035439104
2019-01-08 20:15:00,0.0751656
2019-01-08 20:30:00,0.098797984
2019-01-08 20:45:00,0.11328311
2019-01-08 21:00:00,0.12244816
2019-01-08 21:15:00,0.12842569
2019-01-08 21:30:00,0.13243367
2019-01-08 21:45:00,0.13518715
2019-01-08 22:00:00,0.13711794
2019-01-08 22:15:00,0.1384933
2019-01-08 22:30:00,0.13948412
2019-01-08 22:45:00,0.1402
2019-01-08 23:00:00,0.14071389
2019-01-08 23:15:00,0.14107469
2019-01-08 23:30:00,0.23540461
2019-01-08 23:45:00,0.40144727
2019-01-09 00:00:00,0.4563652
2019-01-09 00:15:00,0.40143728
2019-01-09 00:30:00,0.23537491
2019-01-09 00:45:00,0.14107469
2019-01-09 01:00:00,0.14071389
2019-01-09 01:15:00,0.1402
2019-01-09 01:30:00,0.13948412
2019-01-09 01:45:00,0.1384933
2019-01-09 02:00:00,0.13711794
2019-01-09 02:15:00,0.13518715
2019-01-09 02:30:00,0.13243367
2019-01-09 02:45:00,0.12842569
2019-01-09 03:00:00,0.12244816
2019-01-09 03:15:00,0.11328311
2019-01-09 03:30:00,0.098797984
2019-01-09 03:45:00,0.0751656
2019-01-09 04:00:00,0.035439104
2019-01-09 04:15:00,0.0
2019-01-09 04:30:00,0.0
2019-01-09 04:45:00,0.0
2019-01-09 05:00:00,0.0
2019-01-09 05:15:00,5.4371443
2019-01-09 05:30:00,9.177975
2019-01-09 05:45:00,5.964107
2019-01-09 06:00:00,0.0
2019-01-09 06:15:00,3.5557804
2019-01-09 06:30:00,6.249977
2019-01-09 06:45:00,-0.50601506
2019-01-09 07:00:00,7.2931223
2019-01-09 07:15:00,9.928454
2019-01-09 07:30:00,11.881053
2019-01-09 07:45:00,18.665932
2019-01-09 08:00:00,24.82338
2019-01-09 08:15:00,34.036777
2019-01-09 08:30:00,59.72444
2019-01-09 08:45:00,160.54083
2019-01-09 09:00:00,182.13698
2019-01-09 09:15:00,411.42264
2019-01-09 09:30:00,429.94098
2019-01-09 09:45:00,736.9967
2019-01-09 10:00:00,741.55444
2019-01-09 10:15:00,1048.0615
2019-01-09 10:30:00,1044.0454
2019-01-09 10:45:00,1316.8921
2019-01-09 11:00:00,1307.9282
2019-01-09 11:15:00,1557.508
2019-01-09 11:30:00,1539.4089
2019-01-09 11:45:00,1676.5532
2019-01-09 12:00:00,1672.5308
2019-01-09 12:15:00,1657.19
2019-01-09 12:30:00,1669.0562
2019-01-09 12:45:00,1675.0924
2019-01-09 13:00:00,1698.4731
2019-01-09 13:15:00,1399.2372
2019-01-09 13:30:00,1425.7792
2019-01-09 13:45:00,1166.5387
2019-01-09 14:00:00,1157.4889
2019-01-09 14:15:00,1015.42865
2019-01-09 14:30:00,950.2217
2019-01-09 14:45:00,826.8108
2019-01-09 15:00:00,808.65576
2019-01-09 15:15:00,820.6412
2019-01-09 15:30:00,901.48645
2019-01-09 15:45:00,749.5426
2019-01-09 16:00:00,852.10205
2019-01-09 16:15:00,573.0613
2019-01-09 16:30:00,639.4855
2019-01-09 16:45:00,471.87756
2019-01-09 17:00:00,474.135
2019-01-09 17:15:00,338.62836
2019-01-09 17:30:00,324.71994
2019-01-09 17:45:00,133.2757
2019-01-09 18:00:00,105.80264
2019-01-09 18:15:00,8.767376
2019-01-09 18:30:00,12.87788
2019-01-09 18:45:00,5.4371443
2019-01-09 19:00:00,0.0
2019-01-09 19:15:00,0.0
2019-01-09 19:30:00,0.0
2019-01-09 19:45:00,0.0
2019-01-09 20:00:00,0.035439104
2019-01-09 20:15:00,0.0751656
2019-01-09 20:30:00,0.098797984
2019-01-09 20:45:00,0.11328311
2019-01-09 21:00:00,0.12244816
2019-01-09 21:15:00,0.12842569
2019-01-09 21:30:00,0.13243367
2019-01-09 21:45:00,0.13518715
2019-01-09 22:00:00,0.13711794
2019-01-09 22:15:00,0.1384933
2019-01-09 22:30:00,0.13948412
2019-01-09 22:45:00,0.1402
2019-01-09 23:00:00,0.14071389
2019-01-09 23:15:00,0.14107469
2019-01-09 23:30:00,0.23540461
2019-01-09 23:45:00,0.40144727
2019-01-10 00:00:00,0.4563652
2019-01-10 00:15:00,0.40143728
2019-01-10 00:30:00,0.23537491
2019-01-10 00:45:00,0.14107469
2019-01-10 01:00:00,0.14071389
2019-01-10 01:15:00,0.1402
2019-01-10 01:30:00,0.13948412
2019-01-10 01:45:00,0.1384933
2019-01-10 02:00:00,0.13711794
2019-01-10 02:15:00,0.13518715
2019-01-10 02:30:00,0.13243367
2019-01-10 02:45:00,0.12842569
2019-01-10 03:00:00,0.12244816
2019-01-10 03:15:00,0.11328311
2019-01-10 03:30:00,0.098797984
2019-01-10 03:45:00,0.0751656
2019-01-10 04:00:00,0.035439104
2019-01-10 04:15:00,0.0
2019-01-10 04:30:00,0.0
2019-01-10 04:45:00,0.0
2019-01-10 05:00:00,0.0
2019-01-10 05:15:00,5.4371443
2019-01-10 05:30:00,9.177975
2019-01-10 05:45:00,5.964107
2019-01-10 06:00:00,0.0
2019-01-10 06:15:00,3.5557804
2019-01-10 06:30:00,6.249977
2019-01-10 06:45:00,-0.50601506
2019-01-10 07:00:00,7.2931223
2019-01-10 07:15:00,9.928454
2019-01-10 07:30:00,11.881053
2019-01-10 07:45:00,18.665932
2019-01-10 08:00:00,24.82338
2019-01-10 08:15:00,36.940186
2019-01-10 08:30:00,63.28854
2019-01-10 08:45:00,147.30194
2019-01-10 09:00:00,168.42435
2019-01-10 09:15:00,293.30167
2019-01-10 09:30:00,310.54236
2019-01-10 09:45:00,574.2565
2019-01-10 10:00:00,579.25995
2019-01-10 10:15:00,1016.75287
2019-01-10 10:30:00,1012.6142
2019-01-10 10:45:00,1306.0455
2019-01-10 11:00:00,1297.1968
2019-01-10 11:15:00,1473.3977
2019-01-10 11:30:00,1456.9595
2019-01-10 11:45:00,1727.7471
2019-01-10 12:00:00,1723.7592
2019-01-10 12:15:00,2096.499
2019-01-10 12:30:00,2099.1084
2019-01-10 12:45:00,2179.039
2019-01-10 13:00:00,2181.235
2019-01-10 13:15:00,2196.4531
2019-01-10 13:30:00,2194.294
2019-01-10 13:45:00,1993.2767
2019-01-10 14:00:00,1999.031
2019-01-10 14:15:00,1713.9906
2019-01-10 14:30:00,1761.2083
2019-01-10 14:45:00,1623.396
2019-01-10 15:00:00,1681.5416
2019-01-10 15:15:00,1620.7678
2019-01-10 15:30:00,1634.9568
2019-01-10 15:45:00,1305.6294
2019-01-10 16:00:00,1312.8771
2019-01-10 16:15:00,972.4772
2019-01-10 16:30:00,944.94434
2019-01-10 16:45:00,519.9421
2019-01-10 17:00:00,514.66455
2019-01-10 17:15:00,341.72824
2019-01-10 17:30:00,327.05536
2019-01-10 17:45:00,109.66458
2019-01-10 18:00:00,81.68741
2019-01-10 18:15:00,8.395108
2019-01-10 18:30:00,12.366449
2019-01-10 18:45:00,5.4371443
2019-01-10 19:00:00,0.0
2019-01-10 19:15:00,0.0
2019-01-10 19:30:00,0.0
2019-01-10 19:45:00,0.0
2019-01-10 20:00:00,0.035439104
2019-01-10 20:15:00,0.0751656
2019-01-10 20:30:00,0.098797984
2019-01-10 20:45:00,0.11328311
2019-01-10 21:00:00,0.12244816
2019-01-10 21:15:00,0.12842569
2019-01-10 21:30:00,0.13243367
2019-01-10 21:45:00,0.13518715
2019-01-10 22:00:00,0.13711794
2019-01-10 22:15:00,0.1384933
2019-01-10 22:30:00,0.13948412
2019-01-10 22:45:00,0.1402
2019-01-10 23:00:00,0.14071389
2019-01-10 23:15:00,0.14107469
2019-01-10 23:30:00,0.23540461
2019-01-10 23:45:00,0.40144727
2019-01-11 00:00:00,0.4563652
2019-01-11 00:15:00,0.40143728
2019-01-11 00:30:00,0.23537491
2019-01-11 00:45:00,0.14107469
2019-01-11 01:00:00,0.14071389
2019-01-11 01:15:00,0.1402
2019-01-11 01:30:00,0.13948412
2019-01-11 01:45:00,0.1384933
2019-01-11 02:00:00,0.13711794
2019-01-11 02:15:00,0.13518715
2019-01-11 02:30:00,0.13243367
2019-01-11 02:45:00,0.12842569
2019-01-11 03:00:00,0.12244816
2019-01-11 03:15:00,0.11328311
2019-01-11 03:30:00,0.098797984
2019-01-11 03:45:00,0.0751656
2019-01-11 04:00:00,0.035439104
2019-01-11 04:15:00,0.0
2019-01-11 04:30:00,0.0
2019-01-11 04:45:00,0.0
2019-01-11 05:00:00,0.0
2019-01-11 05:15:00,5.4371443
2019-01-11 05:30:00,9.177975
2019-01-11 05:45:00,5.964107
2019-01-11 06:00:00,0.0
2019-01-11 06:15:00,3.5557804
2019-01-11 06:30:00,6.249977
2019-01-11 06:45:00,-0.50601506
2019-01-11 07:00:00,7.2931223
2019-01-11 07:15:00,9.928454
2019-01-11 07:30:00,11.881053
2019-01-11 07:45:00,18.665932
2019-01-11 08:00:00,24.82338
2019-01-11 08:15:00,36.940186
2019-01-11 08:30:00,63.28854
2019-01-11 08:45:00,133.01022
2019-01-11 09:00:00,153.6664
2019-01-11 09:15:00,221.81389
2019-01-11 09:30:00,236.28108
2019-01-11 09:45:00,299.2734
2019-01-11 10:00:00,308.1244
2019-01-11 10:15:00,372.786
2019-01-11 10:30:00,376.5749
2019-01-11 10:45:00,482.038
2019-01-11 11:00:00,482.3385
2019-01-11 11:15:00,865.6668
2019-01-11 11:30:00,862.2848
2019-01-11 11:45:00,1179.5708
2019-01-11 12:00:00,1178.4816
2019-01-11 12:15:00,1471.9816
2019-01-11 12:30:00,1482.0767
2019-01-11 12:45:00,1940.3962
2019-01-11 13:00:00,1948.1489
2019-01-11 13:15:00,2136.5547
2019-01-11 13:30:00,2137.294
2019-01-11 13:45:00,2150.0718
2019-01-11 14:00:00,2137.556
2019-01-11 14:15:00,2043.3806
2019-01-11 14:30:00,2029.8451
2019-01-11 14:45:00,1891.6472
2019-01-11 15:00:00,1885.898
2019-01-11 15:15:00,1809.0405
2019-01-11 15:30:00,1684.1587
2019-01-11 15:45:00,1512.4634
2019-01-11 16:00:00,1387.7908
2019-01-11 16:15:00,1143.3218
2019-01-11 16:30:00,1006.69995
2019-01-11 16:45:00,715.672
2019-01-11 17:00:00,645.6864
2019-01-11 17:15:00,386.56512
2019-01-11 17:30:00,355.14377
2019-01-11 17:45:00,130.95546
2019-01-11 18:00:00,103.41586
2019-01-11 18:15:00,8.767376
2019-01-11 18:30:00,12.87788
2019-01-11 18:45:00,5.4371443
2019-01-11 19:00:00,0.0
2019-01-11 19:15:00,0.0
2019-01-11 19:30:00,0.0
2019-01-11 19:45:00,0.0
2019-01-11 20:00:00,0.035439104
2019-01-11 20:15:00,0.0751656
2019-01-11 20:30:00,0.098797984
2019-01-11 20:45:00,0.11328311
2019-01-11 21:00:00,0.12244816
2019-01-11 21:15:00,0.12842569
2019-01-11 21:30:00,0.13243367
2019-01-11 21:45:00,0.13518715
2019-01-11 22:00:00,0.13711794
2019-01-11 22:15:00,0.1384933
2019-01-11 22:30:00,0.13948412
2019-01-11 22:45:00,0.1402
2019-01-11 23:00:00,0.14071389
2019-01-11 23:15:00,0.14107469
2019-01-11 23:30:00,0.23540461
2019-01-11 23:45:00,0.40144727
2019-01-12 00:00:00,0.4563652
2019-01-12 00:15:00,0.40143728
2019-01-12 00:30:00,0.23537491
2019-01-12 00:45:00,0.14107469
2019-01-12 01:00:00,0.14071389
2019-01-12 01:15:00,0.1402
2019-01-12 01:30:00,0.13948412
2019-01-12 01:45:00,0.1384933
2019-01-12 02:00:00,0.13711794
2019-01-12 02:15:00,0.13518715
2019-01-12 02:30:00,0.13243367
2019-01-12 02:45:00,0.12842569
2019-01-12 03:00:00,0.12244816
2019-01-12 03:15:00,0.11328311
2019-01-12 03:30:00,0.098797984
2019-01-12 03:45:00,0.0751656
2019-01-12 04:00:00,0.035439104
2019-01-12 04:15:00,0.0
2019-01-12 04:30:00,0.0
2019-01-12 04:45:00,0.0
2019-01-12 05:00:00,0.0
2019-01-12 05:15:00,5.4371443
2019-01-12 05:30:00,9.177975
2019-01-12 05:45:00,5.964107
2019-01-12 06:00:00,0.0
2019-01-12 06:15:00,3.5557804
2019-01-12 06:30:00,6.249977
2019-01-12 06:45:00,-0.50601506
2019-01-12 07:00:00,7.2931223
2019-01-12 07:15:00,9.928454
2019-01-12 07:30:00,11.881053
2019-01-12 07:45:00,18.665932
2019-01-12 08:00:00,24.82338
2019-01-12 08:15:00,35.9675
2019-01-12 08:30:00,62.096924
2019-01-12 08:45:00,148.75558
2019-01-12 09:00:00,169.9277
2019-01-12 09:15:00,319.96683
2019-01-12 09:30:00,337.41187
2019-01-12 09:45:00,457.98474
2019-01-12 10:00:00,464.53592
2019-01-12 10:15:00,863.8361
2019-01-12 10:30:00,859.88336
2019-01-12 10:45:00,1139.0293
2019-01-12 11:00:00,1131.9283
2019-01-12 11:15:00,1115.2864
2019-01-12 11:30:00,1110.525
2019-01-12 11:45:00,1262.3463
2019-01-12 12:00:00,1261.1334
2019-01-12 12:15:00,1349.6498
2019-01-12 12:30:00,1353.761
2019-01-12 12:45:00,1229.7036
2019-01-12 13:00:00,1236.86
2019-01-12 13:15:00,1701.2909
2019-01-12 13:30:00,1710.6729
2019-01-12 13:45:00,1294.0325
2019-01-12 14:00:00,1259.4048
2019-01-12 14:15:00,693.7173
2019-01-12 14:30:00,680.2831
2019-01-12 14:45:00,769.4134
2019-01-12 15:00:00,666.01874
2019-01-12 15:15:00,678.57275
2019-01-12 15:30:00,743.00793
2019-01-12 15:45:00,665.46484
2019-01-12 16:00:00,771.322
2019-01-12 16:15:00,674.98016
2019-01-12 16:30:00,723.81647
2019-01-12 16:45:00,413.0055
2019-01-12 17:00:00,422.8874
2019-01-12 17:15:00,290.05737
2019-01-12 17:30:00,285.50385
2019-01-12 17:45:00,99.98447
2019-01-12 18:00:00,73.698074
2019-01-12 18:15:00,7.2227116
2019-01-12 18:30:00,10.798216
2019-01-12 18:45:00,5.4371443
2019-01-12 19:00:00,0.0
2019-01-12 19:15:00,0.0
2019-01-12 19:30:00,0.0
2019-01-12 19:45:00,0.0
2019-01-12 20:00:00,0.035439104
2019-01-12 20:15:00,0.0751656
2019-01-12 20:30:00,0.098797984
2019-01-12 20:45:00,0.11328311
2019-01-12 21:00:00,0.12244816
2019-01-12 21:15:00,0.12842569
2019-01-12 21:30:00,0.13243367
2019-01-12 21:45:00,0.13518715
2019-01-12 22:00:00,0.13711794
2019-01-12 22:15:00,0.1384933
2019-01-12 22:30:00,0.13948412
2019-01-12 22:45:00,0.1402
2019-01-12 23:00:00,0.14071389
2019-01-12 23:15:00,0.14107469
2019-01-12 23:30:00,0.23540461
2019-01-12 23:45:00,0.40144727
2019-01-13 00:00:00,0.4563652
2019-01-13 00:15:00,0.40143728
2019-01-13 00:30:00,0.23537491
2019-01-13 00:45:00,0.14107469
2019-01-13 01:00:00,0.14071389
2019-01-13 01:15:00,0.1402
2019-01-13 01:30:00,0.13948412
2019-01-13 01:45:00,0.1384933
2019-01-13 02:00:00,0.13711794
2019-01-13 02:15:00,0.13518715
2019-01-13 02:30:00,0.13243367
2019-01-13 02:45:00,0.12842569
2019-01-13 03:00:00,0.12244816
2019-01-13 03:15:00,0.11328311
2019-01-13 03:30:00,0.098797984
2019-01-13 03:45:00,0.0751656
2019-01-13 04:00:00,0.035439104
2019-01-13 04:15:00,0.0
2019-01-13 04:30:00,0.0
2019-01-13 04:45:00,0.0
2019-01-13 05:00:00,0.0
2019-01-13 05:15:00,5.4371443
2019-01-13 05:30:00,9.177975
2019-01-13 05:45:00,5.964107
2019-01-13 06:00:00,0.0
2019-01-13 06:15:00,3.5557804
2019-01-13 06:30:00,6.249977
2019-01-13 06:45:00,-0.50601506
2019-01-13 07:00:00,7.2931223
2019-01-13 07:15:00,9.928454
2019-01-13 07:30:00,11.881053
2019-01-13 07:45:00,18.665932
2019-01-13 08:00:00,24.82338
2019-01-13 08:15:00,35.9675
2019-01-13 08:30:00,62.096924
2019-01-13 08:45:00,159.05244
2019-01-13 09:00:00,180.59299
2019-01-13 09:15:00,371.0455
2019-01-13 09:30:00,388.99335
2019-01-13 09:45:00,650.9755
2019-01-13 10:00:00,655.3925
2019-01-13 10:15:00,1013.2737
2019-01-13 10:30:00,1009.1238
2019-01-13 10:45:00,1288.006
2019-01-13 11:00:00,1279.3676
2019-01-13 11:15:00,1609.9067
2019-01-13 11:30:00,1591.1045
2019-01-13 11:45:00,1916.6761
2019-01-13 12:00:00,1914.2711
2019-01-13 12:15:00,2086.5955
2019-01-13 12:30:00,2089.33
2019-01-13 12:45:00,2168.7815
2019-01-13 13:00:00,2171.234
2019-01-13 13:15:00,2194.1384
2019-01-13 13:30:00,2192.082
2019-01-13 13:45:00,2169.7383
2019-01-13 14:00:00,2154.8616
2019-01-13 14:15:00,2092.009
2019-01-13 14:30:00,2073.5676
2019-01-13 14:45:00,1982.031
2019-01-13 15:00:00,1935.0046
2019-01-13 15:15:00,1821.9617
2019-01-13 15:30:00,1666.4961
2019-01-13 15:45:00,1559.85
2019-01-13 16:00:00,1352.3274
2019-01-13 16:15:00,1216.0999
2019-01-13 16:30:00,1004.5117
2019-01-13 16:45:00,787.7011
2019-01-13 17:00:00,685.8263
2019-01-13 17:15:00,442.39563
2019-01-13 17:30:00,394.27603
2019-01-13 17:45:00,151.46117
2019-01-13 18:00:00,124.92134
2019-01-13 18:15:00,9.484997
2019-01-13 18:30:00,13.883786
2019-01-13 18:45:00,5.4371443
2019-01-13 19:00:00,0.0
2019-01-13 19:15:00,0.0
2019-01-13 19:30:00,0.0
2019-01-13 19:45:00,0.0
2019-01-13 20:00:00,0.035439104
2019-01-13 20:15:00,0.0751656
2019-01-13 20:30:00,0.098797984
2019-01-13 20:45:00,0.11328311
2019-01-13 21:00:00,0.12244816
2019-01-13 21:15:00,0.12842569
2019-01-13 21:30:00,0.13243367
2019-01-13 21:45:00,0.13518715
2019-01-13 22:00:00,0.13711794
2019-01-13 22:15:00,0.1384933
2019-01-13 22:30:00,0.13948412
2019-01-13 22:45:00,0.1402
2019-01-13 23:00:00,0.14071389
2019-01-13 23:15:00,0.14107469
2019-01-13 23:30:00,0.23540461
2019-01-13 23:45:00,0.40144727
2019-01-14 00:00:00,0.4563652
2019-01-14 00:15:00,0.40143728
2019-01-14 00:30:00,0.23537491
2019-01-14 00:45:00,0.14107469
2019-01-14 01:00:00,0.14071389
2019-01-14 01:15:00,0.1402
2019-01-14 01:30:00,0.13948412
2019-01-14 01:45:00,0.1384933
2019-01-14 02:00:00,0.13711794
2019-01-14 02:15:00,0.13518715
2019-01-14 02:30:00,0.13243367
2019-01-14 02:45:00,0.12842569
2019-01-14 03:00:00,0.12244816
2019-01-14 03:15:00,0.11328311
2019-01-14 03:30:00,0.098797984
2019-01-14 03:45:00,0.0751656
2019-01-14 04:00:00,0.035439104
2019-01-14 04:15:00,0.0
2019-01-14 04:30:00,0.0
2019-01-14 04:45:00,0.0
2019-01-14 05:00:00,0.0
2019-01-14 05:15:00,5.4371443
2019-01-14 05:30:00,9.177975
2019-01-14 05:45:00,5.964107
2019-01-14 06:00:00,0.0
2019-01-14 06:15:00,3.5557804
2019-01-14 06:30:00,6.249977
2019-01-14 06:45:00,-0.50601506
2019-01-14 07:00:00,7.2931223
2019-01-14 07:15:00,9.928454
2019-01-14 07:30:00,11.881053
2019-01-14 07:45:00,18.665932
2019-01-14 08:00:00,24.82338
2019-01-14 08:15:00,34.036777
2019-01-14 08:30:00,59.72444
2019-01-14 08:45:00,137.25099
2019-01-14 09:00:00,158.0414
2019-01-14 09:15:00,300.47122
2019-01-14 09:30:00,317.76437
2019-01-14 09:45:00,546.41187
2019-01-14 10:00:00,551.73596
2019-01-14 10:15:00,829.3594
2019-01-14 10:30:00,825.66693
2019-01-14 10:45:00,1153.0522
2019-01-14 11:00:00,1145.8452
2019-01-14 11:15:00,1381.885
2019-01-14 11:30:00,1375.036
2019-01-14 11:45:00,1813.7036
2019-01-14 12:00:00,1810.1516
2019-01-14 12:15:00,2017.6727
2019-01-14 12:30:00,2021.3921
2019-01-14 12:45:00,2102.898
2019-01-14 13:00:00,2107.177
2019-01-14 13:15:00,2136.5547
2019-01-14 13:30:00,2137.294
2019-01-14 13:45:00,2114.1438
2019-01-14 14:00:00,2106.0059
2019-01-14 14:15:00,2043.3806
2019-01-14 14:30:00,2029.8451
2019-01-14 14:45:00,1946.1504
2019-01-14 15:00:00,1920.0708
2019-01-14 15:15:00,1814.6693
2019-01-14 15:30:00,1677.0173
2019-01-14 15:45:00,1560.4863
2019-01-14 16:00:00,1352.7687
2019-01-14 16:15:00,1215.6873
2019-01-14 16:30:00,1003.7257
2019-01-14 16:45:00,785.5752
2019-01-14 17:00:00,684.0816
2019-01-14 17:15:00,442.39563
2019-01-14 17:30:00,394.27603
2019-01-14 17:45:00,155.89111
2019-01-14 18:00:00,129.74721
2019-01-14 18:15:00,9.484997
2019-01-14 18:30:00,13.883786
2019-01-14 18:45:00,5.4371443
2019-01-14 19:00:00,0.0
2019-01-14 19:15:00,0.0
2019-01-14 19:30:00,0.0
2019-01-14 19:45:00,0.0
2019-01-14 20:00:00,0.035439104
2019-01-14 20:15:00,0.0751656
2019-01-14 20:30:00,0.098797984
2019-01-14 20:45:00,0.11328311
2019-01-14 21:00:00,0.12244816
2019-01-14 21:15:00,0.12842569
2019-01-14 21:30:00,0.13243367
2019-01-14 21:45:00,0.13518715
2019-01-14 22:00:00,0.13711794
2019-01-14 22:15:00,0.1384933
2019-01-14 22:30:00,0.13948412
2019-01-14 22:45:00,0.1402
2019-01-14 23:00:00,0.14071389
2019-01-14 23:15:00,0.14107469
2019-01-14 23:30:00,0.23540461
2019-01-14 23:45:00,0.40144727
2019-01-15 00:00:00,0.4563652
2019-01-15 00:15:00,0.40143728
2019-01-15 00:30:00,0.23537491
2019-01-15 00:45:00,0.14107469
2019-01-15 01:00:00,0.14071389
2019-01-15 01:15:00,0.1402
2019-01-15 01:30:00,0.13948412
2019-01-15 01:45:00,0.1384933
2019-01-15 02:00:00,0.13711794
2019-01-15 02:15:00,0.13518715
2019-01-15 02:30:00,0.13243367
2019-01-15 02:45:00,0.12842569
2019-01-15 03:00:00,0.12244816
2019-01-15 03:15:00,0.11328311
2019-01-15 03:30:00,0.098797984
2019-01-15 03:45:00,0.0751656
2019-01-15 04:00:00,0.035439104
2019-01-15 04:15:00,0.0
2019-01-15 04:30:00,0.0
2019-01-15 04:45:00,0.0
2019-01-15 05:00:00,0.0
2019-01-15 05:15:00,5.4371443
2019-01-15 05:30:00,9.177975
2019-01-15 05:45:00,5.964107
2019-01-15 06:00:00,0.0
2019-01-15 06:15:00,3.5557804
2019-01-15 06:30:00,6.249977
2019-01-15 06:45:00,-0.50601506
2019-01-15 07:00:00,7.2931223
2019-01-15 07:15:00,9.928454
2019-01-15 07:30:00,11.881053
2019-01-15 07:45:00,18.665932
2019-01-15 08:00:00,24.82338
2019-01-15 08:15:00,36.940186
2019-01-15 08:30:00,63.28854
2019-01-15 08:45:00,169.56116
2019-01-15 09:00:00,191.5077
2019-01-15 09:15:00,405.94305
2019-01-15 09:30:00,424.37247
2019-01-15 09:45:00,730.3138
2019-01-15 10:00:00,734.8202
2019-01-15 10:15:00,1051.5396
2019-01-15 10:30:00,1047.5404
2019-01-15 10:45:00,1302.4333
2019-01-15 11:00:00,1293.6254
2019-01-15 11:15:00,1505.5144
2019-01-15 11:30:00,1488.394
2019-01-15 11:45:00,1663.6493
2019-01-15 12:00:00,1659.6389
2019-01-15 12:15:00,1901.6709
2019-01-15 12:30:00,1908.6292
2019-01-15 12:45:00,2059.5156
2019-01-15 13:00:00,2064.8735
2019-01-15 13:15:00,1985.0212
2019-01-15 13:30:00,1993.0128
2019-01-15 13:45:00,1961.8322
2019-01-15 14:00:00,1971.1023
2019-01-15 14:15:00,1906.8846
2019-01-15 14:30:00,1918.037
2019-01-15 14:45:00,1833.0801
2019-01-15 15:00:00,1842.2229
2019-01-15 15:15:00,1725.3467
2019-01-15 15:30:00,1698.0789
2019-01-15 15:45:00,1214.9023
2019-01-15 16:00:00,1260.594
2019-01-15 16:15:00,1083.8635
2019-01-15 16:30:00,996.0224
2019-01-15 16:45:00,738.1223
2019-01-15 17:00:00,656.8286
2019-01-15 17:15:00,434.46146
2019-01-15 17:30:00,386.66327
2019-01-15 17:45:00,164.58778
2019-01-15 18:00:00,139.50177
2019-01-15 18:15:00,10.168033
2019-01-15 18:30:00,14.866961
2019-01-15 18:45:00,5.4371443
2019-01-15 19:00:00,0.0
2019-01-15 19:15:00,0.0
2019-01-15 19:30:00,0.0
2019-01-15 19:45:00,0.0
2019-01-15 20:00:00,0.035439104
2019-01-15 20:15:00,0.0751656
2019-01-15 20:30:00,0.098797984
2019-01-15 20:45:00,0.11328311
2019-01-15 21:00:00,0.12244816
2019-01-15 21:15:00,0.12842569
2019-01-15 21:30:00,0.13243367
2019-01-15 21:45:00,0.13518715
2019-01-15 22:00:00,0.13711794
2019-01-15 22:15:00,0.1384933
2019-01-15 22:30:00,0.13948412
2019-01-15 22:45:00,0.1402
2019-01-15 23:00:00,0.14071389
2019-01-15 23:15:00,0.14107469
2019-01-15 23:30:00,0.23540461
2019-01-15 23:45:00,0.40144727
2019-01-16 00:00:00,0.4563652
2019-01-16 00:15:00,0.40143728
2019-01-16 00:30:00,0.23537491
2019-01-16 00:45:00,0.14107469
2019-01-16 01:00:00,0.14071389
2019-01-16 01:15:00,0.1402
2019-01-16 01:30:00,0.13948412
2019-01-16 01:45:00,0.1384933
2019-01-16 02:00:00,0.13711794
2019-01-16 02:15:00,0.13518715
2019-01-16 02:30:00,0.13243367
2019-01-16 02:45:00,0.12842569
2019-01-16 03:00:00,0.12244816
2019-01-16 03:15:00,0.11328311
2019-01-16 03:30:00,0.098797984
2019-01-16 03:45:00,0.0751656
2019-01-16 04:00:00,0.035439104
2019-01-16 04:15:00,0.0
2019-01-16 04:30:00,0.0
2019-01-16 04:45:00,0.0
2019-01-16 05:00:00,0.0
2019-01-16 05:15:00,5.4371443
2019-01-16 05:30:00,9.177975
2019-01-16 05:45:00,5.964107
2019-01-16 06:00:00,0.0
2019-01-16 06:15:00,3.5557804
2019-01-16 06:30:00,6.249977
2019-01-16 06:45:00,-0.50601506
2019-01-16 07:00:00,7.2931223
2019-01-16 07:15:00,9.928454
2019-01-16 07:30:00,11.881053
2019-01-16 07:45:00,18.665932
2019-01-16 08:00:00,24.82338
2019-01-16 08:15:00,36.940186
2019-01-16 08:30:00,63.28854
2019-01-16 08:45:00,127.41738
2019-01-16 09:00:00,147.90297
2019-01-16 09:15:00,187.05257
2019-01-16 09:30:00,198.55803
2019-01-16 09:45:00,257.2662
2019-01-16 10:00:00,266.61667
2019-01-16 10:15:00,351.25046
2019-01-16 10:30:00,355.39886
2019-01-16 10:45:00,495.46948
2019-01-16 11:00:00,495.56824
2019-01-16 11:15:00,838.9579
2019-01-16 11:30:00,835.76776
2019-01-16 11:45:00,1176.1356
2019-01-16 12:00:00,1175.0498
2019-01-16 12:15:00,943.93713
2019-01-16 12:30:00,946.3752
2019-01-16 12:45:00,829.0011
2019-01-16 13:00:00,833.1158
2019-01-16 13:15:00,933.73083
2019-01-16 13:30:00,939.4363
2019-01-16 13:45:00,1086.3303
2019-01-16 14:00:00,1082.2228
2019-01-16 14:15:00,1109.9648
2019-01-16 14:30:00,1027.9294
2019-01-16 14:45:00,1478.4417
2019-01-16 15:00:00,1568.884
2019-01-16 15:15:00,1725.3467
2019-01-16 15:30:00,1698.0789
2019-01-16 15:45:00,1561.5635
2019-01-16 16:00:00,1354.6758
2019-01-16 16:15:00,1215.7767
2019-01-16 16:30:00,1010.98
2019-01-16 16:45:00,812.1082
2019-01-16 17:00:00,717.72217
2019-01-16 17:15:00,477.99005
2019-01-16 17:30:00,439.62573
2019-01-16 17:45:00,181.61115
2019-01-16 18:00:00,159.4718
2019-01-16 18:15:00,10.818143
2019-01-16 18:30:00,15.826954
2019-01-16 18:45:00,5.4371443
2019-01-16 19:00:00,0.0
2019-01-16 19:15:00,0.0
2019-01-16 19:30:00,0.0
2019-01-16 19:45:00,0.0
2019-01-16 20:00:00,0.035439104
2019-01-16 20:15:00,0.0751656
2019-01-16 20:30:00,0.098797984
2019-01-16 20:45:00,0.11328311
2019-01-16 21:00:00,0.12244816
2019-01-16 21:15:00,0.12842569
2019-01-16 21:30:00,0.13243367
2019-01-16 21:45:00,0.13518715
2019-01-16 22:00:00,0.13711794
2019-01-16 22:15:00,0.1384933
2019-01-16 22:30:00,0.13948412
2019-01-16 22:45:00,0.1402
2019-01-16 23:00:00,0.14071389
2019-01-16 23:15:00,0.14107469
2019-01-16 23:30:00,0.23540461
2019-01-16 23:45:00,0.40144727
2019-01-17 00:00:00,0.4563652
2019-01-17 00:15:00,0.40143728
2019-01-17 00:30:00,0.23537491
2019-01-17 00:45:00,0.14107469
2019-01-17 01:00:00,0.14071389
2019-01-17 01:15:00,0.1402
2019-01-17 01:30:00,0.13948412
2019-01-17 01:45:00,0.1384933
2019-01-17 02:00:00,0.13711794
2019-01-17 02:15:00,0.13518715
2019-01-17 02:30:00,0.13243367
2019-01-17 02:45:00,0.12842569
2019-01-17 03:00:00,0.12244816
2019-01-17 03:15:00,0.11328311
2019-01-17 03:30:00,0.098797984
2019-01-17 03:45:00,0.0751656
2019-01-17 04:00:00,0.035439104
2019-01-17 04:15:00,0.0
2019-01-17 04:30:00,0.0
2019-01-17 04:45:00,0.0
2019-01-17 05:00:00,0.0
2019-01-17 05:15:00,5.4371443
2019-01-17 05:30:00,9.177975
2019-01-17 05:45:00,5.964107
2019-01-17 06:00:00,0.0
2019-01-17 06:15:00,3.5557804
2019-01-17 06:30:00,6.249977
2019-01-17 06:45:00,-0.50601506
2019-01-17 07:00:00,7.2931223
2019-01-17 07:15:00,9.928454
2019-01-17 07:30:00,11.881053
2019-01-17 07:45:00,18.665932
2019-01-17 08:00:00,24.82338
2019-01-17 08:15:00,36.940186
2019-01-17 08:30:00,63.28854
2019-01-17 08:45:00,137.25099
2019-01-17 09:00:00,158.0414
2019-01-17 09:15:00,225.10327
2019-01-17 09:30:00,240.51526
2019-01-17 09:45:00,361.76315
2019-01-17 10:00:00,369.75635
2019-01-17 10:15:00,507.36667
2019-01-17 10:30:00,508.70673
2019-01-17 10:45:00,728.4305
2019-01-17 11:00:00,725.0374
2019-01-17 11:15:00,1042.8988
2019-01-17 11:30:00,1038.4857
2019-01-17 11:45:00,1363.739
2019-01-17 12:00:00,1362.323
2019-01-17 12:15:00,1771.5121
2019-01-17 12:30:00,1782.454
2019-01-17 12:45:00,1953.5916
2019-01-17 13:00:00,1960.9911
2019-01-17 13:15:00,2095.9312
2019-01-17 13:30:00,2098.8687
2019-01-17 13:45:00,2131.4578
2019-01-17 14:00:00,2121.2349
2019-01-17 14:15:00,2086.1934
2019-01-17 14:30:00,2067.896
2019-01-17 14:45:00,1939.4437
2019-01-17 15:00:00,1916.6116
2019-01-17 15:15:00,1810.5406
2019-01-17 15:30:00,1682.3494
2019-01-17 15:45:00,1524.2388
2019-01-17 16:00:00,1385.2511
2019-01-17 16:15:00,1192.2659
2019-01-17 16:30:00,1001.6387
2019-01-17 16:45:00,797.40515
2019-01-17 17:00:00,695.2279
2019-01-17 17:15:00,477.99005
2019-01-17 17:30:00,439.62573
2019-01-17 17:45:00,181.61115
2019-01-17 18:00:00,159.4718
2019-01-17 18:15:00,10.818143
2019-01-17 18:30:00,15.826954
2019-01-17 18:45:00,5.4371443
2019-01-17 19:00:00,0.0
2019-01-17 19:15:00,0.0
2019-01-17 19:30:00,0.0
2019-01-17 19:45:00,0.0
2019-01-17 20:00:00,0.035439104
2019-01-17 20:15:00,0.0751656
2019-01-17 20:30:00,0.098797984
2019-01-17 20:45:00,0.11328311
2019-01-17 21:00:00,0.12244816
2019-01-17 21:15:00,0.12842569
2019-01-17 21:30:00,0.13243367
2019-01-17 21:45:00,0.13518715
2019-01-17 22:00:00,0.13711794
2019-01-17 22:15:00,0.1384933
2019-01-17 22:30:00,0.13948412
2019-01-17 22:45:00,0.1402
2019-01-17 23:00:00,0.14071389
2019-01-17 23:15:00,0.14107469
2019-01-17 23:30:00,0.23540461
2019-01-17 23:45:00,0.40144727
2019-01-18 00:00:00,0.4563652
2019-01-18 00:15:00,0.40143728
2019-01-18 00:30:00,0.23537491
2019-01-18 00:45:00,0.14107469
2019-01-18 01:00:00,0.14071389
2019-01-18 01:15:00,0.1402
2019-01-18 01:30:00,0.13948412
2019-01-18 01:45:00,0.1384933
2019-01-18 02:00:00,0.13711794
2019-01-18 02:15:00,0.13518715
2019-01-18 02:30:00,0.13243367
2019-01-18 02:45:00,0.12842569
2019-01-18 03:00:00,0.12244816
2019-01-18 03:15:00,0.11328311
2019-01-18 03:30:00,0.098797984
2019-01-18 03:45:00,0.0751656
2019-01-18 04:00:00,0.035439104
2019-01-18 04:15:00,0.0
2019-01-18 04:30:00,0.0
2019-01-18 04:45:00,0.0
2019-01-18 05:00:00,0.0
2019-01-18 05:15:00,5.4371443
2019-01-18 05:30:00,9.177975
2019-01-18 05:45:00,5.964107
2019-01-18 06:00:00,0.0
2019-01-18 06:15:00,3.5557804
2019-01-18 06:30:00,6.249977
2019-01-18 06:45:00,-0.50601506
2019-01-18 07:00:00,7.2931223
2019-01-18 07:15:00,9.928454
2019-01-18 07:30:00,11.881053
2019-01-18 07:45:00,18.665932
2019-01-18 08:00:00,24.82338
2019-01-18 08:15:00,37.917698
2019-01-18 08:30:00,64.48395
2019-01-18 08:45:00,172.60193
2019-01-18 09:00:00,194.67223
2019-01-18 09:15:00,400.49298
2019-01-18 09:30:00,418.83694
2019-01-18 09:45:00,628.2686
2019-01-18 10:00:00,632.8045
2019-01-18 10:15:00,707.89954
2019-01-18 10:30:00,705.68494
2019-01-18 10:45:00,902.7262
2019-01-18 11:00:00,897.2822
2019-01-18 11:15:00,1142.9254
2019-01-18 11:30:00,1138.0203
2019-01-18 11:45:00,1165.8339
2019-01-18 12:00:00,1164.7612
2019-01-18 12:15:00,1241.5781
2019-01-18 12:30:00,1245.0608
2019-01-18 12:45:00,1278.7689
2019-01-18 13:00:00,1286.4905
2019-01-18 13:15:00,1316.8921
2019-01-18 13:30:00,1324.0378
2019-01-18 13:45:00,1384.0828
2019-01-18 14:00:00,1372.9463
2019-01-18 14:15:00,1816.0239
2019-01-18 14:30:00,1844.4897
2019-01-18 14:45:00,1871.4631
2019-01-18 15:00:00,1871.169
2019-01-18 15:15:00,1790.9702
2019-01-18 15:30:00,1700.3381
2019-01-18 15:45:00,1552.3523
2019-01-18 16:00:00,1370.035
2019-01-18 16:15:00,1154.115
2019-01-18 16:30:00,1006.48145
2019-01-18 16:45:00,722.2909
2019-01-18 17:00:00,649.02594
2019-01-18 17:15:00,396.16946
2019-01-18 17:30:00,360.05188
2019-01-18 17:45:00,164.58778
2019-01-18 18:00:00,139.50177
2019-01-18 18:15:00,11.437154
2019-01-18 18:30:00,16.763115
2019-01-18 18:45:00,5.4371443
2019-01-18 19:00:00,0.0
2019-01-18 19:15:00,0.0
2019-01-18 19:30:00,0.0
2019-01-18 19:45:00,0.0
2019-01-18 20:00:00,0.035439104
2019-01-18 20:15:00,0.0751656
2019-01-18 20:30:00,0.098797984
2019-01-18 20:45:00,0.11328311
2019-01-18 21:00:00,0.12244816
2019-01-18 21:15:00,0.12842569
2019-01-18 21:30:00,0.13243367
2019-01-18 21:45:00,0.13518715
2019-01-18 22:00:00,0.13711794
2019-01-18 22:15:00,0.1384933
2019-01-18 22:30:00,0.13948412
2019-01-18 22:45:00,0.1402
2019-01-18 23:00:00,0.14071389
2019-01-18 23:15:00,0.14107469
2019-01-18 23:30:00,0.23540461
2019-01-18 23:45:00,0.40144727
2019-01-19 00:00:00,0.4563652
2019-01-19 00:15:00,0.40143728
2019-01-19 00:30:00,0.23537491
2019-01-19 00:45:00,0.14107469
2019-01-19 01:00:00,0.14071389
2019-01-19 01:15:00,0.1402
2019-01-19 01:30:00,0.13948412
2019-01-19 01:45:00,0.1384933
2019-01-19 02:00:00,0.13711794
2019-01-19 02:15:00,0.13518715
2019-01-19 02:30:00,0.13243367
2019-01-19 02:45:00,0.12842569
2019-01-19 03:00:00,0.12244816
2019-01-19 03:15:00,0.11328311
2019-01-19 03:30:00,0.098797984
2019-01-19 03:45:00,0.0751656
2019-01-19 04:00:00,0.035439104
2019-01-19 04:15:00,0.0
2019-01-19 04:30:00,0.0
2019-01-19 04:45:00,0.0
2019-01-19 05:00:00,0.0
2019-01-19 05:15:00,5.4371443
2019-01-19 05:30:00,9.177975
2019-01-19 05:45:00,5.964107
2019-01-19 06:00:00,0.0
2019-01-19 06:15:00,3.5557804
2019-01-19 06:30:00,6.249977
2019-01-19 06:45:00,-0.50601506
2019-01-19 07:00:00,7.2931223
2019-01-19 07:15:00,9.928454
2019-01-19 07:30:00,11.881053
2019-01-19 07:45:00,18.665932
2019-01-19 08:00:00,24.82338
2019-01-19 08:15:00,38.900265
2019-01-19 08:30:00,65.68321
2019-01-19 08:45:00,181.82367
2019-01-19 09:00:00,204.28807
2019-01-19 09:15:00,447.68515
2019-01-19 09:30:00,466.9221
2019-01-19 09:45:00,780.54193
2019-01-19 10:00:00,785.6496
2019-01-19 10:15:00,1093.2913
2019-01-19 10:30:00,1089.5161
2019-01-19 10:45:00,1371.2246
2019-01-19 11:00:00,1361.8878
2019-01-19 11:15:00,1609.9067
2019-01-19 11:30:00,1591.1045
2019-01-19 11:45:00,1605.4766
2019-01-19 12:00:00,1601.5928
2019-01-19 12:15:00,1566.8611
2019-01-19 12:30:00,1578.1343
2019-01-19 12:45:00,1278.7689
2019-01-19 13:00:00,1286.4905
2019-01-19 13:15:00,1596.3181
2019-01-19 13:30:00,1614.7864
2019-01-19 13:45:00,1504.6665
2019-01-19 14:00:00,1504.6936
2019-01-19 14:15:00,1370.3625
2019-01-19 14:30:00,1457.363
2019-01-19 14:45:00,1800.709
2019-01-19 15:00:00,1817.4608
2019-01-19 15:15:00,1722.148
2019-01-19 15:30:00,1696.6649
2019-01-19 15:45:00,1549.1287
2019-01-19 16:00:00,1372.7803
2019-01-19 16:15:00,1206.1755
2019-01-19 16:30:00,1000.3721
2019-01-19 16:45:00,805.51276
2019-01-19 17:00:00,705.849
2019-01-19 17:15:00,482.72955
2019-01-19 17:30:00,446.0617
2019-01-19 17:45:00,181.61115
2019-01-19 18:00:00,159.4718
2019-01-19 18:15:00,12.3117075
2019-01-19 18:30:00,18.120186
2019-01-19 18:45:00,5.4371443
2019-01-19 19:00:00,0.0
2019-01-19 19:15:00,0.0
2019-01-19 19:30:00,0.0
2019-01-19 19:45:00,0.0
2019-01-19 20:00:00,0.035439104
2019-01-19 20:15:00,0.0751656
2019-01-19 20:30:00,0.098797984
2019-01-19 20:45:00,0.11328311
2019-01-19 21:00:00,0.12244816
2019-01-19 21:15:00,0.12842569
2019-01-19 21:30:00,0.13243367
2019-01-19 21:45:00,0.13518715
2019-01-19 22:00:00,0.13711794
2019-01-19 22:15:00,0.1384933
2019-01-19 22:30:00,0.13948412
2019-01-19 22:45:00,0.1402
2019-01-19 23:00:00,0.14071389
2019-01-19 23:15:00,0.14107469
2019-01-19 23:30:00,0.23540461
2019-01-19 23:45:00,0.40144727
2019-01-20 00:00:00,0.4563652
2019-01-20 00:15:00,0.40143728
2019-01-20 00:30:00,0.23537491
2019-01-20 00:45:00,0.14107469
2019-01-20 01:00:00,0.14071389
2019-01-20 01:15:00,0.1402
2019-01-20 01:30:00,0.13948412
2019-01-20 01:45:00,0.1384933
2019-01-20 02:00:00,0.13711794
2019-01-20 02:15:00,0.13518715
2019-01-20 02:30:00,0.13243367
2019-01-20 02:45:00,0.12842569
2019-01-20 03:00:00,0.12244816
2019-01-20 03:15:00,0.11328311
2019-01-20 03:30:00,0.098797984
2019-01-20 03:45:00,0.0751656
2019-01-20 04:00:00,0.035439104
2019-01-20 04:15:00,0.0
2019-01-20 04:30:00,0.0
2019-01-20 04:45:00,0.0
2019-01-20 05:00:00,0.0
2019-01-20 05:15:00,5.4371443
2019-01-20 05:30:00,9.177975
2019-01-20 05:45:00,5.964107
2019-01-20 06:00:00,0.0
2019-01-20 06:15:00,3.5557804
2019-01-20 06:30:00,6.249977
2019-01-20 06:45:00,-0.50601506
2019-01-20 07:00:00,7.2931223
2019-01-20 07:15:00,9.928454
2019-01-20 07:30:00,11.881053
2019-01-20 07:45:00,18.665932
2019-01-20 08:00:00,24.82338
2019-01-20 08:15:00,38.900265
2019-01-20 08:30:00,65.68321
2019-01-20 08:45:00,174.12868
2019-01-20 09:00:00,196.26189
2019-01-20 09:15:00,430.81384
2019-01-20 09:30:00,449.68704
2019-01-20 09:45:00,760.429
2019-01-20 10:00:00,765.2354
2019-01-20 10:15:00,1068.9323
2019-01-20 10:30:00,1065.0209
2019-01-20 10:45:00,1316.8921
2019-01-20 11:00:00,1307.9282
2019-01-20 11:15:00,1550.9773
2019-01-20 11:30:00,1532.9888
2019-01-20 11:45:00,1819.5696
2019-01-20 12:00:00,1816.0671
2019-01-20 12:15:00,2040.6509
2019-01-20 12:30:00,2044.0024
2019-01-20 12:45:00,2109.1536
2019-01-20 13:00:00,2113.2607
2019-01-20 13:15:00,2099.0068
2019-01-20 13:30:00,2101.7764
2019-01-20 13:45:00,2140.9097
2019-01-20 14:00:00,2129.5269
2019-01-20 14:15:00,2002.2695
2019-01-20 14:30:00,1995.7295
2019-01-20 14:45:00,1789.1481
2019-01-20 15:00:00,1808.5942
2019-01-20 15:15:00,1749.3201
2019-01-20 15:30:00,1706.1105
2019-01-20 15:45:00,1447.5559
2019-01-20 16:00:00,1380.3328
2019-01-20 16:15:00,959.5309
2019-01-20 16:30:00,938.00006
2019-01-20 16:45:00,605.6303
2019-01-20 17:00:00,581.5596
2019-01-20 17:15:00,386.56512
2019-01-20 17:30:00,355.14377
2019-01-20 17:45:00,168.84637
2019-01-20 18:00:00,144.4373
2019-01-20 18:15:00,12.3117075
2019-01-20 18:30:00,18.120186
2019-01-20 18:45:00,5.4371443
2019-01-20 19:00:00,0.0
2019-01-20 19:15:00,0.0
2019-01-20 19:30:00,0.0
2019-01-20 19:45:00,0.0
2019-01-20 20:00:00,0.035439104
2019-01-20 20:15:00,0.0751656
2019-01-20 20:30:00,0.098797984
2019-01-20 20:45:00,0.11328311
2019-01-20 21:00:00,0.12244816
2019-01-20 21:15:00,0.12842569
2019-01-20 21:30:00,0.13243367
2019-01-20 21:45:00,0.13518715
2019-01-20 22:00:00,0.13711794
2019-01-20 22:15:00,0.1384933
2019-01-20 22:30:00,0.13948412
2019-01-20 22:45:00,0.1402
2019-01-20 23:00:00,0.14071389
2019-01-20 23:15:00,0.14107469
2019-01-20 23:30:00,0.23540461
2019-01-20 23:45:00,0.40144727
2019-01-21 00:00:00,0.4563652
2019-01-21 00:15:00,0.40143728
2019-01-21 00:30:00,0.23537491
2019-01-21 00:45:00,0.14107469
2019-01-21 01:00:00,0.14071389
2019-01-21 01:15:00,0.1402
2019-01-21 01:30:00,0.13948412
2019-01-21 01:45:00,0.1384933
2019-01-21 02:00:00,0.13711794
2019-01-21 02:15:00,0.13518715
2019-01-21 02:30:00,0.13243367
2019-01-21 02:45:00,0.12842569
2019-01-21 03:00:00,0.12244816
2019-01-21 03:15:00,0.11328311
2019-01-21 03:30:00,0.098797984
2019-01-21 03:45:00,0.0751656
2019-01-21 04:00:00,0.035439104
2019-01-21 04:15:00,0.0
2019-01-21 04:30:00,0.0
2019-01-21 04:45:00,0.0
2019-01-21 05:00:00,0.0
2019-01-21 05:15:00,5.4371443
2019-01-21 05:30:00,9.177975
2019-01-21 05:45:00,5.964107
2019-01-21 06:00:00,0.0
2019-01-21 06:15:00,3.5557804
2019-01-21 06:30:00,6.249977
2019-01-21 06:45:00,-0.50601506
2019-01-21 07:00:00,7.2931223
2019-01-21 07:15:00,9.928454
2019-01-21 07:30:00,11.881053
2019-01-21 07:45:00,18.665932
2019-01-21 08:00:00,24.82338
2019-01-21 08:15:00,38.900265
2019-01-21 08:30:00,65.68321
2019-01-21 08:45:00,163.53058
2019-01-21 09:00:00,185.24022
2019-01-21 09:15:00,378.98557
2019-01-21 09:30:00,397.03012
2019-01-21 09:45:00,546.41187
2019-01-21 10:00:00,551.73596
2019-01-21 10:15:00,655.9026
2019-01-21 10:30:00,654.5258
2019-01-21 10:45:00,940.63965
2019-01-21 11:00:00,934.8648
2019-01-21 11:15:00,1240.1813
2019-01-21 11:30:00,1234.6488
2019-01-21 11:45:00,1399.0642
2019-01-21 12:00:00,1397.5758
2019-01-21 12:15:00,1702.2583
2019-01-21 12:30:00,1714.0463
2019-01-21 12:45:00,2019.0029
2019-01-21 13:00:00,2025.156
2019-01-21 13:15:00,2102.0542
2019-01-21 13:30:00,2104.657
2019-01-21 13:45:00,2098.4336
2019-01-21 14:00:00,2092.1443
2019-01-21 14:15:00,1848.6748
2019-01-21 14:30:00,1870.925
2019-01-21 14:45:00,1531.1003
2019-01-21 15:00:00,1610.2153
2019-01-21 15:15:00,1498.7417
2019-01-21 15:30:00,1549.3567
2019-01-21 15:45:00,1473.1965
2019-01-21 16:00:00,1386.661
2019-01-21 16:15:00,1131.8325
2019-01-21 16:30:00,1006.17017
2019-01-21 16:45:00,664.81384
2019-01-21 17:00:00,617.70514
2019-01-21 17:15:00,449.92645
2019-01-21 17:30:00,402.0916
2019-01-21 17:45:00,193.8191
2019-01-21 18:00:00,172.19966
2019-01-21 18:15:00,11.735589
2019-01-21 18:30:00,17.221914
2019-01-21 18:45:00,5.4371443
2019-01-21 19:00:00,0.0
2019-01-21 19:15:00,0.0
2019-01-21 19:30:00,0.0
2019-01-21 19:45:00,0.0
2019-01-21 20:00:00,0.035439104
2019-01-21 20:15:00,0.0751656
2019-01-21 20:30:00,0.098797984
2019-01-21 20:45:00,0.11328311
2019-01-21 21:00:00,0.12244816
2019-01-21 21:15:00,0.12842569
2019-01-21 21:30:00,0.13243367
2019-01-21 21:45:00,0.13518715
2019-01-21 22:00:00,0.13711794
2019-01-21 22:15:00,0.1384933
2019-01-21 22:30:00,0.13948412
2019-01-21 22:45:00,0.1402
2019-01-21 23:00:00,0.14071389
2019-01-21 23:15:00,0.14107469
2019-01-21 23:30:00,0.23540461
2019-01-21 23:45:00,0.40144727
2019-01-22 00:00:00,0.4563652
2019-01-22 00:15:00,0.40143728
2019-01-22 00:30:00,0.23537491
2019-01-22 00:45:00,0.14107469
2019-01-22 01:00:00,0.14071389
2019-01-22 01:15:00,0.1402
2019-01-22 01:30:00,0.13948412
2019-01-22 01:45:00,0.1384933
2019-01-22 02:00:00,0.13711794
2019-01-22 02:15:00,0.13518715
2019-01-22 02:30:00,0.13243367
2019-01-22 02:45:00,0.12842569
2019-01-22 03:00:00,0.12244816
2019-01-22 03:15:00,0.11328311
2019-01-22 03:30:00,0.098797984
2019-01-22 03:45:00,0.0751656
2019-01-22 04:00:00,0.035439104
2019-01-22 04:15:00,0.0
2019-01-22 04:30:00,0.0
2019-01-22 04:45:00,0.0
2019-01-22 05:00:00,0.0
2019-01-22 05:15:00,5.4371443
2019-01-22 05:30:00,9.177975
2019-01-22 05:45:00,5.964107
2019-01-22 06:00:00,0.0
2019-01-22 06:15:00,3.5557804
2019-01-22 06:30:00,6.249977
2019-01-22 06:45:00,-0.50601506
2019-01-22 07:00:00,7.2931223
2019-01-22 07:15:00,9.928454
2019-01-22 07:30:00,11.881053
2019-01-22 07:45:00,18.665932
2019-01-22 08:00:00,24.82338
2019-01-22 08:15:00,39.887886
2019-01-22 08:30:00,66.885735
2019-01-22 08:45:00,171.07925
2019-01-22 09:00:00,193.0873
2019-01-22 09:15:00,376.3313
2019-01-22 09:30:00,394.3426
2019-01-22 09:45:00,644.46326
2019-01-22 10:00:00,648.9093
2019-01-22 10:15:00,805.3707
2019-01-22 10:30:00,801.90497
2019-01-22 10:45:00,930.27856
2019-01-22 11:00:00,924.59
2019-01-22 11:15:00,1029.137
2019-01-22 11:30:00,1024.7914
2019-01-22 11:45:00,1097.2838
2019-01-22 12:00:00,1096.2878
2019-01-22 12:15:00,1124.6823
2019-01-22 12:30:00,1127.7063
2019-01-22 12:45:00,1146.3834
2019-01-22 13:00:00,1152.8098
2019-01-22 13:15:00,1188.2257
2019-01-22 13:30:00,1195.1766
2019-01-22 13:45:00,1149.0708
2019-01-22 14:00:00,1141.4469
2019-01-22 14:15:00,932.28046
2019-01-22 14:30:00,893.2408
2019-01-22 14:45:00,783.9294
2019-01-22 15:00:00,690.4808
2019-01-22 15:15:00,693.9681
2019-01-22 15:30:00,760.81366
2019-01-22 15:45:00,979.55286
2019-01-22 16:00:00,1114.9655
2019-01-22 16:15:00,1119.6578
2019-01-22 16:30:00,1004.748
2019-01-22 16:45:00,815.4325
2019-01-22 17:00:00,725.4408
2019-01-22 17:15:00,516.50964
2019-01-22 17:30:00,503.74048
2019-01-22 17:45:00,223.00877
2019-01-22 18:00:00,205.42111
2019-01-22 18:15:00,16.057705
2019-01-22 18:30:00,20.241306
2019-01-22 18:45:00,5.4371443
2019-01-22 19:00:00,0.0
2019-01-22 19:15:00,0.0
2019-01-22 19:30:00,0.0
2019-01-22 19:45:00,0.0
2019-01-22 20:00:00,0.035439104
2019-01-22 20:15:00,0.0751656
2019-01-22 20:30:00,0.098797984
2019-01-22 20:45:00,0.11328311
2019-01-22 21:00:00,0.12244816
2019-01-22 21:15:00,0.12842569
2019-01-22 21:30:00,0.13243367
2019-01-22 21:45:00,0.13518715
2019-01-22 22:00:00,0.13711794
2019-01-22 22:15:00,0.1384933
2019-01-22 22:30:00,0.13948412
2019-01-22 22:45:00,0.1402
2019-01-22 23:00:00,0.14071389
2019-01-22 23:15:00,0.14107469
2019-01-22 23:30:00,0.23540461
2019-01-22 23:45:00,0.40144727
2019-01-23 00:00:00,0.4563652
2019-01-23 00:15:00,0.40143728
2019-01-23 00:30:00,0.23537491
2019-01-23 00:45:00,0.14107469
2019-01-23 01:00:00,0.14071389
2019-01-23 01:15:00,0.1402
2019-01-23 01:30:00,0.13948412
2019-01-23 01:45:00,0.1384933
2019-01-23 02:00:00,0.13711794
2019-01-23 02:15:00,0.13518715
2019-01-23 02:30:00,0.13243367
2019-01-23 02:45:00,0.12842569
2019-01-23 03:00:00,0.12244816
2019-01-23 03:15:00,0.11328311
2019-01-23 03:30:00,0.098797984
2019-01-23 03:45:00,0.0751656
2019-01-23 04:00:00,0.035439104
2019-01-23 04:15:00,0.0
2019-01-23 04:30:00,0.0
2019-01-23 04:45:00,0.0
2019-01-23 05:00:00,0.0
2019-01-23 05:15:00,5.4371443
2019-01-23 05:30:00,9.177975
2019-01-23 05:45:00,5.964107
2019-01-23 06:00:00,0.0
2019-01-23 06:15:00,3.5557804
2019-01-23 06:30:00,6.249977
2019-01-23 06:45:00,-0.50601506
2019-01-23 07:00:00,7.2931223
2019-01-23 07:15:00,9.928454
2019-01-23 07:30:00,11.881053
2019-01-23 07:45:00,18.665932
2019-01-23 08:00:00,24.82338
2019-01-23 08:15:00,40.880436
2019-01-23 08:30:00,68.09219
2019-01-23 08:45:00,184.93033
2019-01-23 09:00:00,207.53409
2019-01-23 09:15:00,459.04962
2019-01-23 09:30:00,478.56494
2019-01-23 09:45:00,720.3035
2019-01-23 10:00:00,724.7474
2019-01-23 10:15:00,884.6098
2019-01-23 10:30:00,880.54034
2019-01-23 10:45:00,1114.5363
2019-01-23 11:00:00,1107.6061
2019-01-23 11:15:00,1275.2487
2019-01-23 11:30:00,1269.421
2019-01-23 11:45:00,1465.7644
2019-01-23 12:00:00,1462.452
2019-01-23 12:15:00,1335.5918
2019-01-23 12:30:00,1339.6141
2019-01-23 12:45:00,1187.9508
2019-01-23 13:00:00,1194.7057
2019-01-23 13:15:00,1338.6133
2019-01-23 13:30:00,1345.3489
2019-01-23 13:45:00,1504.6665
2019-01-23 14:00:00,1504.6936
2019-01-23 14:15:00,1689.8167
2019-01-23 14:30:00,1741.2322
2019-01-23 14:45:00,1888.8558
2019-01-23 15:00:00,1883.8955
2019-01-23 15:15:00,1796.9438
2019-01-23 15:30:00,1696.1245
2019-01-23 15:45:00,1558.4221
2019-01-23 16:00:00,1363.2545
2019-01-23 16:15:00,1167.3927
2019-01-23 16:30:00,1005.33734
2019-01-23 16:45:00,763.87726
2019-01-23 17:00:00,669.92664
2019-01-23 17:15:00,475.57117
2019-01-23 17:30:00,436.47952
2019-01-23 17:45:00,209.97272
2019-01-23 18:00:00,190.12357
2019-01-23 18:15:00,11.735589
2019-01-23 18:30:00,17.221914
2019-01-23 18:45:00,5.4371443
2019-01-23 19:00:00,0.0
2019-01-23 19:15:00,0.0
2019-01-23 19:30:00,0.0
2019-01-23 19:45:00,0.0
2019-01-23 20:00:00,0.035439104
2019-01-23 20:15:00,0.0751656
2019-01-23 20:30:00,0.098797984
2019-01-23 20:45:00,0.11328311
2019-01-23 21:00:00,0.12244816
2019-01-23 21:15:00,0.12842569
2019-01-23 21:30:00,0.13243367
2019-01-23 21:45:00,0.13518715
2019-01-23 22:00:00,0.13711794
2019-01-23 22:15:00,0.1384933
2019-01-23 22:30:00,0.13948412
2019-01-23 22:45:00,0.1402
2019-01-23 23:00:00,0.14071389
2019-01-23 23:15:00,0.14107469
2019-01-23 23:30:00,0.23540461
2019-01-23 23:45:00,0.40144727
2019-01-24 00:00:00,0.4563652
2019-01-24 00:15:00,0.40143728
2019-01-24 00:30:00,0.23537491
2019-01-24 00:45:00,0.14107469
2019-01-24 01:00:00,0.14071389
2019-01-24 01:15:00,0.1402
2019-01-24 01:30:00,0.13948412
2019-01-24 01:45:00,0.1384933
2019-01-24 02:00:00,0.13711794
2019-01-24 02:15:00,0.13518715
2019-01-24 02:30:00,0.13243367
2019-01-24 02:45:00,0.12842569
2019-01-24 03:00:00,0.12244816
2019-01-24 03:15:00,0.11328311
2019-01-24 03:30:00,0.098797984
2019-01-24 03:45:00,0.0751656
2019-01-24 04:00:00,0.035439104
2019-01-24 04:15:00,0.0
2019-01-24 04:30:00,0.0
2019-01-24 04:45:00,0.0
2019-01-24 05:00:00,0.0
2019-01-24 05:15:00,5.4371443
2019-01-24 05:30:00,9.177975
2019-01-24 05:45:00,5.964107
2019-01-24 06:00:00,0.0
2019-01-24 06:15:00,3.5557804
2019-01-24 06:30:00,6.249977
2019-01-24 06:45:00,-0.50601506
2019-01-24 07:00:00,7.2931223
2019-01-24 07:15:00,9.928454
2019-01-24 07:30:00,11.881053
2019-01-24 07:45:00,18.665932
2019-01-24 08:00:00,24.82338
2019-01-24 08:15:00,40.880436
2019-01-24 08:30:00,68.09219
2019-01-24 08:45:00,186.48975
2019-01-24 09:00:00,209.16492
2019-01-24 09:15:00,459.04962
2019-01-24 09:30:00,478.56494
2019-01-24 09:45:00,743.6851
2019-01-24 10:00:00,748.3038
2019-01-24 10:15:00,1013.2737
2019-01-24 10:30:00,1009.1238
2019-01-24 10:45:00,1284.4049
2019-01-24 11:00:00,1275.8099
2019-01-24 11:15:00,1524.9373
2019-01-24 11:30:00,1507.4272
2019-01-24 11:45:00,1727.7471
2019-01-24 12:00:00,1723.7592
2019-01-24 12:15:00,1921.5725
2019-01-24 12:30:00,1927.8235
2019-01-24 12:45:00,2090.0583
2019-01-24 13:00:00,2094.6794
2019-01-24 13:15:00,1959.9631
2019-01-24 13:30:00,1968.5457
2019-01-24 13:45:00,1792.1888
2019-01-24 14:00:00,1816.0499
2019-01-24 14:15:00,1677.3589
2019-01-24 14:30:00,1730.8907
2019-01-24 14:45:00,1789.1481
2019-01-24 15:00:00,1808.5942
2019-01-24 15:15:00,1715.6116
2019-01-24 15:30:00,1693.5883
2019-01-24 15:45:00,1558.1697
2019-01-24 16:00:00,1351.7466
2019-01-24 16:15:00,1213.0269
2019-01-24 16:30:00,1016.8617
2019-01-24 16:45:00,821.0312
2019-01-24 17:00:00,742.21423
2019-01-24 17:15:00,504.5686
2019-01-24 17:30:00,481.01636
2019-01-24 17:45:00,209.97272
2019-01-24 18:00:00,190.12357
2019-01-24 18:15:00,18.303865
2019-01-24 18:30:00,20.641428
2019-01-24 18:45:00,5.4371443
2019-01-24 19:00:00,0.0
2019-01-24 19:15:00,0.0
2019-01-24 19:30:00,0.0
2019-01-24 19:45:00,0.0
2019-01-24 20:00:00,0.035439104
2019-01-24 20:15:00,0.0751656
2019-01-24 20:30:00,0.098797984
2019-01-24 20:45:00,0.11328311
2019-01-24 21:00:00,0.12244816
2019-01-24 21:15:00,0.12842569
2019-01-24 21:30:00,0.13243367
2019-01-24 21:45:00,0.13518715
2019-01-24 22:00:00,0.13711794
2019-01-24 22:15:00,0.1384933
2019-01-24 22:30:00,0.13948412
2019-01-24 22:45:00,0.1402
2019-01-24 23:00:00,0.14071389
2019-01-24 23:15:00,0.14107469
2019-01-24 23:30:00,0.23540461
2019-01-24 23:45:00,0.40144727
2019-01-25 00:00:00,0.4563652
2019-01-25 00:15:00,0.40143728
2019-01-25 00:30:00,0.23537491
2019-01-25 00:45:00,0.14107469
2019-01-25 01:00:00,0.14071389
2019-01-25 01:15:00,0.1402
2019-01-25 01:30:00,0.13948412
2019-01-25 01:45:00,0.1384933
2019-01-25 02:00:00,0.13711794
2019-01-25 02:15:00,0.13518715
2019-01-25 02:30:00,0.13243367
2019-01-25 02:45:00,0.12842569
2019-01-25 03:00:00,0.12244816
2019-01-25 03:15:00,0.11328311
2019-01-25 03:30:00,0.098797984
2019-01-25 03:45:00,0.0751656
2019-01-25 04:00:00,0.035439104
2019-01-25 04:15:00,0.0
2019-01-25 04:30:00,0.0
2019-01-25 04:45:00,0.0
2019-01-25 05:00:00,0.0
2019-01-25 05:15:00,5.4371443
2019-01-25 05:30:00,9.177975
2019-01-25 05:45:00,5.964107
2019-01-25 06:00:00,0.0
2019-01-25 06:15:00,3.5557804
2019-01-25 06:30:00,6.249977
2019-01-25 06:45:00,-0.50601506
2019-01-25 07:00:00,7.2931223
2019-01-25 07:15:00,9.928454
2019-01-25 07:30:00,11.881053
2019-01-25 07:45:00,18.665932
2019-01-25 08:00:00,24.82338
2019-01-25 08:15:00,38.900265
2019-01-25 08:30:00,65.68321
2019-01-25 08:45:00,171.07925
2019-01-25 09:00:00,193.0873
2019-01-25 09:15:00,411.42264
2019-01-25 09:30:00,429.94098
2019-01-25 09:45:00,743.6851
2019-01-25 10:00:00,748.3038
2019-01-25 10:15:00,988.91473
2019-01-25 10:30:00,984.7044
2019-01-25 10:45:00,1090.0897
2019-01-25 11:00:00,1083.3176
2019-01-25 11:15:00,1032.5765
2019-01-25 11:30:00,1028.214
2019-01-25 11:45:00,873.469
2019-01-25 12:00:00,872.7403
2019-01-25 12:15:00,927.0622
2019-01-25 12:30:00,929.4363
2019-01-25 12:45:00,1296.4066
2019-01-25 13:00:00,1304.3483
2019-01-25 13:15:00,1360.3606
2019-01-25 13:30:00,1367.0214
2019-01-25 13:45:00,1250.1307
2019-01-25 14:00:00,1228.5005
2019-01-25 14:15:00,935.4717
2019-01-25 14:30:00,895.68445
2019-01-25 14:45:00,943.0807
2019-01-25 15:00:00,995.9365
2019-01-25 15:15:00,1478.669
2019-01-25 15:30:00,1535.0701
2019-01-25 15:45:00,1214.9023
2019-01-25 16:00:00,1260.594
2019-01-25 16:15:00,1003.36914
2019-01-25 16:30:00,961.0388
2019-01-25 16:45:00,712.3022
2019-01-25 17:00:00,643.9613
2019-01-25 17:15:00,469.68207
2019-01-25 17:30:00,427.32144
2019-01-25 17:45:00,218.7338
2019-01-25 18:00:00,200.33533
2019-01-25 18:15:00,27.199284
2019-01-25 18:30:00,22.143894
2019-01-25 18:45:00,5.4371443
2019-01-25 19:00:00,0.0
2019-01-25 19:15:00,0.0
2019-01-25 19:30:00,0.0
2019-01-25 19:45:00,0.0
2019-01-25 20:00:00,0.035439104
2019-01-25 20:15:00,0.0751656
2019-01-25 20:30:00,0.098797984
2019-01-25 20:45:00,0.11328311
2019-01-25 21:00:00,0.12244816
2019-01-25 21:15:00,0.12842569
2019-01-25 21:30:00,0.13243367
2019-01-25 21:45:00,0.13518715
2019-01-25 22:00:00,0.13711794
2019-01-25 22:15:00,0.1384933
2019-01-25 22:30:00,0.13948412
2019-01-25 22:45:00,0.1402
2019-01-25 23:00:00,0.14071389
2019-01-25 23:15:00,0.14107469
2019-01-25 23:30:00,0.23540461
2019-01-25 23:45:00,0.40144727
2019-01-26 00:00:00,0.4563652
2019-01-26 00:15:00,0.40143728
2019-01-26 00:30:00,0.23537491
2019-01-26 00:45:00,0.14107469
2019-01-26 01:00:00,0.14071389
2019-01-26 01:15:00,0.1402
2019-01-26 01:30:00,0.13948412
2019-01-26 01:45:00,0.1384933
2019-01-26 02:00:00,0.13711794
2019-01-26 02:15:00,0.13518715
2019-01-26 02:30:00,0.13243367
2019-01-26 02:45:00,0.12842569
2019-01-26 03:00:00,0.12244816
2019-01-26 03:15:00,0.11328311
2019-01-26 03:30:00,0.098797984
2019-01-26 03:45:00,0.0751656
2019-01-26 04:00:00,0.035439104
2019-01-26 04:15:00,0.0
2019-01-26 04:30:00,0.0
2019-01-26 04:45:00,0.0
2019-01-26 05:00:00,0.0
2019-01-26 05:15:00,5.4371443
2019-01-26 05:30:00,9.177975
2019-01-26 05:45:00,5.964107
2019-01-26 06:00:00,0.0
2019-01-26 06:15:00,3.5557804
2019-01-26 06:30:00,6.249977
2019-01-26 06:45:00,-0.50601506
2019-01-26 07:00:00,7.2931223
2019-01-26 07:15:00,9.928454
2019-01-26 07:30:00,11.881053
2019-01-26 07:45:00,18.665932
2019-01-26 08:00:00,24.82338
2019-01-26 08:15:00,41.878
2019-01-26 08:30:00,69.30243
2019-01-26 08:45:00,160.54083
2019-01-26 09:00:00,182.13698
2019-01-26 09:15:00,269.9628
2019-01-26 09:30:00,287.03964
2019-01-26 09:45:00,466.5031
2019-01-26 10:00:00,472.92715
2019-01-26 10:15:00,633.6428
2019-01-26 10:30:00,632.64966
2019-01-26 10:45:00,892.4272
2019-01-26 11:00:00,887.0807
2019-01-26 11:15:00,1029.137
2019-01-26 11:30:00,1024.7914
2019-01-26 11:45:00,1231.2156
2019-01-26 12:00:00,1230.0541
2019-01-26 12:15:00,1276.2277
2019-01-26 12:30:00,1279.8918
2019-01-26 12:45:00,1940.3962
2019-01-26 13:00:00,1948.1489
2019-01-26 13:15:00,1778.9213
2019-01-26 13:30:00,1785.769
2019-01-26 13:45:00,1682.0854
2019-01-26 14:00:00,1706.7036
2019-01-26 14:15:00,1638.4736
2019-01-26 14:30:00,1698.3821
2019-01-26 14:45:00,1756.2253
2019-01-26 15:00:00,1783.3357
2019-01-26 15:15:00,1824.5413
2019-01-26 15:30:00,1662.5537
2019-01-26 15:45:00,1546.6703
2019-01-26 16:00:00,1353.6163
2019-01-26 16:15:00,1210.9915
2019-01-26 16:30:00,1020.22485
2019-01-26 16:45:00,814.371
2019-01-26 17:00:00,722.8187
2019-01-26 17:15:00,489.59628
2019-01-26 17:30:00,456.07574
2019-01-26 17:45:00,237.66223
2019-01-26 18:00:00,223.10764
2019-01-26 18:15:00,33.783394
2019-01-26 18:30:00,23.145
2019-01-26 18:45:00,5.4371443
2019-01-26 19:00:00,0.0
2019-01-26 19:15:00,0.0
2019-01-26 19:30:00,0.0
2019-01-26 19:45:00,0.0
2019-01-26 20:00:00,0.035439104
2019-01-26 20:15:00,0.0751656
2019-01-26 20:30:00,0.098797984
2019-01-26 20:45:00,0.11328311
2019-01-26 21:00:00,0.12244816
2019-01-26 21:15:00,0.12842569
2019-01-26 21:30:00,0.13243367
2019-01-26 21:45:00,0.13518715
2019-01-26 22:00:00,0.13711794
2019-01-26 22:15:00,0.1384933
2019-01-26 22:30:00,0.13948412
2019-01-26 22:45:00,0.1402
2019-01-26 23:00:00,0.14071389
2019-01-26 23:15:00,0.14107469
2019-01-26 23:30:00,0.23540461
2019-01-26 23:45:00,0.40144727
2019-01-27 00:00:00,0.4563652
2019-01-27 00:15:00,0.40143728
2019-01-27 00:30:00,0.23537491
2019-01-27 00:45:00,0.14107469
2019-01-27 01:00:00,0.14071389
2019-01-27 01:15:00,0.1402
2019-01-27 01:30:00,0.13948412
2019-01-27 01:45:00,0.1384933
2019-01-27 02:00:00,0.13711794
2019-01-27 02:15:00,0.13518715
2019-01-27 02:30:00,0.13243367
2019-01-27 02:45:00,0.12842569
2019-01-27 03:00:00,0.12244816
2019-01-27 03:15:00,0.11328311
2019-01-27 03:30:00,0.098797984
2019-01-27 03:45:00,0.0751656
2019-01-27 04:00:00,0.035439104
2019-01-27 04:15:00,0.0
2019-01-27 04:30:00,0.0
2019-01-27 04:45:00,0.0
2019-01-27 05:00:00,0.0
2019-01-27 05:15:00,5.4371443
2019-01-27 05:30:00,9.177975
2019-01-27 05:45:00,5.964107
2019-01-27 06:00:00,0.0
2019-01-27 06:15:00,3.5557804
2019-01-27 06:30:00,6.249977
2019-01-27 06:45:00,-0.50601506
2019-01-27 07:00:00,7.2931223
2019-01-27 07:15:00,9.928454
2019-01-27 07:30:00,11.881053
2019-01-27 07:45:00,18.665932
2019-01-27 08:00:00,24.82338
2019-01-27 08:15:00,41.878
2019-01-27 08:30:00,69.30243
2019-01-27 08:45:00,147.30194
2019-01-27 09:00:00,168.42435
2019-01-27 09:15:00,236.56985
2019-01-27 09:30:00,253.4213
2019-01-27 09:45:00,392.59018
2019-01-27 10:00:00,400.12772
2019-01-27 10:15:00,438.73123
2019-01-27 10:30:00,441.35223
2019-01-27 10:45:00,482.038
2019-01-27 11:00:00,482.3385
2019-01-27 11:15:00,618.2347
2019-01-27 11:30:00,616.9118
2019-01-27 11:45:00,960.8605
2019-01-27 12:00:00,960.0139
2019-01-27 12:15:00,1028.9097
2019-01-27 12:30:00,1031.6371
2019-01-27 12:45:00,953.71375
2019-01-27 13:00:00,958.8994
2019-01-27 13:15:00,817.65076
2019-01-27 13:30:00,822.26154
2019-01-27 13:45:00,761.24194
2019-01-27 14:00:00,761.8427
2019-01-27 14:15:00,824.0569
2019-01-27 14:30:00,802.19543
2019-01-27 14:45:00,1003.319
2019-01-27 15:00:00,1121.1343
2019-01-27 15:15:00,1775.3696
2019-01-27 15:30:00,1706.6857
2019-01-27 15:45:00,1504.036
2019-01-27 16:00:00,1404.5759
2019-01-27 16:15:00,1181.6935
2019-01-27 16:30:00,1108.9889
2019-01-27 16:45:00,851.2106
2019-01-27 17:00:00,844.7151
2019-01-27 17:15:00,544.225
2019-01-27 17:30:00,558.0266
2019-01-27 17:45:00,250.32272
2019-01-27 18:00:00,238.57378
2019-01-27 18:15:00,38.133686
2019-01-27 18:30:00,23.735226
2019-01-27 18:45:00,5.4371443
2019-01-27 19:00:00,0.0
2019-01-27 19:15:00,0.0
2019-01-27 19:30:00,0.0
2019-01-27 19:45:00,0.0
2019-01-27 20:00:00,0.035439104
2019-01-27 20:15:00,0.0751656
2019-01-27 20:30:00,0.098797984
2019-01-27 20:45:00,0.11328311
2019-01-27 21:00:00,0.12244816
2019-01-27 21:15:00,0.12842569
2019-01-27 21:30:00,0.13243367
2019-01-27 21:45:00,0.13518715
2019-01-27 22:00:00,0.13711794
2019-01-27 22:15:00,0.1384933
2019-01-27 22:30:00,0.13948412
2019-01-27 22:45:00,0.1402
2019-01-27 23:00:00,0.14071389
2019-01-27 23:15:00,0.14107469
2019-01-27 23:30:00,0.23540461
2019-01-27 23:45:00,0.40144727
2019-01-28 00:00:00,0.4563652
2019-01-28 00:15:00,0.40143728
2019-01-28 00:30:00,0.23537491
2019-01-28 00:45:00,0.14107469
2019-01-28 01:00:00,0.14071389
2019-01-28 01:15:00,0.1402
2019-01-28 01:30:00,0.13948412
2019-01-28 01:45:00,0.1384933
2019-01-28 02:00:00,0.13711794
2019-01-28 02:15:00,0.13518715
2019-01-28 02:30:00,0.13243367
2019-01-28 02:45:00,0.12842569
2019-01-28 03:00:00,0.12244816
2019-01-28 03:15:00,0.11328311
2019-01-28 03:30:00,0.098797984
2019-01-28 03:45:00,0.0751656
2019-01-28 04:00:00,0.035439104
2019-01-28 04:15:00,0.0
2019-01-28 04:30:00,0.0
2019-01-28 04:45:00,0.0
2019-01-28 05:00:00,0.0
2019-01-28 05:15:00,5.4371443
2019-01-28 05:30:00,9.177975
2019-01-28 05:45:00,5.964107
2019-01-28 06:00:00,0.0
2019-01-28 06:15:00,3.5557804
2019-01-28 06:30:00,6.249977
2019-01-28 06:45:00,-0.50601506
2019-01-28 07:00:00,7.2931223
2019-01-28 07:15:00,9.928454
2019-01-28 07:30:00,11.881053
2019-01-28 07:45:00,18.665932
2019-01-28 08:00:00,24.82338
2019-01-28 08:15:00,43.88849
2019-01-28 08:30:00,71.733574
2019-01-28 08:45:00,183.37514
2019-01-28 09:00:00,205.90852
2019-01-28 09:15:00,342.54526
2019-01-28 09:30:00,360.19043
2019-01-28 09:45:00,644.46326
2019-01-28 10:00:00,648.9093
2019-01-28 10:15:00,1041.1045
2019-01-28 10:30:00,1037.0571
2019-01-28 10:45:00,1386.3057
2019-01-28 11:00:00,1376.3218
2019-01-28 11:15:00,1441.646
2019-01-28 11:30:00,1425.9124
2019-01-28 11:45:00,1217.4185
2019-01-28 12:00:00,1216.278
2019-01-28 12:15:00,870.1438
2019-01-28 12:30:00,872.28436
2019-01-28 12:45:00,919.6635
2019-01-28 13:00:00,924.59
2019-01-28 13:15:00,1076.1366
2019-01-28 13:30:00,1082.5137
2019-01-28 13:45:00,1652.2393
2019-01-28 14:00:00,1675.0227
2019-01-28 14:15:00,1604.3147
2019-01-28 14:30:00,1669.5044
2019-01-28 14:45:00,969.8019
2019-01-28 15:00:00,1053.3438
2019-01-28 15:15:00,890.93585
2019-01-28 15:30:00,1028.9946
2019-01-28 15:45:00,782.08276
2019-01-28 16:00:00,907.1167
2019-01-28 16:15:00,635.9344
2019-01-28 16:30:00,693.1644
2019-01-28 16:45:00,519.9421
2019-01-28 17:00:00,514.66455
2019-01-28 17:15:00,366.61676
2019-01-28 17:30:00,344.18884
2019-01-28 17:45:00,191.4212
2019-01-28 18:00:00,169.6446
2019-01-28 18:15:00,24.988297
2019-01-28 18:30:00,21.78439
2019-01-28 18:45:00,5.4371443
2019-01-28 19:00:00,0.0
2019-01-28 19:15:00,0.0
2019-01-28 19:30:00,0.0
2019-01-28 19:45:00,0.0
2019-01-28 20:00:00,0.035439104
2019-01-28 20:15:00,0.0751656
2019-01-28 20:30:00,0.098797984
2019-01-28 20:45:00,0.11328311
2019-01-28 21:00:00,0.12244816
2019-01-28 21:15:00,0.12842569
2019-01-28 21:30:00,0.13243367
2019-01-28 21:45:00,0.13518715
2019-01-28 22:00:00,0.13711794
2019-01-28 22:15:00,0.1384933
2019-01-28 22:30:00,0.13948412
2019-01-28 22:45:00,0.1402
2019-01-28 23:00:00,0.14071389
2019-01-28 23:15:00,0.14107469
2019-01-28 23:30:00,0.23540461
2019-01-28 23:45:00,0.40144727
2019-01-29 00:00:00,0.4563652
2019-01-29 00:15:00,0.40143728
2019-01-29 00:30:00,0.23537491
2019-01-29 00:45:00,0.14107469
2019-01-29 01:00:00,0.14071389
2019-01-29 01:15:00,0.1402
2019-01-29 01:30:00,0.13948412
2019-01-29 01:45:00,0.1384933
2019-01-29 02:00:00,0.13711794
2019-01-29 02:15:00,0.13518715
2019-01-29 02:30:00,0.13243367
2019-01-29 02:45:00,0.12842569
2019-01-29 03:00:00,0.12244816
2019-01-29 03:15:00,0.11328311
2019-01-29 03:30:00,0.098797984
2019-01-29 03:45:00,0.0751656
2019-01-29 04:00:00,0.035439104
2019-01-29 04:15:00,0.0
2019-01-29 04:30:00,0.0
2019-01-29 04:45:00,0.0
2019-01-29 05:00:00,0.0
2019-01-29 05:15:00,5.4371443
2019-01-29 05:30:00,9.177975
2019-01-29 05:45:00,5.964107
2019-01-29 06:00:00,0.0
2019-01-29 06:15:00,3.5557804
2019-01-29 06:30:00,6.249977
2019-01-29 06:45:00,-0.50601506
2019-01-29 07:00:00,7.2931223
2019-01-29 07:15:00,9.928454
2019-01-29 07:30:00,11.881053
2019-01-29 07:45:00,18.665932
2019-01-29 08:00:00,24.82338
2019-01-29 08:15:00,39.887886
2019-01-29 08:30:00,66.885735
2019-01-29 08:45:00,180.27673
2019-01-29 09:00:00,202.67249
2019-01-29 09:15:00,355.37888
2019-01-29 09:30:00,373.15198
2019-01-29 09:45:00,664.0539
2019-01-29 10:00:00,668.42816
2019-01-29 10:15:00,943.67444
2019-01-29 10:30:00,939.4363
2019-01-29 10:45:00,1125.0267
2019-01-29 11:00:00,1118.025
2019-01-29 11:15:00,1544.4539
2019-01-29 11:30:00,1526.5803
2019-01-29 11:45:00,1478.2129
2019-01-29 12:00:00,1474.8423
2019-01-29 12:15:00,1220.8657
2019-01-29 12:30:00,1224.251
2019-01-29 12:45:00,1039.4572
2019-01-29 13:00:00,1045.2048
2019-01-29 13:15:00,909.6024
2019-01-29 13:30:00,915.1308
2019-01-29 13:45:00,1002.8348
2019-01-29 14:00:00,1001.4644
2019-01-29 14:15:00,814.0339
2019-01-29 14:30:00,793.16986
2019-01-29 14:45:00,746.92194
2019-01-29 15:00:00,642.6315
2019-01-29 15:15:00,544.98834
2019-01-29 15:30:00,565.13806
2019-01-29 15:45:00,857.26685
2019-01-29 16:00:00,1018.90735
2019-01-29 16:15:00,1146.9976
2019-01-29 16:30:00,1006.702
2019-01-29 16:45:00,778.84204
2019-01-29 17:00:00,679.0866
2019-01-29 17:15:00,463.61298
2019-01-29 17:30:00,418.5636
2019-01-29 17:45:00,235.58011
2019-01-29 18:00:00,220.58987
2019-01-29 18:15:00,44.60219
2019-01-29 18:30:00,26.824036
2019-01-29 18:45:00,5.4371443
2019-01-29 19:00:00,0.0
2019-01-29 19:15:00,0.0
2019-01-29 19:30:00,0.0
2019-01-29 19:45:00,0.0
2019-01-29 20:00:00,0.035439104
2019-01-29 20:15:00,0.0751656
2019-01-29 20:30:00,0.098797984
2019-01-29 20:45:00,0.11328311
2019-01-29 21:00:00,0.12244816
2019-01-29 21:15:00,0.12842569
2019-01-29 21:30:00,0.13243367
2019-01-29 21:45:00,0.13518715
2019-01-29 22:00:00,0.13711794
2019-01-29 22:15:00,0.1384933
2019-01-29 22:30:00,0.13948412
2019-01-29 22:45:00,0.1402
2019-01-29 23:00:00,0.14071389
2019-01-29 23:15:00,0.14107469
2019-01-29 23:30:00,0.23540461
2019-01-29 23:45:00,0.40144727
2019-01-30 00:00:00,0.4563652
2019-01-30 00:15:00,0.40143728
2019-01-30 00:30:00,0.23537491
2019-01-30 00:45:00,0.14107469
2019-01-30 01:00:00,0.14071389
2019-01-30 01:15:00,0.1402
2019-01-30 01:30:00,0.13948412
2019-01-30 01:45:00,0.1384933
2019-01-30 02:00:00,0.13711794
2019-01-30 02:15:00,0.13518715
2019-01-30 02:30:00,0.13243367
2019-01-30 02:45:00,0.12842569
2019-01-30 03:00:00,0.12244816
2019-01-30 03:15:00,0.11328311
2019-01-30 03:30:00,0.098797984
2019-01-30 03:45:00,0.0751656
2019-01-30 04:00:00,0.035439104
2019-01-30 04:15:00,0.0
2019-01-30 04:30:00,0.0
2019-01-30 04:45:00,0.0
2019-01-30 05:00:00,0.0
2019-01-30 05:15:00,5.4371443
2019-01-30 05:30:00,9.177975
2019-01-30 05:45:00,5.964107
2019-01-30 06:00:00,0.0
2019-01-30 06:15:00,3.5557804
2019-01-30 06:30:00,6.249977
2019-01-30 06:45:00,-0.50601506
2019-01-30 07:00:00,7.2931223
2019-01-30 07:15:00,9.928454
2019-01-30 07:30:00,11.881053
2019-01-30 07:45:00,18.665932
2019-01-30 08:00:00,24.82338
2019-01-30 08:15:00,45.919598
2019-01-30 08:30:00,74.17955
2019-01-30 08:45:00,199.10483
2019-01-30 09:00:00,222.39355
2019-01-30 09:15:00,496.5369
2019-01-30 09:30:00,517.19934
2019-01-30 09:45:00,870.5292
2019-01-30 10:00:00,878.274
2019-01-30 10:15:00,1201.494
2019-01-30 10:30:00,1198.7286
2019-01-30 10:45:00,1557.2146
2019-01-30 11:00:00,1529.3113
2019-01-30 11:15:00,1707.1191
2019-01-30 11:30:00,1688.4247
2019-01-30 11:45:00,1560.4535
2019-01-30 12:00:00,1556.728
2019-01-30 12:15:00,1853.7908
2019-01-30 12:30:00,1862.4688
2019-01-30 12:45:00,1756.8801
2019-01-30 13:00:00,1775.9723
2019-01-30 13:15:00,1371.2246
2019-01-30 13:30:00,1386.5558
2019-01-30 13:45:00,1592.7396
2019-01-30 14:00:00,1608.5952
2019-01-30 14:15:00,1791.136
2019-01-30 14:30:00,1824.2927
2019-01-30 14:45:00,1856.083
2019-01-30 15:00:00,1859.6653
2019-01-30 15:15:00,1718.9031
2019-01-30 15:30:00,1695.1674
2019-01-30 15:45:00,1552.3523
2019-01-30 16:00:00,1370.035
2019-01-30 16:15:00,1184.7886
2019-01-30 16:30:00,1002.8082
2019-01-30 16:45:00,778.84204
2019-01-30 17:00:00,679.0866
2019-01-30 17:15:00,475.57117
2019-01-30 17:30:00,436.47952
2019-01-30 17:45:00,231.41444
2019-01-30 18:00:00,215.54707
2019-01-30 18:15:00,51.003967
2019-01-30 18:30:00,33.158695
2019-01-30 18:45:00,5.4371443
2019-01-30 19:00:00,0.0
2019-01-30 19:15:00,0.0
2019-01-30 19:30:00,0.0
2019-01-30 19:45:00,0.0
2019-01-30 20:00:00,0.035439104
2019-01-30 20:15:00,0.0751656
2019-01-30 20:30:00,0.098797984
2019-01-30 20:45:00,0.11328311
2019-01-30 21:00:00,0.12244816
2019-01-30 21:15:00,0.12842569
2019-01-30 21:30:00,0.13243367
2019-01-30 21:45:00,0.13518715
2019-01-30 22:00:00,0.13711794
2019-01-30 22:15:00,0.1384933
2019-01-30 22:30:00,0.13948412
2019-01-30 22:45:00,0.1402
2019-01-30 23:00:00,0.14071389
2019-01-30 23:15:00,0.14107469
2019-01-30 23:30:00,0.23540461
2019-01-30 23:45:00,0.40144727
2019-01-31 00:00:00,0.4563652
2019-01-31 00:15:00,0.40143728
2019-01-31 00:30:00,0.23537491
2019-01-31 00:45:00,0.14107469
2019-01-31 01:00:00,0.14071389
2019-01-31 01:15:00,0.1402
2019-01-31 01:30:00,0.13948412
2019-01-31 01:45:00,0.1384933
2019-01-31 02:00:00,0.13711794
2019-01-31 02:15:00,0.13518715
2019-01-31 02:30:00,0.13243367
2019-01-31 02:45:00,0.12842569
2019-01-31 03:00:00,0.12244816
2019-01-31 03:15:00,0.11328311
2019-01-31 03:30:00,0.098797984
2019-01-31 03:45:00,0.0751656
2019-01-31 04:00:00,0.035439104
2019-01-31 04:15:00,0.0
2019-01-31 04:30:00,0.0
2019-01-31 04:45:00,0.0
2019-01-31 05:00:00,0.0
2019-01-31 05:15:00,5.4371443
2019-01-31 05:30:00,9.177975
2019-01-31 05:45:00,5.964107
2019-01-31 06:00:00,0.0
2019-01-31 06:15:00,3.5557804
2019-01-31 06:30:00,6.249977
2019-01-31 06:45:00,-0.50601506
2019-01-31 07:00:00,7.2931223
2019-01-31 07:15:00,9.928454
2019-01-31 07:30:00,11.881053
2019-01-31 07:45:00,18.665932
2019-01-31 08:00:00,24.82338
2019-01-31 08:15:00,45.919598
2019-01-31 08:30:00,74.17955
2019-01-31 08:45:00,205.50227
2019-01-31 09:00:00,229.12926
2019-01-31 09:15:00,453.35632
2019-01-31 09:30:00,472.7286
2019-01-31 09:45:00,647.7165
2019-01-31 10:00:00,652.14795
2019-01-31 10:15:00,933.2381
2019-01-31 10:30:00,929.0117
2019-01-31 10:45:00,1156.5615
2019-01-31 11:00:00,1149.327
2019-01-31 11:15:00,1853.4414
2019-01-31 11:30:00,1840.5894
2019-01-31 11:45:00,2093.2258
2019-01-31 12:00:00,2092.279
2019-01-31 12:15:00,2187.953
2019-01-31 12:30:00,2189.4297
2019-01-31 12:45:00,2191.4546
2019-01-31 13:00:00,2193.3665
2019-01-31 13:15:00,2141.9639
2019-01-31 13:30:00,2142.4211
2019-01-31 13:45:00,2262.9124
2019-01-31 14:00:00,2260.2905
2019-01-31 14:15:00,2165.5002
2019-01-31 14:30:00,2159.9988
2019-01-31 14:45:00,2014.2759
2019-01-31 15:00:00,1957.2577
2019-01-31 15:15:00,1762.8857
2019-01-31 15:30:00,1707.815
2019-01-31 15:45:00,1499.3392
2019-01-31 16:00:00,1388.8599
2019-01-31 16:15:00,1189.8687
2019-01-31 16:30:00,1002.0021
2019-01-31 16:45:00,708.8919
2019-01-31 17:00:00,642.1972
2019-01-31 17:15:00,439.79395
2019-01-31 17:30:00,391.7189
2019-01-31 17:45:00,227.23033
2019-01-31 18:00:00,210.49152
2019-01-31 18:15:00,51.003967
2019-01-31 18:30:00,33.158695
2019-01-31 18:45:00,5.541324
2019-01-31 19:00:00,0.0
2019-01-31 19:15:00,0.0
2019-01-31 19:30:00,0.0
2019-01-31 19:45:00,0.0
2019-01-31 20:00:00,0.035439104
2019-01-31 20:15:00,0.0751656
2019-01-31 20:30:00,0.098797984
2019-01-31 20:45:00,0.11328311
2019-01-31 21:00:00,0.12244816
2019-01-31 21:15:00,0.12842569
2019-01-31 21:30:00,0.13243367
2019-01-31 21:45:00,0.13518715
2019-01-31 22:00:00,0.13711794
2019-01-31 22:15:00,0.1384933
2019-01-31 22:30:00,0.13948412
2019-01-31 22:45:00,0.1402
2019-01-31 23:00:00,0.14071389
2019-01-31 23:15:00,0.14107469
2019-01-31 23:30:00,0.23540461
2019-01-31 23:45:00,0.40144727
2019-02-01 00:00:00,0.4563652
2019-02-01 00:15:00,0.40143728
2019-02-01 00:30:00,0.23537491
2019-02-01 00:45:00,0.14107469
2019-02-01 01:00:00,0.14071389
2019-02-01 01:15:00,0.1402
2019-02-01 01:30:00,0.13948412
2019-02-01 01:45:00,0.1384933
2019-02-01 02:00:00,0.13711794
2019-02-01 02:15:00,0.13518715
2019-02-01 02:30:00,0.13243367
2019-02-01 02:45:00,0.12842569
2019-02-01 03:00:00,0.12244816
2019-02-01 03:15:00,0.11328311
2019-02-01 03:30:00,0.098797984
2019-02-01 03:45:00,0.0751656
2019-02-01 04:00:00,0.035439104
2019-02-01 04:15:00,0.0
2019-02-01 04:30:00,0.0
2019-02-01 04:45:00,0.0
2019-02-01 05:00:00,0.0
2019-02-01 05:15:00,5.4371443
2019-02-01 05:30:00,9.177975
2019-02-01 05:45:00,5.964107
2019-02-01 06:00:00,0.0
2019-02-01 06:15:00,3.5557804
2019-02-01 06:30:00,6.249977
2019-02-01 06:45:00,-0.50601506
2019-02-01 07:00:00,7.2931223
2019-02-01 07:15:00,9.928454
2019-02-01 07:30:00,11.881053
2019-02-01 07:45:00,18.665932
2019-02-01 08:00:00,24.82338
2019-02-01 08:15:00,45.919598
2019-02-01 08:30:00,74.17955
2019-02-01 08:45:00,186.48975
2019-02-01 09:00:00,209.16492
2019-02-01 09:15:00,408.67935
2019-02-01 09:30:00,427.15256
2019-02-01 09:45:00,561.812
2019-02-01 10:00:00,566.9533
2019-02-01 10:15:00,825.9244
2019-02-01 10:30:00,822.26154
2019-02-01 10:45:00,1139.0293
2019-02-01 11:00:00,1131.9283
2019-02-01 11:15:00,1557.508
2019-02-01 11:30:00,1539.4089
2019-02-01 11:45:00,1663.6493
2019-02-01 12:00:00,1659.6389
2019-02-01 12:15:00,1807.7944
2019-02-01 12:30:00,1817.8943
2019-02-01 12:45:00,2045.1919
2019-02-01 13:00:00,2050.8535
2019-02-01 13:15:00,2070.2588
2019-02-01 13:30:00,2074.5803
2019-02-01 13:45:00,2138.5747
2019-02-01 14:00:00,2127.4797
2019-02-01 14:15:00,2118.362
2019-02-01 14:30:00,2102.092
2019-02-01 14:45:00,2076.4644
2019-02-01 15:00:00,2030.7861
2019-02-01 15:15:00,1839.3169
2019-02-01 15:30:00,1751.6077
2019-02-01 15:45:00,1526.1213
2019-02-01 16:00:00,1465.1665
2019-02-01 16:15:00,1196.5161
2019-02-01 16:30:00,1152.4471
2019-02-01 16:45:00,858.75134
2019-02-01 17:00:00,864.1092
2019-02-01 17:15:00,552.90875
2019-02-01 17:30:00,573.34924
2019-02-01 17:45:00,252.48672
2019-02-01 18:00:00,241.70932
2019-02-01 18:15:00,44.60219
2019-02-01 18:30:00,26.824036
2019-02-01 18:45:00,5.541324
2019-02-01 19:00:00,0.0
2019-02-01 19:15:00,0.0
2019-02-01 19:30:00,0.0
2019-02-01 19:45:00,0.0
2019-02-01 20:00:00,0.035439104
2019-02-01 20:15:00,0.0751656
2019-02-01 20:30:00,0.098797984
2019-02-01 20:45:00,0.11328311
2019-02-01 21:00:00,0.12244816
2019-02-01 21:15:00,0.12842569
2019-02-01 21:30:00,0.13243367
2019-02-01 21:45:00,0.13518715
2019-02-01 22:00:00,0.13711794
2019-02-01 22:15:00,0.1384933
2019-02-01 22:30:00,0.13948412
2019-02-01 22:45:00,0.1402
2019-02-01 23:00:00,0.14071389
2019-02-01 23:15:00,0.14107469
2019-02-01 23:30:00,0.23540461
2019-02-01 23:45:00,0.40144727
2019-02-02 00:00:00,0.4563652
2019-02-02 00:15:00,0.40143728
2019-02-02 00:30:00,0.23537491
2019-02-02 00:45:00,0.14107469
2019-02-02 01:00:00,0.14071389
2019-02-02 01:15:00,0.1402
2019-02-02 01:30:00,0.13948412
2019-02-02 01:45:00,0.1384933
2019-02-02 02:00:00,0.13711794
2019-02-02 02:15:00,0.13518715
2019-02-02 02:30:00,0.13243367
2019-02-02 02:45:00,0.12842569
2019-02-02 03:00:00,0.12244816
2019-02-02 03:15:00,0.11328311
2019-02-02 03:30:00,0.098797984
2019-02-02 03:45:00,0.0751656
2019-02-02 04:00:00,0.035439104
2019-02-02 04:15:00,0.0
2019-02-02 04:30:00,0.0
2019-02-02 04:45:00,0.0
2019-02-02 05:00:00,0.0
2019-02-02 05:15:00,5.4371443
2019-02-02 05:30:00,9.177975
2019-02-02 05:45:00,5.964107
2019-02-02 06:00:00,0.0
2019-02-02 06:15:00,3.5557804
2019-02-02 06:30:00,6.249977
2019-02-02 06:45:00,-0.50601506
2019-02-02 07:00:00,7.2931223
2019-02-02 07:15:00,9.928454
2019-02-02 07:30:00,11.881053
2019-02-02 07:45:00,18.665932
2019-02-02 08:00:00,24.82338
2019-02-02 08:15:00,46.942818
2019-02-02 08:30:00,75.4079
2019-02-02 08:45:00,203.89784
2019-02-02 09:00:00,227.43745
2019-02-02 09:15:00,505.28665
2019-02-02 09:30:00,526.2766
2019-02-02 09:45:00,863.92926
2019-02-02 10:00:00,871.39465
2019-02-02 10:15:00,1191.0105
2019-02-02 10:30:00,1188.0795
2019-02-02 10:45:00,1557.2146
2019-02-02 11:00:00,1529.3113
2019-02-02 11:15:00,1931.4158
2019-02-02 11:30:00,1923.0974
2019-02-02 11:45:00,2136.6072
2019-02-02 12:00:00,2135.8552
2019-02-02 12:15:00,2246.1182
2019-02-02 12:30:00,2247.1921
2019-02-02 12:45:00,2300.7698
2019-02-02 13:00:00,2302.2732
2019-02-02 13:15:00,2139.2705
2019-02-02 13:30:00,2139.8677
2019-02-02 13:45:00,2011.6196
2019-02-02 14:00:00,2015.2898
2019-02-02 14:15:00,2088.1445
2019-02-02 14:30:00,2069.7788
2019-02-02 14:45:00,2006.6913
2019-02-02 15:00:00,1949.8588
2019-02-02 15:15:00,1823.9922
2019-02-02 15:30:00,1665.5695
2019-02-02 15:45:00,1505.7056
2019-02-02 16:00:00,1419.6184
2019-02-02 16:15:00,1201.8867
2019-02-02 16:30:00,1165.3901
2019-02-02 16:45:00,846.1779
2019-02-02 17:00:00,830.78394
2019-02-02 17:15:00,548.4983
2019-02-02 17:30:00,565.69965
2019-02-02 17:45:00,256.88477
2019-02-02 18:00:00,248.00806
2019-02-02 18:15:00,55.235466
2019-02-02 18:30:00,37.80775
2019-02-02 18:45:00,5.541324
2019-02-02 19:00:00,0.0
2019-02-02 19:15:00,0.0
2019-02-02 19:30:00,0.0
2019-02-02 19:45:00,0.0
2019-02-02 20:00:00,0.035439104
2019-02-02 20:15:00,0.0751656
2019-02-02 20:30:00,0.098797984
2019-02-02 20:45:00,0.11328311
2019-02-02 21:00:00,0.12244816
2019-02-02 21:15:00,0.12842569
2019-02-02 21:30:00,0.13243367
2019-02-02 21:45:00,0.13518715
2019-02-02 22:00:00,0.13711794
2019-02-02 22:15:00,0.1384933
2019-02-02 22:30:00,0.13948412
2019-02-02 22:45:00,0.1402
2019-02-02 23:00:00,0.14071389
2019-02-02 23:15:00,0.14107469
2019-02-02 23:30:00,0.23540461
2019-02-02 23:45:00,0.40144727
2019-02-03 00:00:00,0.4563652
2019-02-03 00:15:00,0.40143728
2019-02-03 00:30:00,0.23537491
2019-02-03 00:45:00,0.14107469
2019-02-03 01:00:00,0.14071389
2019-02-03 01:15:00,0.1402
2019-02-03 01:30:00,0.13948412
2019-02-03 01:45:00,0.1384933
2019-02-03 02:00:00,0.13711794
2019-02-03 02:15:00,0.13518715
2019-02-03 02:30:00,0.13243367
2019-02-03 02:45:00,0.12842569
2019-02-03 03:00:00,0.12244816
2019-02-03 03:15:00,0.11328311
2019-02-03 03:30:00,0.098797984
2019-02-03 03:45:00,0.0751656
2019-02-03 04:00:00,0.035439104
2019-02-03 04:15:00,0.0
2019-02-03 04:30:00,0.0
2019-02-03 04:45:00,0.0
2019-02-03 05:00:00,0.0
2019-02-03 05:15:00,5.4371443
2019-02-03 05:30:00,9.177975
2019-02-03 05:45:00,5.964107
2019-02-03 06:00:00,0.0
2019-02-03 06:15:00,3.5557804
2019-02-03 06:30:00,6.249977
2019-02-03 06:45:00,-0.50601506
2019-02-03 07:00:00,7.2931223
2019-02-03 07:15:00,9.928454
2019-02-03 07:30:00,11.881053
2019-02-03 07:45:00,18.665932
2019-02-03 08:00:00,24.82338
2019-02-03 08:15:00,49.005093
2019-02-03 08:30:00,77.87585
2019-02-03 08:45:00,216.83281
2019-02-03 09:00:00,241.5346
2019-02-03 09:15:00,525.8042
2019-02-03 09:30:00,547.6704
2019-02-03 09:45:00,883.68066
2019-02-03 10:00:00,892.02936
2019-02-03 10:15:00,1215.4557
2019-02-03 10:30:00,1212.9597
2019-02-03 10:45:00,1596.3181
2019-02-03 11:00:00,1568.9263
2019-02-03 11:15:00,1826.5319
2019-02-03 11:30:00,1812.099
2019-02-03 11:45:00,1746.6582
2019-02-03 12:00:00,1742.7219
2019-02-03 12:15:00,1509.5859
2019-02-03 12:30:00,1520.183
2019-02-03 12:45:00,1544.4539
2019-02-03 13:00:00,1568.9263
2019-02-03 13:15:00,1602.761
2019-02-03 13:30:00,1620.6447
2019-02-03 13:45:00,1545.6882
2019-02-03 14:00:00,1553.3916
2019-02-03 14:15:00,1321.0549
2019-02-03 14:30:00,1406.4407
2019-02-03 14:45:00,1796.9004
2019-02-03 15:00:00,1814.5403
2019-02-03 15:15:00,1818.8936
2019-02-03 15:30:00,1685.8004
2019-02-03 15:45:00,1512.1758
2019-02-03 16:00:00,1438.5398
2019-02-03 16:15:00,1188.8955
2019-02-03 16:30:00,1132.9963
2019-02-03 16:45:00,853.00806
2019-02-03 17:00:00,849.48376
2019-02-03 17:15:00,580.1979
2019-02-03 17:30:00,615.9034
2019-02-03 17:45:00,312.72284
2019-02-03 18:00:00,320.7627
2019-02-03 18:15:00,67.75889
2019-02-03 18:30:00,54.27216
2019-02-03 18:45:00,5.6429534
2019-02-03 19:00:00,0.0
2019-02-03 19:15:00,0.0
2019-02-03 19:30:00,0.0
2019-02-03 19:45:00,0.0
2019-02-03 20:00:00,0.035439104
2019-02-03 20:15:00,0.0751656
2019-02-03 20:30:00,0.098797984
2019-02-03 20:45:00,0.11328311
2019-02-03 21:00:00,0.12244816
2019-02-03 21:15:00,0.12842569
2019-02-03 21:30:00,0.13243367
2019-02-03 21:45:00,0.13518715
2019-02-03 22:00:00,0.13711794
2019-02-03 22:15:00,0.1384933
2019-02-03 22:30:00,0.13948412
2019-02-03 22:45:00,0.1402
2019-02-03 23:00:00,0.14071389
2019-02-03 23:15:00,0.14107469
2019-02-03 23:30:00,0.23540461
2019-02-03 23:45:00,0.40144727
2019-02-04 00:00:00,0.4563652
2019-02-04 00:15:00,0.40143728
2019-02-04 00:30:00,0.23537491
2019-02-04 00:45:00,0.14107469
2019-02-04 01:00:00,0.14071389
2019-02-04 01:15:00,0.1402
2019-02-04 01:30:00,0.13948412
2019-02-04 01:45:00,0.1384933
2019-02-04 02:00:00,0.13711794
2019-02-04 02:15:00,0.13518715
2019-02-04 02:30:00,0.13243367
2019-02-04 02:45:00,0.12842569
2019-02-04 03:00:00,0.12244816
2019-02-04 03:15:00,0.11328311
2019-02-04 03:30:00,0.098797984
2019-02-04 03:45:00,0.0751656
2019-02-04 04:00:00,0.035439104
2019-02-04 04:15:00,0.0
2019-02-04 04:30:00,0.0
2019-02-04 04:45:00,0.0
2019-02-04 05:00:00,0.0
2019-02-04 05:15:00,5.4371443
2019-02-04 05:30:00,9.177975
2019-02-04 05:45:00,5.964107
2019-02-04 06:00:00,0.0
2019-02-04 06:15:00,3.5557804
2019-02-04 06:30:00,6.249977
2019-02-04 06:45:00,-0.50601506
2019-02-04 07:00:00,7.2931223
2019-02-04 07:15:00,9.928454
2019-02-04 07:30:00,11.881053
2019-02-04 07:45:00,18.665932
2019-02-04 08:00:00,24.82338
2019-02-04 08:15:00,42.880825
2019-02-04 08:30:00,70.516205
2019-02-04 08:45:00,200.6988
2019-02-04 09:00:00,224.0698
2019-02-04 09:15:00,516.99603
2019-02-04 09:30:00,538.4665
2019-02-04 09:45:00,873.8236
2019-02-04 10:00:00,881.71313
2019-02-04 10:15:00,1208.4786
2019-02-04 10:30:00,1205.8387
2019-02-04 10:45:00,1602.761
2019-02-04 11:00:00,1575.5293
2019-02-04 11:15:00,1926.8682
2019-02-04 11:30:00,1918.3225
2019-02-04 11:45:00,2083.2375
2019-02-04 12:00:00,2082.244
2019-02-04 12:15:00,2093.2258
2019-02-04 12:30:00,2095.877
2019-02-04 12:45:00,1874.053
2019-02-04 13:00:00,1884.7346
2019-02-04 13:15:00,1959.9631
2019-02-04 13:30:00,1968.5457
2019-02-04 13:45:00,1824.8372
2019-02-04 14:00:00,1846.8049
2019-02-04 14:15:00,1119.9661
2019-02-04 14:30:00,1045.5989
2019-02-04 14:45:00,1552.2998
2019-02-04 15:00:00,1626.7012
2019-02-04 15:15:00,1852.5624
2019-02-04 15:30:00,1773.3792
2019-02-04 15:45:00,1587.8855
2019-02-04 16:00:00,1567.8529
2019-02-04 16:15:00,1261.7931
2019-02-04 16:30:00,1326.4685
2019-02-04 16:45:00,936.19006
2019-02-04 17:00:00,1019.0361
2019-02-04 17:15:00,607.11
2019-02-04 17:30:00,655.5839
2019-02-04 17:45:00,278.21347
2019-02-04 18:00:00,277.70673
2019-02-04 18:15:00,53.123417
2019-02-04 18:30:00,35.43596
2019-02-04 18:45:00,5.6429534
2019-02-04 19:00:00,0.0
2019-02-04 19:15:00,0.0
2019-02-04 19:30:00,0.0
2019-02-04 19:45:00,0.0
2019-02-04 20:00:00,0.035439104
2019-02-04 20:15:00,0.0751656
2019-02-04 20:30:00,0.098797984
2019-02-04 20:45:00,0.11328311
2019-02-04 21:00:00,0.12244816
2019-02-04 21:15:00,0.12842569
2019-02-04 21:30:00,0.13243367
2019-02-04 21:45:00,0.13518715
2019-02-04 22:00:00,0.13711794
2019-02-04 22:15:00,0.1384933
2019-02-04 22:30:00,0.13948412
2019-02-04 22:45:00,0.1402
2019-02-04 23:00:00,0.14071389
2019-02-04 23:15:00,0.14107469
2019-02-04 23:30:00,0.23540461
2019-02-04 23:45:00,0.40144727
2019-02-05 00:00:00,0.4563652
2019-02-05 00:15:00,0.40143728
2019-02-05 00:30:00,0.23537491
2019-02-05 00:45:00,0.14107469
2019-02-05 01:00:00,0.14071389
2019-02-05 01:15:00,0.1402
2019-02-05 01:30:00,0.13948412
2019-02-05 01:45:00,0.1384933
2019-02-05 02:00:00,0.13711794
2019-02-05 02:15:00,0.13518715
2019-02-05 02:30:00,0.13243367
2019-02-05 02:45:00,0.12842569
2019-02-05 03:00:00,0.12244816
2019-02-05 03:15:00,0.11328311
2019-02-05 03:30:00,0.098797984
2019-02-05 03:45:00,0.0751656
2019-02-05 04:00:00,0.035439104
2019-02-05 04:15:00,0.0
2019-02-05 04:30:00,0.0
2019-02-05 04:45:00,0.0
2019-02-05 05:00:00,0.0
2019-02-05 05:15:00,5.4371443
2019-02-05 05:30:00,9.177975
2019-02-05 05:45:00,5.964107
2019-02-05 06:00:00,0.0
2019-02-05 06:15:00,3.5557804
2019-02-05 06:30:00,6.249977
2019-02-05 06:45:00,-0.50601506
2019-02-05 07:00:00,7.2931223
2019-02-05 07:15:00,9.928454
2019-02-05 07:30:00,11.881053
2019-02-05 07:45:00,18.665932
2019-02-05 08:00:00,24.82338
2019-02-05 08:15:00,41.878
2019-02-05 08:30:00,69.30243
2019-02-05 08:45:00,177.19452
2019-02-05 09:00:00,199.45677
2019-02-05 09:15:00,378.98557
2019-02-05 09:30:00,397.03012
2019-02-05 09:45:00,730.3138
2019-02-05 10:00:00,734.8202
2019-02-05 10:15:00,999.3548
2019-02-05 10:30:00,995.1667
2019-02-05 10:45:00,1220.0648
2019-02-05 11:00:00,1212.2324
2019-02-05 11:15:00,1564.0452
2019-02-05 11:30:00,1545.8389
2019-02-05 11:45:00,1926.4185
2019-02-05 12:00:00,1924.1365
2019-02-05 12:15:00,2089.924
2019-02-05 12:30:00,2092.6172
2019-02-05 12:45:00,2155.5095
2019-02-05 13:00:00,2158.3142
2019-02-05 13:15:00,2139.2705
2019-02-05 13:30:00,2139.8677
2019-02-05 13:45:00,2032.383
2019-02-05 14:00:00,2033.6819
2019-02-05 14:15:00,1857.553
2019-02-05 14:30:00,1878.1082
2019-02-05 14:45:00,1785.2029
2019-02-05 15:00:00,1805.5675
2019-02-05 15:15:00,1737.6876
2019-02-05 15:30:00,1702.8555
2019-02-05 15:45:00,1442.9863
2019-02-05 16:00:00,1378.8752
2019-02-05 16:15:00,911.5283
2019-02-05 16:30:00,911.65704
2019-02-05 16:45:00,636.31616
2019-02-05 17:00:00,600.5889
2019-02-05 17:15:00,386.56512
2019-02-05 17:30:00,355.14377
2019-02-05 17:45:00,160.26788
2019-02-05 18:00:00,134.60587
2019-02-05 18:15:00,20.54082
2019-02-05 18:30:00,21.032385
2019-02-05 18:45:00,5.541324
2019-02-05 19:00:00,0.0
2019-02-05 19:15:00,0.0
2019-02-05 19:30:00,0.0
2019-02-05 19:45:00,0.0
2019-02-05 20:00:00,0.035439104
2019-02-05 20:15:00,0.0751656
2019-02-05 20:30:00,0.098797984
2019-02-05 20:45:00,0.11328311
2019-02-05 21:00:00,0.12244816
2019-02-05 21:15:00,0.12842569
2019-02-05 21:30:00,0.13243367
2019-02-05 21:45:00,0.13518715
2019-02-05 22:00:00,0.13711794
2019-02-05 22:15:00,0.1384933
2019-02-05 22:30:00,0.13948412
2019-02-05 22:45:00,0.1402
2019-02-05 23:00:00,0.14071389
2019-02-05 23:15:00,0.14107469
2019-02-05 23:30:00,0.23540461
2019-02-05 23:45:00,0.40144727
2019-02-06 00:00:00,0.4563652
2019-02-06 00:15:00,0.40143728
2019-02-06 00:30:00,0.23537491
2019-02-06 00:45:00,0.14107469
2019-02-06 01:00:00,0.14071389
2019-02-06 01:15:00,0.1402
2019-02-06 01:30:00,0.13948412
2019-02-06 01:45:00,0.1384933
2019-02-06 02:00:00,0.13711794
2019-02-06 02:15:00,0.13518715
2019-02-06 02:30:00,0.13243367
2019-02-06 02:45:00,0.12842569
2019-02-06 03:00:00,0.12244816
2019-02-06 03:15:00,0.11328311
2019-02-06 03:30:00,0.098797984
2019-02-06 03:45:00,0.0751656
2019-02-06 04:00:00,0.035439104
2019-02-06 04:15:00,0.0
2019-02-06 04:30:00,0.0
2019-02-06 04:45:00,0.0
2019-02-06 05:00:00,0.0
2019-02-06 05:15:00,5.4371443
2019-02-06 05:30:00,9.177975
2019-02-06 05:45:00,5.964107
2019-02-06 06:00:00,0.0
2019-02-06 06:15:00,3.5557804
2019-02-06 06:30:00,6.249977
2019-02-06 06:45:00,-0.50601506
2019-02-06 07:00:00,7.2931223
2019-02-06 07:15:00,9.928454
2019-02-06 07:30:00,11.881053
2019-02-06 07:45:00,18.665932
2019-02-06 08:00:00,24.82338
2019-02-06 08:15:00,45.919598
2019-02-06 08:30:00,74.17955
2019-02-06 08:45:00,175.65906
2019-02-06 09:00:00,197.85704
2019-02-06 09:15:00,408.67935
2019-02-06 09:30:00,427.15256
2019-02-06 09:45:00,726.9753
2019-02-06 10:00:00,731.4585
2019-02-06 10:15:00,1048.0615
2019-02-06 10:30:00,1044.0454
2019-02-06 10:45:00,1334.9921
2019-02-06 11:00:00,1325.8655
2019-02-06 11:15:00,1719.7556
2019-02-06 11:30:00,1701.2698
2019-02-06 11:45:00,2013.7252
2019-02-06 12:00:00,2012.3352
2019-02-06 12:15:00,2169.93
2019-02-06 12:30:00,2171.6091
2019-02-06 12:45:00,2246.4385
2019-02-06 13:00:00,2247.597
2019-02-06 13:15:00,2275.221
2019-02-06 13:30:00,2270.2559
2019-02-06 13:45:00,2250.96
2019-02-06 14:00:00,2244.2837
2019-02-06 14:15:00,2181.5903
2019-02-06 14:30:00,2178.211
2019-02-06 14:45:00,2059.5977
2019-02-06 15:00:00,2011.7797
2019-02-06 15:15:00,1824.4592
2019-02-06 15:30:00,1720.6772
2019-02-06 15:45:00,1509.8845
2019-02-06 16:00:00,1432.9834
2019-02-06 16:15:00,1185.2605
2019-02-06 16:30:00,1122.3242
2019-02-06 16:45:00,843.1257
2019-02-06 17:00:00,821.8417
2019-02-06 17:15:00,500.42786
2019-02-06 17:30:00,473.6848
2019-02-06 17:45:00,231.41444
2019-02-06 18:00:00,215.54707
2019-02-06 18:15:00,51.003967
2019-02-06 18:30:00,33.158695
2019-02-06 18:45:00,5.7420835
2019-02-06 19:00:00,0.0
2019-02-06 19:15:00,0.0
2019-02-06 19:30:00,0.0
2019-02-06 19:45:00,0.0
2019-02-06 20:00:00,0.035439104
2019-02-06 20:15:00,0.0751656
2019-02-06 20:30:00,0.098797984
2019-02-06 20:45:00,0.11328311
2019-02-06 21:00:00,0.12244816
2019-02-06 21:15:00,0.12842569
2019-02-06 21:30:00,0.13243367
2019-02-06 21:45:00,0.13518715
2019-02-06 22:00:00,0.13711794
2019-02-06 22:15:00,0.1384933
2019-02-06 22:30:00,0.13948412
2019-02-06 22:45:00,0.1402
2019-02-06 23:00:00,0.14071389
2019-02-06 23:15:00,0.14107469
2019-02-06 23:30:00,0.23540461
2019-02-06 23:45:00,0.40144727
2019-02-07 00:00:00,0.4563652
2019-02-07 00:15:00,0.40143728
2019-02-07 00:30:00,0.23537491
2019-02-07 00:45:00,0.14107469
2019-02-07 01:00:00,0.14071389
2019-02-07 01:15:00,0.1402
2019-02-07 01:30:00,0.13948412
2019-02-07 01:45:00,0.1384933
2019-02-07 02:00:00,0.13711794
2019-02-07 02:15:00,0.13518715
2019-02-07 02:30:00,0.13243367
2019-02-07 02:45:00,0.12842569
2019-02-07 03:00:00,0.12244816
2019-02-07 03:15:00,0.11328311
2019-02-07 03:30:00,0.098797984
2019-02-07 03:45:00,0.0751656
2019-02-07 04:00:00,0.035439104
2019-02-07 04:15:00,0.0
2019-02-07 04:30:00,0.0
2019-02-07 04:45:00,0.0
2019-02-07 05:00:00,0.0
2019-02-07 05:15:00,5.4371443
2019-02-07 05:30:00,9.177975
2019-02-07 05:45:00,5.964107
2019-02-07 06:00:00,0.0
2019-02-07 06:15:00,3.5557804
2019-02-07 06:30:00,6.249977
2019-02-07 06:45:00,-0.50601506
2019-02-07 07:00:00,7.2931223
2019-02-07 07:15:00,9.928454
2019-02-07 07:30:00,11.881053
2019-02-07 07:45:00,18.665932
2019-02-07 08:00:00,24.82338
2019-02-07 08:15:00,50.04416
2019-02-07 08:30:00,79.115135
2019-02-07 08:45:00,220.09923
2019-02-07 09:00:00,245.94945
2019-02-07 09:15:00,537.5739
2019-02-07 09:30:00,560.0206
2019-02-07 09:45:00,886.95825
2019-02-07 10:00:00,895.46686
2019-02-07 10:15:00,1173.53
2019-02-07 10:30:00,1170.3783
2019-02-07 10:45:00,1438.3799
2019-02-07 11:00:00,1412.3485
2019-02-07 11:15:00,1479.794
2019-02-07 11:30:00,1463.2161
2019-02-07 11:45:00,1515.9021
2019-02-07 12:00:00,1512.3619
2019-02-07 12:15:00,1573.2786
2019-02-07 12:30:00,1584.6167
2019-02-07 12:45:00,1750.7842
2019-02-07 13:00:00,1770.2864
2019-02-07 13:15:00,1349.4718
2019-02-07 13:30:00,1355.8668
2019-02-07 13:45:00,1027.1898
2019-02-07 14:00:00,1025.1635
2019-02-07 14:15:00,880.39905
2019-02-07 14:30:00,851.31464
2019-02-07 14:45:00,826.8108
2019-02-07 15:00:00,808.65576
2019-02-07 15:15:00,904.86237
2019-02-07 15:30:00,1052.2163
2019-02-07 15:45:00,1154.8788
2019-02-07 16:00:00,1224.7881
2019-02-07 16:15:00,1111.1633
2019-02-07 16:30:00,1003.2555
2019-02-07 16:45:00,701.9513
2019-02-07 17:00:00,638.54694
2019-02-07 17:15:00,465.69702
2019-02-07 17:30:00,421.4406
2019-02-07 17:45:00,246.052
2019-02-07 18:00:00,233.17184
2019-02-07 18:15:00,73.92772
2019-02-07 18:30:00,63.921757
2019-02-07 18:45:00,5.8386846
2019-02-07 19:00:00,0.0
2019-02-07 19:15:00,0.0
2019-02-07 19:30:00,0.0
2019-02-07 19:45:00,0.0
2019-02-07 20:00:00,0.035439104
2019-02-07 20:15:00,0.0751656
2019-02-07 20:30:00,0.098797984
2019-02-07 20:45:00,0.11328311
2019-02-07 21:00:00,0.12244816
2019-02-07 21:15:00,0.12842569
2019-02-07 21:30:00,0.13243367
2019-02-07 21:45:00,0.13518715
2019-02-07 22:00:00,0.13711794
2019-02-07 22:15:00,0.1384933
2019-02-07 22:30:00,0.13948412
2019-02-07 22:45:00,0.1402
2019-02-07 23:00:00,0.14071389
2019-02-07 23:15:00,0.14107469
2019-02-07 23:30:00,0.23540461
2019-02-07 23:45:00,0.40144727
2019-02-08 00:00:00,0.4563652
2019-02-08 00:15:00,0.40143728
2019-02-08 00:30:00,0.23537491
2019-02-08 00:45:00,0.14107469
2019-02-08 01:00:00,0.14071389
2019-02-08 01:15:00,0.1402
2019-02-08 01:30:00,0.13948412
2019-02-08 01:45:00,0.1384933
2019-02-08 02:00:00,0.13711794
2019-02-08 02:15:00,0.13518715
2019-02-08 02:30:00,0.13243367
2019-02-08 02:45:00,0.12842569
2019-02-08 03:00:00,0.12244816
2019-02-08 03:15:00,0.11328311
2019-02-08 03:30:00,0.098797984
2019-02-08 03:45:00,0.0751656
2019-02-08 04:00:00,0.035439104
2019-02-08 04:15:00,0.0
2019-02-08 04:30:00,0.0
2019-02-08 04:45:00,0.0
2019-02-08 05:00:00,0.0
2019-02-08 05:15:00,5.4371443
2019-02-08 05:30:00,9.177975
2019-02-08 05:45:00,5.964107
2019-02-08 06:00:00,0.0
2019-02-08 06:15:00,3.5557804
2019-02-08 06:30:00,6.249977
2019-02-08 06:45:00,-0.50601506
2019-02-08 07:00:00,7.2931223
2019-02-08 07:15:00,9.928454
2019-02-08 07:30:00,11.881053
2019-02-08 07:45:00,18.665932
2019-02-08 08:00:00,24.82338
2019-02-08 08:15:00,54.253716
2019-02-08 08:30:00,84.10909
2019-02-08 08:45:00,197.51451
2019-02-08 09:00:00,220.7223
2019-02-08 09:15:00,397.77835
2019-02-08 09:30:00,416.08185
2019-02-08 09:45:00,654.2387
2019-02-08 10:00:00,658.64294
2019-02-08 10:15:00,884.6098
2019-02-08 10:30:00,880.54034
2019-02-08 10:45:00,916.4872
2019-02-08 11:00:00,910.91833
2019-02-08 11:15:00,889.2051
2019-02-08 11:30:00,885.6617
2019-02-08 11:45:00,876.7978
2019-02-08 12:00:00,876.06396
2019-02-08 12:15:00,797.90234
2019-02-08 12:30:00,799.70856
2019-02-08 12:45:00,799.34326
2019-02-08 13:00:00,803.1545
2019-02-08 13:15:00,810.93207
2019-02-08 13:30:00,815.4624
2019-02-08 13:45:00,819.06177
2019-02-08 14:00:00,819.8537
2019-02-08 14:15:00,824.0569
2019-02-08 14:30:00,802.19543
2019-02-08 14:45:00,765.932
2019-02-08 15:00:00,661.4961
2019-02-08 15:15:00,918.7911
2019-02-08 15:30:00,1075.0902
2019-02-08 15:45:00,905.0173
2019-02-08 16:00:00,1065.0942
2019-02-08 16:15:00,703.357
2019-02-08 16:30:00,745.35376
2019-02-08 16:45:00,554.37524
2019-02-08 17:00:00,541.7884
2019-02-08 17:15:00,417.52475
2019-02-08 17:30:00,371.79807
2019-02-08 17:45:00,233.49829
2019-02-08 18:00:00,218.06989
2019-02-08 18:15:00,84.08465
2019-02-08 18:30:00,81.34573
2019-02-08 18:45:00,6.0242677
2019-02-08 19:00:00,0.0
2019-02-08 19:15:00,0.0
2019-02-08 19:30:00,0.0
2019-02-08 19:45:00,0.0
2019-02-08 20:00:00,0.035439104
2019-02-08 20:15:00,0.0751656
2019-02-08 20:30:00,0.098797984
2019-02-08 20:45:00,0.11328311
2019-02-08 21:00:00,0.12244816
2019-02-08 21:15:00,0.12842569
2019-02-08 21:30:00,0.13243367
2019-02-08 21:45:00,0.13518715
2019-02-08 22:00:00,0.13711794
2019-02-08 22:15:00,0.1384933
2019-02-08 22:30:00,0.13948412
2019-02-08 22:45:00,0.1402
2019-02-08 23:00:00,0.14071389
2019-02-08 23:15:00,0.14107469
2019-02-08 23:30:00,0.23540461
2019-02-08 23:45:00,0.40144727
2019-02-09 00:00:00,0.4563652
2019-02-09 00:15:00,0.40143728
2019-02-09 00:30:00,0.23537491
2019-02-09 00:45:00,0.14107469
2019-02-09 01:00:00,0.14071389
2019-02-09 01:15:00,0.1402
2019-02-09 01:30:00,0.13948412
2019-02-09 01:45:00,0.1384933
2019-02-09 02:00:00,0.13711794
2019-02-09 02:15:00,0.13518715
2019-02-09 02:30:00,0.13243367
2019-02-09 02:45:00,0.12842569
2019-02-09 03:00:00,0.12244816
2019-02-09 03:15:00,0.11328311
2019-02-09 03:30:00,0.098797984
2019-02-09 03:45:00,0.0751656
2019-02-09 04:00:00,0.035439104
2019-02-09 04:15:00,0.0
2019-02-09 04:30:00,0.0
2019-02-09 04:45:00,0.0
2019-02-09 05:00:00,0.0
2019-02-09 05:15:00,5.4371443
2019-02-09 05:30:00,9.177975
2019-02-09 05:45:00,5.964107
2019-02-09 06:00:00,0.0
2019-02-09 06:15:00,3.5557804
2019-02-09 06:30:00,6.249977
2019-02-09 06:45:00,-0.50601506
2019-02-09 07:00:00,7.2931223
2019-02-09 07:15:00,9.928454
2019-02-09 07:30:00,11.881053
2019-02-09 07:45:00,18.665932
2019-02-09 08:00:00,24.82338
2019-02-09 08:15:00,50.04416
2019-02-09 08:30:00,79.115135
2019-02-09 08:45:00,162.03358
2019-02-09 09:00:00,183.6863
2019-02-09 09:15:00,276.8736
2019-02-09 09:30:00,293.99808
2019-02-09 09:45:00,489.58072
2019-02-09 10:00:00,495.66757
2019-02-09 10:15:00,727.75977
2019-02-09 10:30:00,725.25275
2019-02-09 10:45:00,919.93274
2019-02-09 11:00:00,914.33295
2019-02-09 11:15:00,895.95624
2019-02-09 11:30:00,892.3674
2019-02-09 11:45:00,870.1438
2019-02-09 12:00:00,869.4197
2019-02-09 12:15:00,1056.2341
2019-02-09 12:30:00,1059.0463
2019-02-09 12:45:00,1550.9773
2019-02-09 13:00:00,1575.5293
2019-02-09 13:15:00,1942.6566
2019-02-09 13:30:00,1951.4799
2019-02-09 13:45:00,1932.0933
2019-02-09 14:00:00,1944.5701
2019-02-09 14:15:00,1321.0549
2019-02-09 14:30:00,1406.4407
2019-02-09 14:45:00,1003.319
2019-02-09 15:00:00,1121.1343
2019-02-09 15:15:00,1122.275
2019-02-09 15:30:00,1270.0779
2019-02-09 15:45:00,1363.6802
2019-02-09 16:00:00,1344.1254
2019-02-09 16:15:00,1079.0471
2019-02-09 16:30:00,994.41394
2019-02-09 16:45:00,741.16284
2019-02-09 17:00:00,658.3168
2019-02-09 17:15:00,491.82202
2019-02-09 17:30:00,459.50842
2019-02-09 17:45:00,261.39136
2019-02-09 18:00:00,254.36534
2019-02-09 18:15:00,86.09958
2019-02-09 18:30:00,84.92665
2019-02-09 18:45:00,6.0242677
2019-02-09 19:00:00,0.0
2019-02-09 19:15:00,0.0
2019-02-09 19:30:00,0.0
2019-02-09 19:45:00,0.0
2019-02-09 20:00:00,0.035439104
2019-02-09 20:15:00,0.0751656
2019-02-09 20:30:00,0.098797984
2019-02-09 20:45:00,0.11328311
2019-02-09 21:00:00,0.12244816
2019-02-09 21:15:00,0.12842569
2019-02-09 21:30:00,0.13243367
2019-02-09 21:45:00,0.13518715
2019-02-09 22:00:00,0.13711794
2019-02-09 22:15:00,0.1384933
2019-02-09 22:30:00,0.13948412
2019-02-09 22:45:00,0.1402
2019-02-09 23:00:00,0.14071389
2019-02-09 23:15:00,0.14107469
2019-02-09 23:30:00,0.23540461
2019-02-09 23:45:00,0.40144727
2019-02-10 00:00:00,0.4563652
2019-02-10 00:15:00,0.40143728
2019-02-10 00:30:00,0.23537491
2019-02-10 00:45:00,0.14107469
2019-02-10 01:00:00,0.14071389
2019-02-10 01:15:00,0.1402
2019-02-10 01:30:00,0.13948412
2019-02-10 01:45:00,0.1384933
2019-02-10 02:00:00,0.13711794
2019-02-10 02:15:00,0.13518715
2019-02-10 02:30:00,0.13243367
2019-02-10 02:45:00,0.12842569
2019-02-10 03:00:00,0.12244816
2019-02-10 03:15:00,0.11328311
2019-02-10 03:30:00,0.098797984
2019-02-10 03:45:00,0.0751656
2019-02-10 04:00:00,0.035439104
2019-02-10 04:15:00,0.0
2019-02-10 04:30:00,0.0
2019-02-10 04:45:00,0.0
2019-02-10 05:00:00,0.0
2019-02-10 05:15:00,5.4371443
2019-02-10 05:30:00,9.177975
2019-02-10 05:45:00,5.964107
2019-02-10 06:00:00,0.0
2019-02-10 06:15:00,3.5557804
2019-02-10 06:30:00,6.249977
2019-02-10 06:45:00,-0.50601506
2019-02-10 07:00:00,7.2931223
2019-02-10 07:15:00,9.928454
2019-02-10 07:30:00,11.881053
2019-02-10 07:45:00,18.665932
2019-02-10 08:00:00,24.82338
2019-02-10 08:15:00,52.138218
2019-02-10 08:30:00,81.60489
2019-02-10 08:45:00,236.60837
2019-02-10 09:00:00,268.4861
2019-02-10 09:15:00,578.81146
2019-02-10 09:30:00,603.84546
2019-02-10 09:45:00,893.4984
2019-02-10 10:00:00,902.341
2019-02-10 10:15:00,1236.3176
2019-02-10 10:30:00,1234.3793
2019-02-10 10:45:00,1640.8142
2019-02-10 11:00:00,1615.0245
2019-02-10 11:15:00,2073.3757
2019-02-10 11:30:00,2069.0164
2019-02-10 11:45:00,2256.9895
2019-02-10 12:00:00,2256.603
2019-02-10 12:15:00,2352.579
2019-02-10 12:30:00,2354.767
2019-02-10 12:45:00,2454.4072
2019-02-10 13:00:00,2467.4365
2019-02-10 13:15:00,2533.7153
2019-02-10 13:30:00,2535.7705
2019-02-10 13:45:00,2519.402
2019-02-10 14:00:00,2517.4849
2019-02-10 14:15:00,2440.2021
2019-02-10 14:30:00,2440.8196
2019-02-10 14:45:00,2300.3057
2019-02-10 15:00:00,2290.2476
2019-02-10 15:15:00,2037.2933
2019-02-10 15:30:00,2057.6392
2019-02-10 15:45:00,1725.5355
2019-02-10 16:00:00,1869.2458
2019-02-10 16:15:00,1421.55
2019-02-10 16:30:00,1823.1929
2019-02-10 16:45:00,1124.3204
2019-02-10 17:00:00,1658.429
2019-02-10 17:15:00,786.49927
2019-02-10 17:30:00,1269.8635
2019-02-10 17:45:00,443.58624
2019-02-10 18:00:00,691.76874
2019-02-10 18:15:00,118.335526
2019-02-10 18:30:00,143.9483
2019-02-10 18:45:00,6.113226
2019-02-10 19:00:00,0.0
2019-02-10 19:15:00,0.0
2019-02-10 19:30:00,0.0
2019-02-10 19:45:00,0.0
2019-02-10 20:00:00,0.035439104
2019-02-10 20:15:00,0.0751656
2019-02-10 20:30:00,0.098797984
2019-02-10 20:45:00,0.11328311
2019-02-10 21:00:00,0.12244816
2019-02-10 21:15:00,0.12842569
2019-02-10 21:30:00,0.13243367
2019-02-10 21:45:00,0.13518715
2019-02-10 22:00:00,0.13711794
2019-02-10 22:15:00,0.1384933
2019-02-10 22:30:00,0.13948412
2019-02-10 22:45:00,0.1402
2019-02-10 23:00:00,0.14071389
2019-02-10 23:15:00,0.14107469
2019-02-10 23:30:00,0.23540461
2019-02-10 23:45:00,0.40144727
2019-02-11 00:00:00,0.4563652
2019-02-11 00:15:00,0.40143728
2019-02-11 00:30:00,0.23537491
2019-02-11 00:45:00,0.14107469
2019-02-11 01:00:00,0.14071389
2019-02-11 01:15:00,0.1402
2019-02-11 01:30:00,0.13948412
2019-02-11 01:45:00,0.1384933
2019-02-11 02:00:00,0.13711794
2019-02-11 02:15:00,0.13518715
2019-02-11 02:30:00,0.13243367
2019-02-11 02:45:00,0.12842569
2019-02-11 03:00:00,0.12244816
2019-02-11 03:15:00,0.11328311
2019-02-11 03:30:00,0.098797984
2019-02-11 03:45:00,0.0751656
2019-02-11 04:00:00,0.035439104
2019-02-11 04:15:00,0.0
2019-02-11 04:30:00,0.0
2019-02-11 04:45:00,0.0
2019-02-11 05:00:00,0.0
2019-02-11 05:15:00,5.4371443
2019-02-11 05:30:00,9.177975
2019-02-11 05:45:00,5.964107
2019-02-11 06:00:00,0.0
2019-02-11 06:15:00,3.5557804
2019-02-11 06:30:00,6.249977
2019-02-11 06:45:00,-0.50601506
2019-02-11 07:00:00,7.2931223
2019-02-11 07:15:00,9.928454
2019-02-11 07:30:00,11.881053
2019-02-11 07:45:00,19.690268
2019-02-11 08:00:00,25.805601
2019-02-11 08:15:00,60.73219
2019-02-11 08:30:00,91.70781
2019-02-11 08:45:00,254.17377
2019-02-11 09:00:00,291.77145
2019-02-11 09:15:00,605.1291
2019-02-11 09:30:00,632.3938
2019-02-11 09:45:00,982.4097
2019-02-11 10:00:00,998.0701
2019-02-11 10:15:00,1334.0784
2019-02-11 10:30:00,1338.2799
2019-02-11 10:45:00,1820.1047
2019-02-11 11:00:00,1809.0713
2019-02-11 11:15:00,2112.2412
2019-02-11 11:30:00,2108.639
2019-02-11 11:45:00,2256.9895
2019-02-11 12:00:00,2256.603
2019-02-11 12:15:00,2350.1123
2019-02-11 12:30:00,2352.2405
2019-02-11 12:45:00,2442.2734
2019-02-11 13:00:00,2454.5598
2019-02-11 13:15:00,2517.7275
2019-02-11 13:30:00,2521.1973
2019-02-11 13:45:00,2501.8496
2019-02-11 14:00:00,2500.1074
2019-02-11 14:15:00,2422.837
2019-02-11 14:30:00,2421.9414
2019-02-11 14:45:00,2274.27
2019-02-11 15:00:00,2257.625
2019-02-11 15:15:00,2000.9734
2019-02-11 15:30:00,1993.6417
2019-02-11 15:45:00,1679.4993
2019-02-11 16:00:00,1780.4943
2019-02-11 16:15:00,1352.9272
2019-02-11 16:30:00,1547.2494
2019-02-11 16:45:00,1044.6722
2019-02-11 17:00:00,1491.77
2019-02-11 17:15:00,730.4401
2019-02-11 17:30:00,1152.482
2019-02-11 17:45:00,396.3476
2019-02-11 18:00:00,562.19617
2019-02-11 18:15:00,102.10521
2019-02-11 18:30:00,116.882706
2019-02-11 18:45:00,6.113226
2019-02-11 19:00:00,0.0
2019-02-11 19:15:00,0.0
2019-02-11 19:30:00,0.0
2019-02-11 19:45:00,0.0
2019-02-11 20:00:00,0.035439104
2019-02-11 20:15:00,0.0751656
2019-02-11 20:30:00,0.098797984
2019-02-11 20:45:00,0.11328311
2019-02-11 21:00:00,0.12244816
2019-02-11 21:15:00,0.12842569
2019-02-11 21:30:00,0.13243367
2019-02-11 21:45:00,0.13518715
2019-02-11 22:00:00,0.13711794
2019-02-11 22:15:00,0.1384933
2019-02-11 22:30:00,0.13948412
2019-02-11 22:45:00,0.1402
2019-02-11 23:00:00,0.14071389
2019-02-11 23:15:00,0.14107469
2019-02-11 23:30:00,0.23540461
2019-02-11 23:45:00,0.40144727
2019-02-12 00:00:00,0.4563652
2019-02-12 00:15:00,0.40143728
2019-02-12 00:30:00,0.23537491
2019-02-12 00:45:00,0.14107469
2019-02-12 01:00:00,0.14071389
2019-02-12 01:15:00,0.1402
2019-02-12 01:30:00,0.13948412
2019-02-12 01:45:00,0.1384933
2019-02-12 02:00:00,0.13711794
2019-02-12 02:15:00,0.13518715
2019-02-12 02:30:00,0.13243367
2019-02-12 02:45:00,0.12842569
2019-02-12 03:00:00,0.12244816
2019-02-12 03:15:00,0.11328311
2019-02-12 03:30:00,0.098797984
2019-02-12 03:45:00,0.0751656
2019-02-12 04:00:00,0.035439104
2019-02-12 04:15:00,0.0
2019-02-12 04:30:00,0.0
2019-02-12 04:45:00,0.0
2019-02-12 05:00:00,0.0
2019-02-12 05:15:00,5.4371443
2019-02-12 05:30:00,9.177975
2019-02-12 05:45:00,5.964107
2019-02-12 06:00:00,0.0
2019-02-12 06:15:00,3.5557804
2019-02-12 06:30:00,6.249977
2019-02-12 06:45:00,-0.50601506
2019-02-12 07:00:00,7.2931223
2019-02-12 07:15:00,9.928454
2019-02-12 07:30:00,11.881053
2019-02-12 07:45:00,19.690268
2019-02-12 08:00:00,25.805601
2019-02-12 08:15:00,59.638557
2019-02-12 08:30:00,90.43237
2019-02-12 08:45:00,241.61116
2019-02-12 09:00:00,275.39484
2019-02-12 09:15:00,578.81146
2019-02-12 09:30:00,603.84546
2019-02-12 09:45:00,954.469
2019-02-12 10:00:00,967.43494
2019-02-12 10:15:00,1300.5516
2019-02-12 10:30:00,1302.5533
2019-02-12 10:45:00,1773.6296
2019-02-12 11:00:00,1758.7688
2019-02-12 11:15:00,2083.4705
2019-02-12 11:30:00,2079.3013
2019-02-12 11:45:00,2243.9246
2019-02-12 12:00:00,2243.5298
2019-02-12 12:15:00,2350.1123
2019-02-12 12:30:00,2352.2405
2019-02-12 12:45:00,2454.4072
2019-02-12 13:00:00,2467.4365
2019-02-12 13:15:00,2537.6548
2019-02-12 13:30:00,2539.385
2019-02-12 13:45:00,2522.9016
2019-02-12 14:00:00,2520.9653
2019-02-12 14:15:00,2447.1833
2019-02-12 14:30:00,2448.4678
2019-02-12 14:45:00,2300.3057
2019-02-12 15:00:00,2290.2476
2019-02-12 15:15:00,2028.9285
2019-02-12 15:30:00,2042.11
2019-02-12 15:45:00,1712.1399
2019-02-12 16:00:00,1845.3618
2019-02-12 16:15:00,1395.4927
2019-02-12 16:30:00,1711.0491
2019-02-12 16:45:00,1098.9468
2019-02-12 17:00:00,1619.7975
2019-02-12 17:15:00,768.94727
2019-02-12 17:30:00,1244.6731
2019-02-12 17:45:00,432.42093
2019-02-12 18:00:00,668.3595
2019-02-12 18:15:00,116.25821
2019-02-12 18:30:00,140.9908
2019-02-12 18:45:00,6.1996098
2019-02-12 19:00:00,0.0
2019-02-12 19:15:00,0.0
2019-02-12 19:30:00,0.0
2019-02-12 19:45:00,0.0
2019-02-12 20:00:00,0.035439104
2019-02-12 20:15:00,0.0751656
2019-02-12 20:30:00,0.098797984
2019-02-12 20:45:00,0.11328311
2019-02-12 21:00:00,0.12244816
2019-02-12 21:15:00,0.12842569
2019-02-12 21:30:00,0.13243367
2019-02-12 21:45:00,0.13518715
2019-02-12 22:00:00,0.13711794
2019-02-12 22:15:00,0.1384933
2019-02-12 22:30:00,0.13948412
2019-02-12 22:45:00,0.1402
2019-02-12 23:00:00,0.14071389
2019-02-12 23:15:00,0.14107469
2019-02-12 23:30:00,0.23540461
2019-02-12 23:45:00,0.40144727
2019-02-13 00:00:00,0.4563652
2019-02-13 00:15:00,0.40143728
2019-02-13 00:30:00,0.23537491
2019-02-13 00:45:00,0.14107469
2019-02-13 01:00:00,0.14071389
2019-02-13 01:15:00,0.1402
2019-02-13 01:30:00,0.13948412
2019-02-13 01:45:00,0.1384933
2019-02-13 02:00:00,0.13711794
2019-02-13 02:15:00,0.13518715
2019-02-13 02:30:00,0.13243367
2019-02-13 02:45:00,0.12842569
2019-02-13 03:00:00,0.12244816
2019-02-13 03:15:00,0.11328311
2019-02-13 03:30:00,0.098797984
2019-02-13 03:45:00,0.0751656
2019-02-13 04:00:00,0.035439104
2019-02-13 04:15:00,0.0
2019-02-13 04:30:00,0.0
2019-02-13 04:45:00,0.0
2019-02-13 05:00:00,0.0
2019-02-13 05:15:00,5.4371443
2019-02-13 05:30:00,9.177975
2019-02-13 05:45:00,5.964107
2019-02-13 06:00:00,0.0
2019-02-13 06:15:00,3.5557804
2019-02-13 06:30:00,6.249977
2019-02-13 06:45:00,-0.50601506
2019-02-13 07:00:00,7.2931223
2019-02-13 07:15:00,9.928454
2019-02-13 07:30:00,11.881053
2019-02-13 07:45:00,19.690268
2019-02-13 08:00:00,25.805601
2019-02-13 08:15:00,57.468124
2019-02-13 08:30:00,87.89238
2019-02-13 08:45:00,221.73723
2019-02-13 09:00:00,248.16844
2019-02-13 09:15:00,522.8658
2019-02-13 09:30:00,544.59674
2019-02-13 09:45:00,883.68066
2019-02-13 10:00:00,892.02936
2019-02-13 10:15:00,1225.9033
2019-02-13 10:30:00,1223.6592
2019-02-13 10:45:00,1647.0402
2019-02-13 11:00:00,1621.572
2019-02-13 11:15:00,2007.3368
2019-02-13 11:30:00,2001.6802
2019-02-13 11:45:00,2207.4773
2019-02-13 12:00:00,2207.0066
2019-02-13 12:15:00,2331.09
2019-02-13 12:30:00,2332.8184
2019-02-13 12:45:00,2438.3423
2019-02-13 13:00:00,2450.3333
2019-02-13 13:15:00,2517.7275
2019-02-13 13:30:00,2521.1973
2019-02-13 13:45:00,2505.3682
2019-02-13 14:00:00,2503.58
2019-02-13 14:15:00,2426.3015
2019-02-13 14:30:00,2425.69
2019-02-13 14:45:00,2285.3118
2019-02-13 15:00:00,2271.394
2019-02-13 15:15:00,2016.7
2019-02-13 15:30:00,2020.2913
2019-02-13 15:45:00,1699.4221
2019-02-13 16:00:00,1821.485
2019-02-13 16:15:00,1383.7369
2019-02-13 16:30:00,1661.9541
2019-02-13 16:45:00,1080.2351
2019-02-13 17:00:00,1585.5444
2019-02-13 17:15:00,760.343
2019-02-13 17:30:00,1229.7183
2019-02-13 17:45:00,425.12167
2019-02-13 18:00:00,650.85486
2019-02-13 18:15:00,116.25821
2019-02-13 18:30:00,140.9908
2019-02-13 18:45:00,6.1996098
2019-02-13 19:00:00,0.0
2019-02-13 19:15:00,0.0
2019-02-13 19:30:00,0.0
2019-02-13 19:45:00,0.0
2019-02-13 20:00:00,0.035439104
2019-02-13 20:15:00,0.0751656
2019-02-13 20:30:00,0.098797984
2019-02-13 20:45:00,0.11328311
2019-02-13 21:00:00,0.12244816
2019-02-13 21:15:00,0.12842569
2019-02-13 21:30:00,0.13243367
2019-02-13 21:45:00,0.13518715
2019-02-13 22:00:00,0.13711794
2019-02-13 22:15:00,0.1384933
2019-02-13 22:30:00,0.13948412
2019-02-13 22:45:00,0.1402
2019-02-13 23:00:00,0.14071389
2019-02-13 23:15:00,0.14107469
2019-02-13 23:30:00,0.23540461
2019-02-13 23:45:00,0.40144727
2019-02-14 00:00:00,0.4563652
2019-02-14 00:15:00,0.40143728
2019-02-14 00:30:00,0.23537491
2019-02-14 00:45:00,0.14107469
2019-02-14 01:00:00,0.14071389
2019-02-14 01:15:00,0.1402
2019-02-14 01:30:00,0.13948412
2019-02-14 01:45:00,0.1384933
2019-02-14 02:00:00,0.13711794
2019-02-14 02:15:00,0.13518715
2019-02-14 02:30:00,0.13243367
2019-02-14 02:45:00,0.12842569
2019-02-14 03:00:00,0.12244816
2019-02-14 03:15:00,0.11328311
2019-02-14 03:30:00,0.098797984
2019-02-14 03:45:00,0.0751656
2019-02-14 04:00:00,0.035439104
2019-02-14 04:15:00,0.0
2019-02-14 04:30:00,0.0
2019-02-14 04:45:00,0.0
2019-02-14 05:00:00,0.0
2019-02-14 05:15:00,5.4371443
2019-02-14 05:30:00,9.177975
2019-02-14 05:45:00,5.964107
2019-02-14 06:00:00,0.0
2019-02-14 06:15:00,3.5557804
2019-02-14 06:30:00,6.249977
2019-02-14 06:45:00,-0.50601506
2019-02-14 07:00:00,7.2931223
2019-02-14 07:15:00,9.928454
2019-02-14 07:30:00,11.881053
2019-02-14 07:45:00,19.690268
2019-02-14 08:00:00,25.805601
2019-02-14 08:15:00,53.1933
2019-02-14 08:30:00,82.8551
2019-02-14 08:45:00,138.67369
2019-02-14 09:00:00,159.50966
2019-02-14 09:15:00,267.67633
2019-02-14 09:30:00,284.7378
2019-02-14 09:45:00,602.63586
2019-02-14 10:00:00,607.3652
2019-02-14 10:15:00,757.8741
2019-02-14 10:30:00,754.95703
2019-02-14 10:45:00,810.93207
2019-02-14 11:00:00,806.4676
2019-02-14 11:15:00,789.53375
2019-02-14 11:30:00,786.72424
2019-02-14 11:45:00,753.012
2019-02-14 12:00:00,752.47626
2019-02-14 12:15:00,930.4329
2019-02-14 12:30:00,932.81976
2019-02-14 12:45:00,1236.6863
2019-02-14 13:00:00,1243.9177
2019-02-14 13:15:00,1104.0542
2019-02-14 13:30:00,1110.5432
2019-02-14 13:45:00,822.4918
2019-02-14 14:00:00,823.28345
2019-02-14 14:15:00,793.9485
2019-02-14 14:30:00,774.8692
2019-02-14 14:45:00,780.84546
2019-02-14 15:00:00,684.41797
2019-02-14 15:15:00,772.1615
2019-02-14 15:30:00,847.21735
2019-02-14 15:45:00,520.4006
2019-02-14 16:00:00,616.07806
2019-02-14 16:15:00,345.78568
2019-02-14 16:30:00,397.60645
2019-02-14 16:45:00,267.94852
2019-02-14 17:00:00,293.56058
2019-02-14 17:15:00,192.97282
2019-02-14 17:30:00,201.60278
2019-02-14 17:45:00,121.58069
2019-02-14 18:00:00,93.828186
2019-02-14 18:15:00,44.60219
2019-02-14 18:30:00,26.824036
2019-02-14 18:45:00,5.6429534
2019-02-14 19:00:00,0.0
2019-02-14 19:15:00,0.0
2019-02-14 19:30:00,0.0
2019-02-14 19:45:00,0.0
2019-02-14 20:00:00,0.035439104
2019-02-14 20:15:00,0.0751656
2019-02-14 20:30:00,0.098797984
2019-02-14 20:45:00,0.11328311
2019-02-14 21:00:00,0.12244816
2019-02-14 21:15:00,0.12842569
2019-02-14 21:30:00,0.13243367
2019-02-14 21:45:00,0.13518715
2019-02-14 22:00:00,0.13711794
2019-02-14 22:15:00,0.1384933
2019-02-14 22:30:00,0.13948412
2019-02-14 22:45:00,0.1402
2019-02-14 23:00:00,0.14071389
2019-02-14 23:15:00,0.14107469
2019-02-14 23:30:00,0.23540461
2019-02-14 23:45:00,0.40144727
2019-02-15 00:00:00,0.4563652
2019-02-15 00:15:00,0.40143728
2019-02-15 00:30:00,0.23537491
2019-02-15 00:45:00,0.14107469
2019-02-15 01:00:00,0.14071389
2019-02-15 01:15:00,0.1402
2019-02-15 01:30:00,0.13948412
2019-02-15 01:45:00,0.1384933
2019-02-15 02:00:00,0.13711794
2019-02-15 02:15:00,0.13518715
2019-02-15 02:30:00,0.13243367
2019-02-15 02:45:00,0.12842569
2019-02-15 03:00:00,0.12244816
2019-02-15 03:15:00,0.11328311
2019-02-15 03:30:00,0.098797984
2019-02-15 03:45:00,0.0751656
2019-02-15 04:00:00,0.035439104
2019-02-15 04:15:00,0.0
2019-02-15 04:30:00,0.0
2019-02-15 04:45:00,0.0
2019-02-15 05:00:00,0.0
2019-02-15 05:15:00,5.4371443
2019-02-15 05:30:00,9.177975
2019-02-15 05:45:00,5.964107
2019-02-15 06:00:00,0.0
2019-02-15 06:15:00,3.5557804
2019-02-15 06:30:00,6.249977
2019-02-15 06:45:00,-0.50601506
2019-02-15 07:00:00,7.2931223
2019-02-15 07:15:00,9.928454
2019-02-15 07:30:00,11.881053
2019-02-15 07:45:00,18.665932
2019-02-15 08:00:00,24.82338
2019-02-15 08:15:00,52.138218
2019-02-15 08:30:00,81.60489
2019-02-15 08:45:00,229.97157
2019-02-15 09:00:00,259.37976
2019-02-15 09:15:00,602.2198
2019-02-15 09:30:00,629.2114
2019-02-15 09:45:00,857.31464
2019-02-15 10:00:00,864.51544
2019-02-15 10:15:00,1267.228
2019-02-15 10:30:00,1266.6442
2019-02-15 10:45:00,1412.23
2019-02-15 11:00:00,1390.8044
2019-02-15 11:15:00,1603.3511
2019-02-15 11:30:00,1584.6167
2019-02-15 11:45:00,2079.851
2019-02-15 12:00:00,2078.8413
2019-02-15 12:15:00,2289.134
2019-02-15 12:30:00,2290.3198
2019-02-15 12:45:00,2383.4219
2019-02-15 13:00:00,2389.6816
2019-02-15 13:15:00,2429.9563
2019-02-15 13:30:00,2440.569
2019-02-15 13:45:00,2208.0713
2019-02-15 14:00:00,2191.1938
2019-02-15 14:15:00,850.6857
2019-02-15 14:30:00,825.78455
2019-02-15 14:45:00,1538.2571
2019-02-15 15:00:00,1615.7893
2019-02-15 15:15:00,1826.2224
2019-02-15 15:30:00,1660.2355
2019-02-15 15:45:00,1527.9836
2019-02-15 16:00:00,1468.3066
2019-02-15 16:15:00,1288.6951
2019-02-15 16:30:00,1393.1514
2019-02-15 16:45:00,917.1973
2019-02-15 17:00:00,983.0715
2019-02-15 17:15:00,654.37854
2019-02-15 17:30:00,762.21326
2019-02-15 17:45:00,436.10754
2019-02-15 18:00:00,676.51105
2019-02-15 18:15:00,116.25821
2019-02-15 18:30:00,140.9908
2019-02-15 18:45:00,6.4431844
2019-02-15 19:00:00,0.0
2019-02-15 19:15:00,0.0
2019-02-15 19:30:00,0.0
2019-02-15 19:45:00,0.0
2019-02-15 20:00:00,0.035439104
2019-02-15 20:15:00,0.0751656
2019-02-15 20:30:00,0.098797984
2019-02-15 20:45:00,0.11328311
2019-02-15 21:00:00,0.12244816
2019-02-15 21:15:00,0.12842569
2019-02-15 21:30:00,0.13243367
2019-02-15 21:45:00,0.13518715
2019-02-15 22:00:00,0.13711794
2019-02-15 22:15:00,0.1384933
2019-02-15 22:30:00,0.13948412
2019-02-15 22:45:00,0.1402
2019-02-15 23:00:00,0.14071389
2019-02-15 23:15:00,0.14107469
2019-02-15 23:30:00,0.23540461
2019-02-15 23:45:00,0.40144727
2019-02-16 00:00:00,0.4563652
2019-02-16 00:15:00,0.40143728
2019-02-16 00:30:00,0.23537491
2019-02-16 00:45:00,0.14107469
2019-02-16 01:00:00,0.14071389
2019-02-16 01:15:00,0.1402
2019-02-16 01:30:00,0.13948412
2019-02-16 01:45:00,0.1384933
2019-02-16 02:00:00,0.13711794
2019-02-16 02:15:00,0.13518715
2019-02-16 02:30:00,0.13243367
2019-02-16 02:45:00,0.12842569
2019-02-16 03:00:00,0.12244816
2019-02-16 03:15:00,0.11328311
2019-02-16 03:30:00,0.098797984
2019-02-16 03:45:00,0.0751656
2019-02-16 04:00:00,0.035439104
2019-02-16 04:15:00,0.0
2019-02-16 04:30:00,0.0
2019-02-16 04:45:00,0.0
2019-02-16 05:00:00,0.0
2019-02-16 05:15:00,5.4371443
2019-02-16 05:30:00,9.177975
2019-02-16 05:45:00,5.964107
2019-02-16 06:00:00,0.0
2019-02-16 06:15:00,3.5557804
2019-02-16 06:30:00,6.249977
2019-02-16 06:45:00,-0.50601506
2019-02-16 07:00:00,7.2931223
2019-02-16 07:15:00,9.928454
2019-02-16 07:30:00,11.881053
2019-02-16 07:45:00,20.72017
2019-02-16 08:00:00,26.793192
2019-02-16 08:15:00,69.68692
2019-02-16 08:30:00,102.03757
2019-02-16 08:45:00,264.8754
2019-02-16 09:00:00,303.683
2019-02-16 09:15:00,608.03253
2019-02-16 09:30:00,635.5782
2019-02-16 09:45:00,970.0812
2019-02-16 10:00:00,984.4737
2019-02-16 10:15:00,1297.3035
2019-02-16 10:30:00,1298.9674
2019-02-16 10:45:00,1695.4319
2019-02-16 11:00:00,1673.2678
2019-02-16 11:15:00,2022.8317
2019-02-16 11:30:00,2017.5146
2019-02-16 11:45:00,2164.6
2019-02-16 12:00:00,2163.9697
2019-02-16 12:15:00,2276.2983
2019-02-16 12:30:00,2277.4038
2019-02-16 12:45:00,2389.5168
2019-02-16 13:00:00,2396.4438
2019-02-16 13:15:00,2438.272
2019-02-16 13:30:00,2448.5598
2019-02-16 13:45:00,2415.1064
2019-02-16 14:00:00,2416.709
2019-02-16 14:15:00,2343.9756
2019-02-16 14:30:00,2339.1812
2019-02-16 14:45:00,2218.1162
2019-02-16 15:00:00,2189.276
2019-02-16 15:15:00,1947.4473
2019-02-16 15:30:00,1911.1597
2019-02-16 15:45:00,1675.6835
2019-02-16 16:00:00,1772.0509
2019-02-16 16:15:00,1357.6486
2019-02-16 16:30:00,1562.594
2019-02-16 16:45:00,1056.1721
2019-02-16 17:00:00,1528.7344
2019-02-16 17:15:00,738.9868
2019-02-16 17:30:00,1180.0095
2019-02-16 17:45:00,356.52756
2019-02-16 18:00:00,421.06946
2019-02-16 18:15:00,90.116165
2019-02-16 18:30:00,92.11575
2019-02-16 18:45:00,6.113226
2019-02-16 19:00:00,0.0
2019-02-16 19:15:00,0.0
2019-02-16 19:30:00,0.0
2019-02-16 19:45:00,0.0
2019-02-16 20:00:00,0.035439104
2019-02-16 20:15:00,0.0751656
2019-02-16 20:30:00,0.098797984
2019-02-16 20:45:00,0.11328311
2019-02-16 21:00:00,0.12244816
2019-02-16 21:15:00,0.12842569
2019-02-16 21:30:00,0.13243367
2019-02-16 21:45:00,0.13518715
2019-02-16 22:00:00,0.13711794
2019-02-16 22:15:00,0.1384933
2019-02-16 22:30:00,0.13948412
2019-02-16 22:45:00,0.1402
2019-02-16 23:00:00,0.14071389
2019-02-16 23:15:00,0.14107469
2019-02-16 23:30:00,0.23540461
2019-02-16 23:45:00,0.40144727
2019-02-17 00:00:00,0.4563652
2019-02-17 00:15:00,0.40143728
2019-02-17 00:30:00,0.23537491
2019-02-17 00:45:00,0.14107469
2019-02-17 01:00:00,0.14071389
2019-02-17 01:15:00,0.1402
2019-02-17 01:30:00,0.13948412
2019-02-17 01:45:00,0.1384933
2019-02-17 02:00:00,0.13711794
2019-02-17 02:15:00,0.13518715
2019-02-17 02:30:00,0.13243367
2019-02-17 02:45:00,0.12842569
2019-02-17 03:00:00,0.12244816
2019-02-17 03:15:00,0.11328311
2019-02-17 03:30:00,0.098797984
2019-02-17 03:45:00,0.0751656
2019-02-17 04:00:00,0.035439104
2019-02-17 04:15:00,0.0
2019-02-17 04:30:00,0.0
2019-02-17 04:45:00,0.0
2019-02-17 05:00:00,0.0
2019-02-17 05:15:00,5.4371443
2019-02-17 05:30:00,9.177975
2019-02-17 05:45:00,5.964107
2019-02-17 06:00:00,0.0
2019-02-17 06:15:00,3.5557804
2019-02-17 06:30:00,6.249977
2019-02-17 06:45:00,-0.50601506
2019-02-17 07:00:00,7.2931223
2019-02-17 07:15:00,9.928454
2019-02-17 07:30:00,11.881053
2019-02-17 07:45:00,19.690268
2019-02-17 08:00:00,25.805601
2019-02-17 08:15:00,58.55056
2019-02-17 08:30:00,89.16054
2019-02-17 08:45:00,199.10483
2019-02-17 09:00:00,222.39355
2019-02-17 09:15:00,378.98557
2019-02-17 09:30:00,397.03012
2019-02-17 09:45:00,546.41187
2019-02-17 10:00:00,551.73596
2019-02-17 10:15:00,731.0873
2019-02-17 10:30:00,728.53296
2019-02-17 10:45:00,734.9185
2019-02-17 11:00:00,731.43567
2019-02-17 11:15:00,642.013
2019-02-17 11:30:00,640.47437
2019-02-17 11:45:00,721.555
2019-02-17 12:00:00,721.0752
2019-02-17 12:15:00,850.26135
2019-02-17 12:30:00,852.31445
2019-02-17 12:45:00,862.3166
2019-02-17 13:00:00,866.7504
2019-02-17 13:15:00,715.51965
2019-02-17 13:30:00,718.7085
2019-02-17 13:45:00,771.3703
2019-02-17 14:00:00,772.0292
2019-02-17 14:15:00,854.00165
2019-02-17 14:30:00,828.67786
2019-02-17 14:45:00,619.59247
2019-02-17 15:00:00,559.60345
2019-02-17 15:15:00,433.54037
2019-02-17 15:30:00,370.9846
2019-02-17 15:45:00,400.12625
2019-02-17 16:00:00,479.3303
2019-02-17 16:15:00,663.97675
2019-02-17 16:30:00,715.3482
2019-02-17 16:45:00,787.7011
2019-02-17 17:00:00,685.8263
2019-02-17 17:15:00,704.6992
2019-02-17 17:30:00,1029.6298
2019-02-17 17:45:00,403.52246
2019-02-17 18:00:00,587.1199
2019-02-17 18:15:00,129.20311
2019-02-17 18:30:00,157.24615
2019-02-17 18:45:00,6.4431844
2019-02-17 19:00:00,0.0
2019-02-17 19:15:00,0.0
2019-02-17 19:30:00,0.0
2019-02-17 19:45:00,0.0
2019-02-17 20:00:00,0.035439104
2019-02-17 20:15:00,0.0751656
2019-02-17 20:30:00,0.098797984
2019-02-17 20:45:00,0.11328311
2019-02-17 21:00:00,0.12244816
2019-02-17 21:15:00,0.12842569
2019-02-17 21:30:00,0.13243367
2019-02-17 21:45:00,0.13518715
2019-02-17 22:00:00,0.13711794
2019-02-17 22:15:00,0.1384933
2019-02-17 22:30:00,0.13948412
2019-02-17 22:45:00,0.1402
2019-02-17 23:00:00,0.14071389
2019-02-17 23:15:00,0.14107469
2019-02-17 23:30:00,0.23540461
2019-02-17 23:45:00,0.40144727
2019-02-18 00:00:00,0.4563652
2019-02-18 00:15:00,0.40143728
2019-02-18 00:30:00,0.23537491
2019-02-18 00:45:00,0.14107469
2019-02-18 01:00:00,0.14071389
2019-02-18 01:15:00,0.1402
2019-02-18 01:30:00,0.13948412
2019-02-18 01:45:00,0.1384933
2019-02-18 02:00:00,0.13711794
2019-02-18 02:15:00,0.13518715
2019-02-18 02:30:00,0.13243367
2019-02-18 02:45:00,0.12842569
2019-02-18 03:00:00,0.12244816
2019-02-18 03:15:00,0.11328311
2019-02-18 03:30:00,0.098797984
2019-02-18 03:45:00,0.0751656
2019-02-18 04:00:00,0.035439104
2019-02-18 04:15:00,0.0
2019-02-18 04:30:00,0.0
2019-02-18 04:45:00,0.0
2019-02-18 05:00:00,0.0
2019-02-18 05:15:00,5.4371443
2019-02-18 05:30:00,9.177975
2019-02-18 05:45:00,5.964107
2019-02-18 06:00:00,0.0
2019-02-18 06:15:00,3.5557804
2019-02-18 06:30:00,6.249977
2019-02-18 06:45:00,-0.50601506
2019-02-18 07:00:00,7.2931223
2019-02-18 07:15:00,9.928454
2019-02-18 07:30:00,11.881053
2019-02-18 07:45:00,20.72017
2019-02-18 08:00:00,26.793192
2019-02-18 08:15:00,61.83153
2019-02-18 08:30:00,92.98672
2019-02-18 08:45:00,199.10483
2019-02-18 09:00:00,222.39355
2019-02-18 09:15:00,272.25723
2019-02-18 09:30:00,289.35043
2019-02-18 09:45:00,463.65533
2019-02-18 10:00:00,470.12177
2019-02-18 10:15:00,602.4084
2019-02-18 10:30:00,601.974
2019-02-18 10:45:00,919.93274
2019-02-18 11:00:00,914.33295
2019-02-18 11:15:00,1577.1356
2019-02-18 11:30:00,1558.7314
2019-02-18 11:45:00,2133.6768
2019-02-18 12:00:00,2132.9126
2019-02-18 12:15:00,2265.5977
2019-02-18 12:30:00,2266.6687
2019-02-18 12:45:00,2309.7097
2019-02-18 13:00:00,2311.396
2019-02-18 13:15:00,2467.8315
2019-02-18 13:30:00,2476.046
2019-02-18 13:45:00,2491.2637
2019-02-18 14:00:00,2489.695
2019-02-18 14:15:00,2398.7
2019-02-18 14:30:00,2396.0793
2019-02-18 14:45:00,2185.0815
2019-02-18 15:00:00,2150.6562
2019-02-18 15:15:00,1858.9617
2019-02-18 15:30:00,1783.2167
2019-02-18 15:45:00,1593.5586
2019-02-18 16:00:00,1578.7893
2019-02-18 16:15:00,1343.9073
2019-02-18 16:30:00,1520.4309
2019-02-18 16:45:00,1208.6931
2019-02-18 17:00:00,1759.5884
2019-02-18 17:15:00,800.2435
2019-02-18 17:30:00,1286.1548
2019-02-18 17:45:00,491.30127
2019-02-18 18:00:00,759.3978
2019-02-18 18:15:00,164.48604
2019-02-18 18:30:00,187.30675
2019-02-18 18:45:00,6.6632023
2019-02-18 19:00:00,0.0
2019-02-18 19:15:00,0.0
2019-02-18 19:30:00,0.0
2019-02-18 19:45:00,0.0
2019-02-18 20:00:00,0.035439104
2019-02-18 20:15:00,0.0751656
2019-02-18 20:30:00,0.098797984
2019-02-18 20:45:00,0.11328311
2019-02-18 21:00:00,0.12244816
2019-02-18 21:15:00,0.12842569
2019-02-18 21:30:00,0.13243367
2019-02-18 21:45:00,0.13518715
2019-02-18 22:00:00,0.13711794
2019-02-18 22:15:00,0.1384933
2019-02-18 22:30:00,0.13948412
2019-02-18 22:45:00,0.1402
2019-02-18 23:00:00,0.14071389
2019-02-18 23:15:00,0.14107469
2019-02-18 23:30:00,0.23540461
2019-02-18 23:45:00,0.40144727
2019-02-19 00:00:00,0.4563652
2019-02-19 00:15:00,0.40143728
2019-02-19 00:30:00,0.23537491
2019-02-19 00:45:00,0.14107469
2019-02-19 01:00:00,0.14071389
2019-02-19 01:15:00,0.1402
2019-02-19 01:30:00,0.13948412
2019-02-19 01:45:00,0.1384933
2019-02-19 02:00:00,0.13711794
2019-02-19 02:15:00,0.13518715
2019-02-19 02:30:00,0.13243367
2019-02-19 02:45:00,0.12842569
2019-02-19 03:00:00,0.12244816
2019-02-19 03:15:00,0.11328311
2019-02-19 03:30:00,0.098797984
2019-02-19 03:45:00,0.0751656
2019-02-19 04:00:00,0.035439104
2019-02-19 04:15:00,0.0
2019-02-19 04:30:00,0.0
2019-02-19 04:45:00,0.0
2019-02-19 05:00:00,0.0
2019-02-19 05:15:00,5.4371443
2019-02-19 05:30:00,9.177975
2019-02-19 05:45:00,5.964107
2019-02-19 06:00:00,0.0
2019-02-19 06:15:00,3.5557804
2019-02-19 06:30:00,6.249977
2019-02-19 06:45:00,-0.50601506
2019-02-19 07:00:00,7.2931223
2019-02-19 07:15:00,9.928454
2019-02-19 07:30:00,11.881053
2019-02-19 07:45:00,20.72017
2019-02-19 08:00:00,26.793192
2019-02-19 08:15:00,82.61926
2019-02-19 08:30:00,116.59698
2019-02-19 08:45:00,323.47095
2019-02-19 09:00:00,370.67703
2019-02-19 09:15:00,701.2542
2019-02-19 09:30:00,743.77496
2019-02-19 09:45:00,1065.523
2019-02-19 10:00:00,1095.5214
2019-02-19 10:15:00,1365.4087
2019-02-19 10:30:00,1355.8668
2019-02-19 10:45:00,1849.8337
2019-02-19 11:00:00,1840.4694
2019-02-19 11:15:00,2201.0942
2019-02-19 11:30:00,2199.2231
2019-02-19 11:45:00,2291.2805
2019-02-19 12:00:00,2290.8513
2019-02-19 12:15:00,2083.2375
2019-02-19 12:30:00,2086.0154
2019-02-19 12:45:00,2037.8552
2019-02-19 13:00:00,2043.6619
2019-02-19 13:15:00,1804.8857
2019-02-19 13:30:00,1811.926
2019-02-19 13:45:00,1340.3595
2019-02-19 14:00:00,1330.8157
2019-02-19 14:15:00,1337.3947
2019-02-19 14:30:00,1423.7192
2019-02-19 14:45:00,1509.0869
2019-02-19 15:00:00,1593.0085
2019-02-19 15:15:00,1676.1501
2019-02-19 15:30:00,1671.3425
2019-02-19 15:45:00,1502.7448
2019-02-19 16:00:00,1388.742
2019-02-19 16:15:00,1173.5376
2019-02-19 16:30:00,1004.53656
2019-02-19 16:45:00,824.3302
2019-02-19 17:00:00,754.4227
2019-02-19 17:15:00,588.6677
2019-02-19 17:30:00,628.1941
2019-02-19 17:45:00,298.45764
2019-02-19 18:00:00,301.12903
2019-02-19 18:15:00,122.568924
2019-02-19 18:30:00,149.54633
2019-02-19 18:45:00,6.364602
2019-02-19 19:00:00,0.0
2019-02-19 19:15:00,0.0
2019-02-19 19:30:00,0.0
2019-02-19 19:45:00,0.0
2019-02-19 20:00:00,0.035439104
2019-02-19 20:15:00,0.0751656
2019-02-19 20:30:00,0.098797984
2019-02-19 20:45:00,0.11328311
2019-02-19 21:00:00,0.12244816
2019-02-19 21:15:00,0.12842569
2019-02-19 21:30:00,0.13243367
2019-02-19 21:45:00,0.13518715
2019-02-19 22:00:00,0.13711794
2019-02-19 22:15:00,0.1384933
2019-02-19 22:30:00,0.13948412
2019-02-19 22:45:00,0.1402
2019-02-19 23:00:00,0.14071389
2019-02-19 23:15:00,0.14107469
2019-02-19 23:30:00,0.23540461
2019-02-19 23:45:00,0.40144727
2019-02-20 00:00:00,0.4563652
2019-02-20 00:15:00,0.40143728
2019-02-20 00:30:00,0.23537491
2019-02-20 00:45:00,0.14107469
2019-02-20 01:00:00,0.14071389
2019-02-20 01:15:00,0.1402
2019-02-20 01:30:00,0.13948412
2019-02-20 01:45:00,0.1384933
2019-02-20 02:00:00,0.13711794
2019-02-20 02:15:00,0.13518715
2019-02-20 02:30:00,0.13243367
2019-02-20 02:45:00,0.12842569
2019-02-20 03:00:00,0.12244816
2019-02-20 03:15:00,0.11328311
2019-02-20 03:30:00,0.098797984
2019-02-20 03:45:00,0.0751656
2019-02-20 04:00:00,0.035439104
2019-02-20 04:15:00,0.0
2019-02-20 04:30:00,0.0
2019-02-20 04:45:00,0.0
2019-02-20 05:00:00,0.0
2019-02-20 05:15:00,5.4371443
2019-02-20 05:30:00,9.177975
2019-02-20 05:45:00,5.964107
2019-02-20 06:00:00,0.0
2019-02-20 06:15:00,3.5557804
2019-02-20 06:30:00,6.249977
2019-02-20 06:45:00,-0.50601506
2019-02-20 07:00:00,7.2931223
2019-02-20 07:15:00,9.928454
2019-02-20 07:30:00,11.881053
2019-02-20 07:45:00,21.755768
2019-02-20 08:00:00,27.785892
2019-02-20 08:15:00,62.936447
2019-02-20 08:30:00,94.26915
2019-02-20 08:45:00,181.82367
2019-02-20 09:00:00,204.28807
2019-02-20 09:15:00,238.73596
2019-02-20 09:30:00,255.60234
2019-02-20 09:45:00,356.74777
2019-02-20 10:00:00,364.81375
2019-02-20 10:15:00,397.4917
2019-02-20 10:30:00,400.8534
2019-02-20 10:45:00,490.0741
2019-02-20 11:00:00,490.25375
2019-02-20 11:15:00,600.68317
2019-02-20 11:30:00,599.5198
2019-02-20 11:45:00,846.9603
2019-02-20 12:00:00,846.27045
2019-02-20 12:15:00,1297.1088
2019-02-20 12:30:00,1300.8931
2019-02-20 12:45:00,2069.9546
2019-02-20 13:00:00,2075.0742
2019-02-20 13:15:00,2290.585
2019-02-20 13:30:00,2285.8232
2019-02-20 13:45:00,2373.3486
2019-02-20 14:00:00,2377.9666
2019-02-20 14:15:00,2275.6199
2019-02-20 14:30:00,2271.4802
2019-02-20 14:45:00,2044.6687
2019-02-20 15:00:00,1994.1274
2019-02-20 15:15:00,1823.4004
2019-02-20 15:30:00,1664.3005
2019-02-20 15:45:00,1558.4221
2019-02-20 16:00:00,1363.2545
2019-02-20 16:15:00,1216.3788
2019-02-20 16:30:00,1005.3823
2019-02-20 16:45:00,823.51825
2019-02-20 17:00:00,751.2903
2019-02-20 17:15:00,518.45355
2019-02-20 17:30:00,507.6019
2019-02-20 17:45:00,392.75647
2019-02-20 18:00:00,549.2339
2019-02-20 18:15:00,96.11609
2019-02-20 18:30:00,104.6878
2019-02-20 18:45:00,6.7312746
2019-02-20 19:00:00,0.0
2019-02-20 19:15:00,0.0
2019-02-20 19:30:00,0.0
2019-02-20 19:45:00,0.0
2019-02-20 20:00:00,0.035439104
2019-02-20 20:15:00,0.0751656
2019-02-20 20:30:00,0.098797984
2019-02-20 20:45:00,0.11328311
2019-02-20 21:00:00,0.12244816
2019-02-20 21:15:00,0.12842569
2019-02-20 21:30:00,0.13243367
2019-02-20 21:45:00,0.13518715
2019-02-20 22:00:00,0.13711794
2019-02-20 22:15:00,0.1384933
2019-02-20 22:30:00,0.13948412
2019-02-20 22:45:00,0.1402
2019-02-20 23:00:00,0.14071389
2019-02-20 23:15:00,0.14107469
2019-02-20 23:30:00,0.23540461
2019-02-20 23:45:00,0.40144727
2019-02-21 00:00:00,0.4563652
2019-02-21 00:15:00,0.40143728
2019-02-21 00:30:00,0.23537491
2019-02-21 00:45:00,0.14107469
2019-02-21 01:00:00,0.14071389
2019-02-21 01:15:00,0.1402
2019-02-21 01:30:00,0.13948412
2019-02-21 01:45:00,0.1384933
2019-02-21 02:00:00,0.13711794
2019-02-21 02:15:00,0.13518715
2019-02-21 02:30:00,0.13243367
2019-02-21 02:45:00,0.12842569
2019-02-21 03:00:00,0.12244816
2019-02-21 03:15:00,0.11328311
2019-02-21 03:30:00,0.098797984
2019-02-21 03:45:00,0.0751656
2019-02-21 04:00:00,0.035439104
2019-02-21 04:15:00,0.0
2019-02-21 04:30:00,0.0
2019-02-21 04:45:00,0.0
2019-02-21 05:00:00,0.0
2019-02-21 05:15:00,5.4371443
2019-02-21 05:30:00,9.177975
2019-02-21 05:45:00,5.964107
2019-02-21 06:00:00,0.0
2019-02-21 06:15:00,3.5557804
2019-02-21 06:30:00,6.249977
2019-02-21 06:45:00,-0.50601506
2019-02-21 07:00:00,7.2931223
2019-02-21 07:15:00,9.928454
2019-02-21 07:30:00,11.881053
2019-02-21 07:45:00,20.72017
2019-02-21 08:00:00,26.793192
2019-02-21 08:15:00,49.005093
2019-02-21 08:30:00,77.87585
2019-02-21 08:45:00,153.14224
2019-02-21 09:00:00,174.46825
2019-02-21 09:15:00,218.54616
2019-02-21 09:30:00,232.08049
2019-02-21 09:45:00,303.87292
2019-02-21 10:00:00,312.66486
2019-02-21 10:15:00,457.4358
2019-02-21 10:30:00,459.71228
2019-02-21 10:45:00,919.93274
2019-02-21 11:00:00,914.33295
2019-02-21 11:15:00,636.0286
2019-02-21 11:30:00,634.54407
2019-02-21 11:45:00,706.0329
2019-02-21 12:00:00,705.5808
2019-02-21 12:15:00,830.5075
2019-02-21 12:30:00,832.47003
2019-02-21 12:45:00,974.2262
2019-02-21 13:00:00,979.5573
2019-02-21 13:15:00,930.27856
2019-02-21 13:30:00,935.9605
2019-02-21 13:45:00,839.6798
2019-02-21 14:00:00,840.45026
2019-02-21 14:15:00,1085.488
2019-02-21 14:30:00,997.43555
2019-02-21 14:45:00,1139.7842
2019-02-21 15:00:00,1279.9923
2019-02-21 15:15:00,1616.0568
2019-02-21 15:30:00,1631.7344
2019-02-21 15:45:00,1492.2809
2019-02-21 16:00:00,1388.7825
2019-02-21 16:15:00,1123.7921
2019-02-21 16:30:00,1005.32794
2019-02-21 16:45:00,813.26404
2019-02-21 17:00:00,720.2457
2019-02-21 17:15:00,542.1349
2019-02-21 17:30:00,554.1787
2019-02-21 17:45:00,278.21347
2019-02-21 18:00:00,277.70673
2019-02-21 18:15:00,110.13363
2019-02-21 18:30:00,131.41635
2019-02-21 18:45:00,6.796627
2019-02-21 19:00:00,0.0
2019-02-21 19:15:00,0.0
2019-02-21 19:30:00,0.0
2019-02-21 19:45:00,0.0
2019-02-21 20:00:00,0.035439104
2019-02-21 20:15:00,0.0751656
2019-02-21 20:30:00,0.098797984
2019-02-21 20:45:00,0.11328311
2019-02-21 21:00:00,0.12244816
2019-02-21 21:15:00,0.12842569
2019-02-21 21:30:00,0.13243367
2019-02-21 21:45:00,0.13518715
2019-02-21 22:00:00,0.13711794
2019-02-21 22:15:00,0.1384933
2019-02-21 22:30:00,0.13948412
2019-02-21 22:45:00,0.1402
2019-02-21 23:00:00,0.14071389
2019-02-21 23:15:00,0.14107469
2019-02-21 23:30:00,0.23540461
2019-02-21 23:45:00,0.40144727
2019-02-22 00:00:00,0.4563652
2019-02-22 00:15:00,0.40143728
2019-02-22 00:30:00,0.23537491
2019-02-22 00:45:00,0.14107469
2019-02-22 01:00:00,0.14071389
2019-02-22 01:15:00,0.1402
2019-02-22 01:30:00,0.13948412
2019-02-22 01:45:00,0.1384933
2019-02-22 02:00:00,0.13711794
2019-02-22 02:15:00,0.13518715
2019-02-22 02:30:00,0.13243367
2019-02-22 02:45:00,0.12842569
2019-02-22 03:00:00,0.12244816
2019-02-22 03:15:00,0.11328311
2019-02-22 03:30:00,0.098797984
2019-02-22 03:45:00,0.0751656
2019-02-22 04:00:00,0.035439104
2019-02-22 04:15:00,0.0
2019-02-22 04:30:00,0.0
2019-02-22 04:45:00,0.0
2019-02-22 05:00:00,0.0
2019-02-22 05:15:00,5.4371443
2019-02-22 05:30:00,9.177975
2019-02-22 05:45:00,5.964107
2019-02-22 06:00:00,0.0
2019-02-22 06:15:00,3.5557804
2019-02-22 06:30:00,6.249977
2019-02-22 06:45:00,-0.50601506
2019-02-22 07:00:00,7.2931223
2019-02-22 07:15:00,9.928454
2019-02-22 07:30:00,11.881053
2019-02-22 07:45:00,20.72017
2019-02-22 08:00:00,26.793192
2019-02-22 08:15:00,76.64968
2019-02-22 08:30:00,109.92926
2019-02-22 08:45:00,314.78183
2019-02-22 09:00:00,360.50668
2019-02-22 09:15:00,685.9071
2019-02-22 09:30:00,724.8558
2019-02-22 09:45:00,1018.3559
2019-02-22 10:00:00,1038.6562
2019-02-22 10:15:00,1297.3035
2019-02-22 10:30:00,1298.9674
2019-02-22 10:45:00,1712.8794
2019-02-22 11:00:00,1692.222
2019-02-22 11:15:00,1983.1938
2019-02-22 11:30:00,1976.9016
2019-02-22 11:45:00,2293.4302
2019-02-22 12:00:00,2292.995
2019-02-22 12:15:00,2446.6375
2019-02-22 12:30:00,2452.6406
2019-02-22 12:45:00,2591.0242
2019-02-22 13:00:00,2598.6875
2019-02-22 13:15:00,2651.4644
2019-02-22 13:30:00,2648.476
2019-02-22 13:45:00,2630.9478
2019-02-22 14:00:00,2630.367
2019-02-22 14:15:00,2558.8926
2019-02-22 14:30:00,2574.044
2019-02-22 14:45:00,2427.7773
2019-02-22 15:00:00,2461.6035
2019-02-22 15:15:00,2170.1074
2019-02-22 15:30:00,2314.999
2019-02-22 15:45:00,1874.4175
2019-02-22 16:00:00,2317.2573
2019-02-22 16:15:00,1533.3729
2019-02-22 16:30:00,2085.22
2019-02-22 16:45:00,1137.064
2019-02-22 17:00:00,1675.6104
2019-02-22 17:15:00,713.2905
2019-02-22 17:30:00,1077.713
2019-02-22 17:45:00,425.12167
2019-02-22 18:00:00,650.85486
2019-02-22 18:15:00,131.5195
2019-02-22 18:30:00,159.65242
2019-02-22 18:45:00,6.4431844
2019-02-22 19:00:00,0.0
2019-02-22 19:15:00,0.0
2019-02-22 19:30:00,0.0
2019-02-22 19:45:00,0.0
2019-02-22 20:00:00,0.035439104
2019-02-22 20:15:00,0.0751656
2019-02-22 20:30:00,0.098797984
2019-02-22 20:45:00,0.11328311
2019-02-22 21:00:00,0.12244816
2019-02-22 21:15:00,0.12842569
2019-02-22 21:30:00,0.13243367
2019-02-22 21:45:00,0.13518715
2019-02-22 22:00:00,0.13711794
2019-02-22 22:15:00,0.1384933
2019-02-22 22:30:00,0.13948412
2019-02-22 22:45:00,0.1402
2019-02-22 23:00:00,0.14071389
2019-02-22 23:15:00,0.14107469
2019-02-22 23:30:00,0.23540461
2019-02-22 23:45:00,0.40144727
2019-02-23 00:00:00,0.4563652
2019-02-23 00:15:00,0.40143728
2019-02-23 00:30:00,0.23537491
2019-02-23 00:45:00,0.14107469
2019-02-23 01:00:00,0.14071389
2019-02-23 01:15:00,0.1402
2019-02-23 01:30:00,0.13948412
2019-02-23 01:45:00,0.1384933
2019-02-23 02:00:00,0.13711794
2019-02-23 02:15:00,0.13518715
2019-02-23 02:30:00,0.13243367
2019-02-23 02:45:00,0.12842569
2019-02-23 03:00:00,0.12244816
2019-02-23 03:15:00,0.11328311
2019-02-23 03:30:00,0.098797984
2019-02-23 03:45:00,0.0751656
2019-02-23 04:00:00,0.035439104
2019-02-23 04:15:00,0.0
2019-02-23 04:30:00,0.0
2019-02-23 04:45:00,0.0
2019-02-23 05:00:00,0.0
2019-02-23 05:15:00,5.4371443
2019-02-23 05:30:00,9.177975
2019-02-23 05:45:00,5.964107
2019-02-23 06:00:00,0.0
2019-02-23 06:15:00,3.5557804
2019-02-23 06:30:00,6.249977
2019-02-23 06:45:00,-0.50601506
2019-02-23 07:00:00,7.2931223
2019-02-23 07:15:00,9.928454
2019-02-23 07:30:00,11.881053
2019-02-23 07:45:00,20.72017
2019-02-23 08:00:00,26.793192
2019-02-23 08:15:00,70.83242
2019-02-23 08:30:00,103.34432
2019-02-23 08:45:00,269.1782
2019-02-23 09:00:00,308.49515
2019-02-23 09:15:00,625.334
2019-02-23 09:30:00,654.7192
2019-02-23 09:45:00,991.55194
2019-02-23 10:00:00,1008.2461
2019-02-23 10:15:00,1340.3595
2019-02-23 10:30:00,1341.8198
2019-02-23 10:45:00,1820.1047
2019-02-23 11:00:00,1809.0713
2019-02-23 11:15:00,2106.0393
2019-02-23 11:30:00,2102.3123
2019-02-23 11:45:00,2250.4849
2019-02-23 12:00:00,2250.096
2019-02-23 12:15:00,2340.4556
2019-02-23 12:30:00,2342.367
2019-02-23 12:45:00,2426.904
2019-02-23 13:00:00,2437.9023
2019-02-23 13:15:00,2505.498
2019-02-23 13:30:00,2510.1284
2019-02-23 13:45:00,2462.7544
2019-02-23 14:00:00,2461.947
2019-02-23 14:15:00,2354.213
2019-02-23 14:30:00,2349.6382
2019-02-23 14:45:00,2135.1987
2019-02-23 15:00:00,2094.724
2019-02-23 15:15:00,1827.6777
2019-02-23 15:30:00,1728.7081
2019-02-23 15:45:00,1540.9241
2019-02-23 16:00:00,1355.97
2019-02-23 16:15:00,1179.4885
2019-02-23 16:30:00,1087.5277
2019-02-23 16:45:00,856.7796
2019-02-23 17:00:00,859.1858
2019-02-23 17:15:00,528.1382
2019-02-23 17:30:00,527.0377
2019-02-23 17:45:00,316.33386
2019-02-23 18:00:00,326.46204
2019-02-23 18:15:00,94.11843
2019-02-23 18:30:00,100.41484
2019-02-23 18:45:00,6.283402
2019-02-23 19:00:00,0.0
2019-02-23 19:15:00,0.0
2019-02-23 19:30:00,0.0
2019-02-23 19:45:00,0.0
2019-02-23 20:00:00,0.035439104
2019-02-23 20:15:00,0.0751656
2019-02-23 20:30:00,0.098797984
2019-02-23 20:45:00,0.11328311
2019-02-23 21:00:00,0.12244816
2019-02-23 21:15:00,0.12842569
2019-02-23 21:30:00,0.13243367
2019-02-23 21:45:00,0.13518715
2019-02-23 22:00:00,0.13711794
2019-02-23 22:15:00,0.1384933
2019-02-23 22:30:00,0.13948412
2019-02-23 22:45:00,0.1402
2019-02-23 23:00:00,0.14071389
2019-02-23 23:15:00,0.14107469
2019-02-23 23:30:00,0.23540461
2019-02-23 23:45:00,0.40144727
2019-02-24 00:00:00,0.4563652
2019-02-24 00:15:00,0.40143728
2019-02-24 00:30:00,0.23537491
2019-02-24 00:45:00,0.14107469
2019-02-24 01:00:00,0.14071389
2019-02-24 01:15:00,0.1402
2019-02-24 01:30:00,0.13948412
2019-02-24 01:45:00,0.1384933
2019-02-24 02:00:00,0.13711794
2019-02-24 02:15:00,0.13518715
2019-02-24 02:30:00,0.13243367
2019-02-24 02:45:00,0.12842569
2019-02-24 03:00:00,0.12244816
2019-02-24 03:15:00,0.11328311
2019-02-24 03:30:00,0.098797984
2019-02-24 03:45:00,0.0751656
2019-02-24 04:00:00,0.035439104
2019-02-24 04:15:00,0.0
2019-02-24 04:30:00,0.0
2019-02-24 04:45:00,0.0
2019-02-24 05:00:00,0.0
2019-02-24 05:15:00,5.4371443
2019-02-24 05:30:00,9.177975
2019-02-24 05:45:00,5.964107
2019-02-24 06:00:00,0.0
2019-02-24 06:15:00,3.5557804
2019-02-24 06:30:00,6.249977
2019-02-24 06:45:00,-0.50601506
2019-02-24 07:00:00,7.2931223
2019-02-24 07:15:00,9.928454
2019-02-24 07:30:00,11.881053
2019-02-24 07:45:00,21.755768
2019-02-24 08:00:00,27.785892
2019-02-24 08:15:00,67.41355
2019-02-24 08:30:00,99.43424
2019-02-24 08:45:00,248.31175
2019-02-24 09:00:00,284.70987
2019-02-24 09:15:00,567.04376
2019-02-24 09:30:00,591.2394
2019-02-24 09:45:00,929.08203
2019-02-24 10:00:00,940.08325
2019-02-24 10:15:00,1277.3949
2019-02-24 10:30:00,1277.4205
2019-02-24 10:45:00,1746.6196
2019-02-24 11:00:00,1729.1575
2019-02-24 11:15:00,2073.3757
2019-02-24 11:30:00,2069.0164
2019-02-24 11:45:00,2246.1182
2019-02-24 12:00:00,2245.7258
2019-02-24 12:15:00,2362.6836
2019-02-24 12:30:00,2365.141
2019-02-24 12:45:00,2493.301
2019-02-24 13:00:00,2506.9512
2019-02-24 13:15:00,2579.5925
2019-02-24 13:30:00,2578.5632
2019-02-24 13:45:00,2561.268
2019-02-24 14:00:00,2559.405
2019-02-24 14:15:00,2478.892
2019-02-24 14:30:00,2483.5781
2019-02-24 14:45:00,2359.4487
2019-02-24 15:00:00,2366.4907
2019-02-24 15:15:00,2081.8445
2019-02-24 15:30:00,2147.4724
2019-02-24 15:45:00,1749.6777
2019-02-24 16:00:00,1911.4535
2019-02-24 16:15:00,1499.8164
2019-02-24 16:30:00,2042.9998
2019-02-24 16:45:00,1149.8135
2019-02-24 17:00:00,1691.8497
2019-02-24 17:15:00,747.5214
2019-02-24 17:30:00,1202.581
2019-02-24 17:45:00,407.1093
2019-02-24 18:00:00,598.9552
2019-02-24 18:15:00,147.26227
2019-02-24 18:30:00,174.9943
2019-02-24 18:45:00,6.9194417
2019-02-24 19:00:00,0.0
2019-02-24 19:15:00,0.0
2019-02-24 19:30:00,0.0
2019-02-24 19:45:00,0.0
2019-02-24 20:00:00,0.035439104
2019-02-24 20:15:00,0.0751656
2019-02-24 20:30:00,0.098797984
2019-02-24 20:45:00,0.11328311
2019-02-24 21:00:00,0.12244816
2019-02-24 21:15:00,0.12842569
2019-02-24 21:30:00,0.13243367
2019-02-24 21:45:00,0.13518715
2019-02-24 22:00:00,0.13711794
2019-02-24 22:15:00,0.1384933
2019-02-24 22:30:00,0.13948412
2019-02-24 22:45:00,0.1402
2019-02-24 23:00:00,0.14071389
2019-02-24 23:15:00,0.14107469
2019-02-24 23:30:00,0.23540461
2019-02-24 23:45:00,0.40144727
2019-02-25 00:00:00,0.4563652
2019-02-25 00:15:00,0.40143728
2019-02-25 00:30:00,0.23537491
2019-02-25 00:45:00,0.14107469
2019-02-25 01:00:00,0.14071389
2019-02-25 01:15:00,0.1402
2019-02-25 01:30:00,0.13948412
2019-02-25 01:45:00,0.1384933
2019-02-25 02:00:00,0.13711794
2019-02-25 02:15:00,0.13518715
2019-02-25 02:30:00,0.13243367
2019-02-25 02:45:00,0.12842569
2019-02-25 03:00:00,0.12244816
2019-02-25 03:15:00,0.11328311
2019-02-25 03:30:00,0.098797984
2019-02-25 03:45:00,0.0751656
2019-02-25 04:00:00,0.035439104
2019-02-25 04:15:00,0.0
2019-02-25 04:30:00,0.0
2019-02-25 04:45:00,0.0
2019-02-25 05:00:00,0.0
2019-02-25 05:15:00,5.4371443
2019-02-25 05:30:00,9.177975
2019-02-25 05:45:00,5.964107
2019-02-25 06:00:00,0.0
2019-02-25 06:15:00,3.5557804
2019-02-25 06:30:00,6.249977
2019-02-25 06:45:00,-0.50601506
2019-02-25 07:00:00,7.2931223
2019-02-25 07:15:00,9.928454
2019-02-25 07:30:00,11.881053
2019-02-25 07:45:00,23.844109
2019-02-25 08:00:00,29.7871
2019-02-25 08:15:00,95.033
2019-02-25 08:30:00,130.16835
2019-02-25 08:45:00,329.96667
2019-02-25 09:00:00,378.3487
2019-02-25 09:15:00,715.9149
2019-02-25 09:30:00,762.50964
2019-02-25 09:45:00,1101.4553
2019-02-25 10:00:00,1144.6749
2019-02-25 10:15:00,1616.4596
2019-02-25 10:30:00,1614.7864
2019-02-25 10:45:00,2042.5835
2019-02-25 11:00:00,2036.3496
2019-02-25 11:15:00,2246.4385
2019-02-25 11:30:00,2245.003
2019-02-25 11:45:00,2387.1309
2019-02-25 12:00:00,2386.0308
2019-02-25 12:15:00,2574.7903
2019-02-25 12:30:00,2581.8303
2019-02-25 12:45:00,2706.5715
2019-02-25 13:00:00,2708.3125
2019-02-25 13:15:00,2756.2207
2019-02-25 13:30:00,2753.2944
2019-02-25 13:45:00,2733.0864
2019-02-25 14:00:00,2736.7817
2019-02-25 14:15:00,2666.8152
2019-02-25 14:30:00,2698.198
2019-02-25 14:45:00,2550.6948
2019-02-25 15:00:00,2652.335
2019-02-25 15:15:00,2327.1118
2019-02-25 15:30:00,2588.8525
2019-02-25 15:45:00,2045.9276
2019-02-25 16:00:00,2516.3022
2019-02-25 16:15:00,1729.6464
2019-02-25 16:30:00,2263.9683
2019-02-25 16:45:00,1496.1566
2019-02-25 17:00:00,1908.0564
2019-02-25 17:15:00,1106.1821
2019-02-25 17:30:00,1397.2456
2019-02-25 17:45:00,522.71686
2019-02-25 18:00:00,785.1821
2019-02-25 18:15:00,160.62128
2019-02-25 18:30:00,184.89589
2019-02-25 18:45:00,11.735134
2019-02-25 19:00:00,0.0
2019-02-25 19:15:00,0.0
2019-02-25 19:30:00,0.0
2019-02-25 19:45:00,0.0
2019-02-25 20:00:00,0.035439104
2019-02-25 20:15:00,0.0751656
2019-02-25 20:30:00,0.098797984
2019-02-25 20:45:00,0.11328311
2019-02-25 21:00:00,0.12244816
2019-02-25 21:15:00,0.12842569
2019-02-25 21:30:00,0.13243367
2019-02-25 21:45:00,0.13518715
2019-02-25 22:00:00,0.13711794
2019-02-25 22:15:00,0.1384933
2019-02-25 22:30:00,0.13948412
2019-02-25 22:45:00,0.1402
2019-02-25 23:00:00,0.14071389
2019-02-25 23:15:00,0.14107469
2019-02-25 23:30:00,0.23540461
2019-02-25 23:45:00,0.40144727
2019-02-26 00:00:00,0.4563652
2019-02-26 00:15:00,0.40143728
2019-02-26 00:30:00,0.23537491
2019-02-26 00:45:00,0.14107469
2019-02-26 01:00:00,0.14071389
2019-02-26 01:15:00,0.1402
2019-02-26 01:30:00,0.13948412
2019-02-26 01:45:00,0.1384933
2019-02-26 02:00:00,0.13711794
2019-02-26 02:15:00,0.13518715
2019-02-26 02:30:00,0.13243367
2019-02-26 02:45:00,0.12842569
2019-02-26 03:00:00,0.12244816
2019-02-26 03:15:00,0.11328311
2019-02-26 03:30:00,0.098797984
2019-02-26 03:45:00,0.0751656
2019-02-26 04:00:00,0.035439104
2019-02-26 04:15:00,0.0
2019-02-26 04:30:00,0.0
2019-02-26 04:45:00,0.0
2019-02-26 05:00:00,0.0
2019-02-26 05:15:00,5.4371443
2019-02-26 05:30:00,9.177975
2019-02-26 05:45:00,5.964107
2019-02-26 06:00:00,0.0
2019-02-26 06:15:00,3.5557804
2019-02-26 06:30:00,6.249977
2019-02-26 06:45:00,-0.50601506
2019-02-26 07:00:00,7.2931223
2019-02-26 07:15:00,9.928454
2019-02-26 07:30:00,11.881053
2019-02-26 07:45:00,23.844109
2019-02-26 08:00:00,29.7871
2019-02-26 08:15:00,81.412895
2019-02-26 08:30:00,115.25693
2019-02-26 08:45:00,308.25256
2019-02-26 09:00:00,352.92685
2019-02-26 09:15:00,678.00696
2019-02-26 09:30:00,715.3443
2019-02-26 09:45:00,1062.9108
2019-02-26 10:00:00,1092.2025
2019-02-26 10:15:00,1516.4038
2019-02-26 10:30:00,1510.1925
2019-02-26 10:45:00,1972.6321
2019-02-26 11:00:00,1965.2166
2019-02-26 11:15:00,2208.1729
2019-02-26 11:30:00,2206.4028
2019-02-26 11:45:00,2347.668
2019-02-26 12:00:00,2346.9514
2019-02-26 12:15:00,2519.08
2019-02-26 12:30:00,2526.954
2019-02-26 12:45:00,2670.0286
2019-02-26 13:00:00,2672.8975
2019-02-26 13:15:00,2721.331
2019-02-26 13:30:00,2718.2422
2019-02-26 13:45:00,2704.728
2019-02-26 14:00:00,2706.9648
2019-02-26 14:15:00,2562.6282
2019-02-26 14:30:00,2578.3032
2019-02-26 14:45:00,2355.358
2019-02-26 15:00:00,2361.0986
2019-02-26 15:15:00,1877.8035
2019-02-26 15:30:00,1811.0227
2019-02-26 15:45:00,1505.7056
2019-02-26 16:00:00,1419.6184
2019-02-26 16:15:00,1256.2156
2019-02-26 16:30:00,1311.128
2019-02-26 16:45:00,942.93396
2019-02-26 17:00:00,1032.9845
2019-02-26 17:15:00,849.72943
2019-02-26 17:30:00,1328.6746
2019-02-26 17:45:00,687.4057
2019-02-26 18:00:00,847.0825
2019-02-26 18:15:00,231.6349
2019-02-26 18:30:00,215.55756
2019-02-26 18:45:00,23.883123
2019-02-26 19:00:00,0.0
2019-02-26 19:15:00,0.0
2019-02-26 19:30:00,0.0
2019-02-26 19:45:00,0.0
2019-02-26 20:00:00,0.035439104
2019-02-26 20:15:00,0.0751656
2019-02-26 20:30:00,0.098797984
2019-02-26 20:45:00,0.11328311
2019-02-26 21:00:00,0.12244816
2019-02-26 21:15:00,0.12842569
2019-02-26 21:30:00,0.13243367
2019-02-26 21:45:00,0.13518715
2019-02-26 22:00:00,0.13711794
2019-02-26 22:15:00,0.1384933
2019-02-26 22:30:00,0.13948412
2019-02-26 22:45:00,0.1402
2019-02-26 23:00:00,0.14071389
2019-02-26 23:15:00,0.14107469
2019-02-26 23:30:00,0.23540461
2019-02-26 23:45:00,0.40144727
2019-02-27 00:00:00,0.4563652
2019-02-27 00:15:00,0.40143728
2019-02-27 00:30:00,0.23537491
2019-02-27 00:45:00,0.14107469
2019-02-27 01:00:00,0.14071389
2019-02-27 01:15:00,0.1402
2019-02-27 01:30:00,0.13948412
2019-02-27 01:45:00,0.1384933
2019-02-27 02:00:00,0.13711794
2019-02-27 02:15:00,0.13518715
2019-02-27 02:30:00,0.13243367
2019-02-27 02:45:00,0.12842569
2019-02-27 03:00:00,0.12244816
2019-02-27 03:15:00,0.11328311
2019-02-27 03:30:00,0.098797984
2019-02-27 03:45:00,0.0751656
2019-02-27 04:00:00,0.035439104
2019-02-27 04:15:00,0.0
2019-02-27 04:30:00,0.0
2019-02-27 04:45:00,0.0
2019-02-27 05:00:00,0.0
2019-02-27 05:15:00,5.4371443
2019-02-27 05:30:00,9.177975
2019-02-27 05:45:00,5.964107
2019-02-27 06:00:00,0.0
2019-02-27 06:15:00,3.5557804
2019-02-27 06:30:00,6.249977
2019-02-27 06:45:00,-0.50601506
2019-02-27 07:00:00,7.2931223
2019-02-27 07:15:00,9.928454
2019-02-27 07:30:00,11.881053
2019-02-27 07:45:00,24.897078
2019-02-27 08:00:00,30.795712
2019-02-27 08:15:00,108.107704
2019-02-27 08:30:00,144.02794
2019-02-27 08:45:00,372.2519
2019-02-27 09:00:00,430.1076
2019-02-27 09:15:00,776.0794
2019-02-27 09:30:00,851.31464
2019-02-27 09:45:00,1158.4424
2019-02-27 10:00:00,1231.1161
2019-02-27 10:15:00,1769.743
2019-02-27 10:30:00,1759.2424
2019-02-27 10:45:00,2113.967
2019-02-27 11:00:00,2110.2327
2019-02-27 11:15:00,2261.633
2019-02-27 11:30:00,2260.2107
2019-02-27 11:45:00,2331.09
2019-02-27 12:00:00,2330.4858
2019-02-27 12:15:00,2418.0767
2019-02-27 12:30:00,2422.7178
2019-02-27 12:45:00,2578.2375
2019-02-27 13:00:00,2586.895
2019-02-27 13:15:00,2686.4707
2019-02-27 13:30:00,2683.3184
2019-02-27 13:45:00,2592.5942
2019-02-27 14:00:00,2591.143
2019-02-27 14:15:00,2381.5522
2019-02-27 14:30:00,2377.9907
2019-02-27 14:45:00,2414.5532
2019-02-27 15:00:00,2442.2227
2019-02-27 15:15:00,2438.169
2019-02-27 15:30:00,2751.9685
2019-02-27 15:45:00,2206.3071
2019-02-27 16:00:00,2605.9194
2019-02-27 16:15:00,2182.1719
2019-02-27 16:30:00,2380.6602
2019-02-27 16:45:00,1777.2358
2019-02-27 17:00:00,1996.9348
2019-02-27 17:15:00,1495.2122
2019-02-27 17:30:00,1535.8383
2019-02-27 17:45:00,845.9068
2019-02-27 18:00:00,884.2809
2019-02-27 18:15:00,224.75787
2019-02-27 18:30:00,213.19565
2019-02-27 18:45:00,11.735134
2019-02-27 19:00:00,0.0
2019-02-27 19:15:00,0.0
2019-02-27 19:30:00,0.0
2019-02-27 19:45:00,0.0
2019-02-27 20:00:00,0.035439104
2019-02-27 20:15:00,0.0751656
2019-02-27 20:30:00,0.098797984
2019-02-27 20:45:00,0.11328311
2019-02-27 21:00:00,0.12244816
2019-02-27 21:15:00,0.12842569
2019-02-27 21:30:00,0.13243367
2019-02-27 21:45:00,0.13518715
2019-02-27 22:00:00,0.13711794
2019-02-27 22:15:00,0.1384933
2019-02-27 22:30:00,0.13948412
2019-02-27 22:45:00,0.1402
2019-02-27 23:00:00,0.14071389
2019-02-27 23:15:00,0.14107469
2019-02-27 23:30:00,0.23540461
2019-02-27 23:45:00,0.40144727
2019-02-28 00:00:00,0.4563652
2019-02-28 00:15:00,0.40143728
2019-02-28 00:30:00,0.23537491
2019-02-28 00:45:00,0.14107469
2019-02-28 01:00:00,0.14071389
2019-02-28 01:15:00,0.1402
2019-02-28 01:30:00,0.13948412
2019-02-28 01:45:00,0.1384933
2019-02-28 02:00:00,0.13711794
2019-02-28 02:15:00,0.13518715
2019-02-28 02:30:00,0.13243367
2019-02-28 02:45:00,0.12842569
2019-02-28 03:00:00,0.12244816
2019-02-28 03:15:00,0.11328311
2019-02-28 03:30:00,0.098797984
2019-02-28 03:45:00,0.0751656
2019-02-28 04:00:00,0.035439104
2019-02-28 04:15:00,0.0
2019-02-28 04:30:00,0.0
2019-02-28 04:45:00,0.0
2019-02-28 05:00:00,0.0
2019-02-28 05:15:00,5.4371443
2019-02-28 05:30:00,9.177975
2019-02-28 05:45:00,5.964107
2019-02-28 06:00:00,0.0
2019-02-28 06:15:00,3.5557804
2019-02-28 06:30:00,6.249977
2019-02-28 06:45:00,-0.50601506
2019-02-28 07:00:00,7.2931223
2019-02-28 07:15:00,9.928454
2019-02-28 07:30:00,11.881053
2019-02-28 07:45:00,25.955751
2019-02-28 08:00:00,31.809683
2019-02-28 08:15:00,91.24098
2019-02-28 08:30:00,126.06507
2019-02-28 08:45:00,220.09923
2019-02-28 09:00:00,245.94945
2019-02-28 09:15:00,490.722
2019-02-28 09:30:00,511.18005
2019-02-28 09:45:00,803.9962
2019-02-28 10:00:00,809.5735
2019-02-28 10:15:00,1239.7802
2019-02-28 10:30:00,1237.9568
2019-02-28 10:45:00,1576.8511
2019-02-28 11:00:00,1549.1099
2019-02-28 11:15:00,2011.2548
2019-02-28 11:30:00,2005.6884
2019-02-28 11:45:00,2083.2375
2019-02-28 12:00:00,2082.244
2019-02-28 12:15:00,1989.2798
2019-02-28 12:30:00,1993.562
2019-02-28 12:45:00,1570.5876
2019-02-28 13:00:00,1595.3132
2019-02-28 13:15:00,1244.9757
2019-02-28 13:30:00,1252.2877
2019-02-28 13:45:00,1156.0563
2019-02-28 14:00:00,1147.8937
2019-02-28 14:15:00,916.2244
2019-02-28 14:30:00,880.68866
2019-02-28 14:45:00,777.68835
2019-02-28 15:00:00,678.72504
2019-02-28 15:15:00,897.8969
2019-02-28 15:30:00,1040.646
2019-02-28 15:45:00,1305.6294
2019-02-28 16:00:00,1312.8771
2019-02-28 16:15:00,1179.8745
2019-02-28 16:30:00,1081.7524
2019-02-28 16:45:00,899.79065
2019-02-28 17:00:00,951.0144
2019-02-28 17:15:00,607.11
2019-02-28 17:30:00,655.5839
2019-02-28 17:45:00,374.72363
2019-02-28 18:00:00,482.88538
2019-02-28 18:15:00,211.50714
2019-02-28 18:30:00,208.49658
2019-02-28 18:45:00,32.39092
2019-02-28 19:00:00,0.0
2019-02-28 19:15:00,0.0
2019-02-28 19:30:00,0.0
2019-02-28 19:45:00,0.0
2019-02-28 20:00:00,0.035439104
2019-02-28 20:15:00,0.0751656
2019-02-28 20:30:00,0.098797984
2019-02-28 20:45:00,0.11328311
2019-02-28 21:00:00,0.12244816
2019-02-28 21:15:00,0.12842569
2019-02-28 21:30:00,0.13243367
2019-02-28 21:45:00,0.13518715
2019-02-28 22:00:00,0.13711794
2019-02-28 22:15:00,0.1384933
2019-02-28 22:30:00,0.13948412
2019-02-28 22:45:00,0.1402
2019-02-28 23:00:00,0.14071389
2019-02-28 23:15:00,0.14107469
2019-02-28 23:30:00,0.23540461
2019-02-28 23:45:00,0.40144727
2019-03-01 00:00:00,0.4563652
2019-03-01 00:15:00,0.40143728
2019-03-01 00:30:00,0.23537491
2019-03-01 00:45:00,0.14107469
2019-03-01 01:00:00,0.14071389
2019-03-01 01:15:00,0.1402
2019-03-01 01:30:00,0.13948412
2019-03-01 01:45:00,0.1384933
2019-03-01 02:00:00,0.13711794
2019-03-01 02:15:00,0.13518715
2019-03-01 02:30:00,0.13243367
2019-03-01 02:45:00,0.12842569
2019-03-01 03:00:00,0.12244816
2019-03-01 03:15:00,0.11328311
2019-03-01 03:30:00,0.098797984
2019-03-01 03:45:00,0.0751656
2019-03-01 04:00:00,0.035439104
2019-03-01 04:15:00,0.0
2019-03-01 04:30:00,0.0
2019-03-01 04:45:00,0.0
2019-03-01 05:00:00,0.0
2019-03-01 05:15:00,5.4371443
2019-03-01 05:30:00,9.177975
2019-03-01 05:45:00,5.964107
2019-03-01 06:00:00,0.0
2019-03-01 06:15:00,3.5557804
2019-03-01 06:30:00,6.249977
2019-03-01 06:45:00,-0.50601506
2019-03-01 07:00:00,7.2931223
2019-03-01 07:15:00,9.928454
2019-03-01 07:30:00,11.881053
2019-03-01 07:45:00,27.02026
2019-03-01 08:00:00,32.82898
2019-03-01 08:15:00,112.16419
2019-03-01 08:30:00,148.23611
2019-03-01 08:45:00,342.8735
2019-03-01 09:00:00,393.78622
2019-03-01 09:15:00,691.0931
2019-03-01 09:30:00,731.17975
2019-03-01 09:45:00,1136.8291
2019-03-01 10:00:00,1200.5056
2019-03-01 10:15:00,1682.0854
2019-03-01 10:30:00,1677.6101
2019-03-01 10:45:00,1985.0212
2019-03-01 11:00:00,1977.7224
2019-03-01 11:15:00,1987.2944
2019-03-01 11:30:00,1981.1218
2019-03-01 11:45:00,1708.6547
2019-03-01 12:00:00,1704.638
2019-03-01 12:15:00,1901.6709
2019-03-01 12:30:00,1908.6292
2019-03-01 12:45:00,1922.2817
2019-03-01 13:00:00,1930.6279
2019-03-01 13:15:00,1924.8987
2019-03-01 13:30:00,1933.8218
2019-03-01 13:45:00,1918.6965
2019-03-01 14:00:00,1932.5603
2019-03-01 14:15:00,1296.8524
2019-03-01 14:30:00,1379.9843
2019-03-01 14:45:00,1462.5574
2019-03-01 15:00:00,1556.2903
2019-03-01 15:15:00,1676.1501
2019-03-01 15:30:00,1671.3425
2019-03-01 15:45:00,1481.077
2019-03-01 16:00:00,1387.8484
2019-03-01 16:15:00,1211.6543
2019-03-01 16:30:00,1001.06165
2019-03-01 16:45:00,741.16284
2019-03-01 17:00:00,658.3168
2019-03-01 17:15:00,491.82202
2019-03-01 17:30:00,459.50842
2019-03-01 17:45:00,414.29108
2019-03-01 18:00:00,621.18774
2019-03-01 18:15:00,120.437454
2019-03-01 18:30:00,146.79797
2019-03-01 18:45:00,19.23095
2019-03-01 19:00:00,0.0
2019-03-01 19:15:00,0.0
2019-03-01 19:30:00,0.0
2019-03-01 19:45:00,0.0
2019-03-01 20:00:00,0.035439104
2019-03-01 20:15:00,0.0751656
2019-03-01 20:30:00,0.098797984
2019-03-01 20:45:00,0.11328311
2019-03-01 21:00:00,0.12244816
2019-03-01 21:15:00,0.12842569
2019-03-01 21:30:00,0.13243367
2019-03-01 21:45:00,0.13518715
2019-03-01 22:00:00,0.13711794
2019-03-01 22:15:00,0.1384933
2019-03-01 22:30:00,0.13948412
2019-03-01 22:45:00,0.1402
2019-03-01 23:00:00,0.14071389
2019-03-01 23:15:00,0.14107469
2019-03-01 23:30:00,0.23540461
2019-03-01 23:45:00,0.40144727
2019-03-02 00:00:00,0.4563652
2019-03-02 00:15:00,0.40143728
2019-03-02 00:30:00,0.23537491
2019-03-02 00:45:00,0.14107469
2019-03-02 01:00:00,0.14071389
2019-03-02 01:15:00,0.1402
2019-03-02 01:30:00,0.13948412
2019-03-02 01:45:00,0.1384933
2019-03-02 02:00:00,0.13711794
2019-03-02 02:15:00,0.13518715
2019-03-02 02:30:00,0.13243367
2019-03-02 02:45:00,0.12842569
2019-03-02 03:00:00,0.12244816
2019-03-02 03:15:00,0.11328311
2019-03-02 03:30:00,0.098797984
2019-03-02 03:45:00,0.0751656
2019-03-02 04:00:00,0.035439104
2019-03-02 04:15:00,0.0
2019-03-02 04:30:00,0.0
2019-03-02 04:45:00,0.0
2019-03-02 05:00:00,0.0
2019-03-02 05:15:00,5.4371443
2019-03-02 05:30:00,9.177975
2019-03-02 05:45:00,5.964107
2019-03-02 06:00:00,0.0
2019-03-02 06:15:00,3.5557804
2019-03-02 06:30:00,6.249977
2019-03-02 06:45:00,-0.50601506
2019-03-02 07:00:00,7.2931223
2019-03-02 07:15:00,9.928454
2019-03-02 07:30:00,11.881053
2019-03-02 07:45:00,31.337627
2019-03-02 08:00:00,36.960793
2019-03-02 08:15:00,137.87004
2019-03-02 08:30:00,173.871
2019-03-02 08:45:00,416.468
2019-03-02 09:00:00,489.27017
2019-03-02 09:15:00,782.3956
2019-03-02 09:30:00,862.2529
2019-03-02 09:45:00,1121.8949
2019-03-02 10:00:00,1176.3369
2019-03-02 10:15:00,1592.7396
2019-03-02 10:30:00,1591.0145
2019-03-02 10:45:00,1997.1255
2019-03-02 11:00:00,1989.9727
2019-03-02 11:15:00,2171.3745
2019-03-02 11:30:00,2168.9863
2019-03-02 11:45:00,2338.089
2019-03-02 12:00:00,2337.44
2019-03-02 12:15:00,2523.6929
2019-03-02 12:30:00,2531.5674
2019-03-02 12:45:00,2710.1602
2019-03-02 13:00:00,2711.8237
2019-03-02 13:15:00,2787.7107
2019-03-02 13:30:00,2784.9702
2019-03-02 13:45:00,2830.281
2019-03-02 14:00:00,2839.8972
2019-03-02 14:15:00,2780.9805
2019-03-02 14:30:00,2841.5278
2019-03-02 14:45:00,2723.7627
2019-03-02 15:00:00,2884.7231
2019-03-02 15:15:00,2554.4211
2019-03-02 15:30:00,2850.5317
2019-03-02 15:45:00,2424.3442
2019-03-02 16:00:00,2660.931
2019-03-02 16:15:00,2296.7407
2019-03-02 16:30:00,2435.871
2019-03-02 16:45:00,1985.1968
2019-03-02 17:00:00,2138.1875
2019-03-02 17:15:00,1550.9253
2019-03-02 17:30:00,1605.4502
2019-03-02 17:45:00,1096.7754
2019-03-02 18:00:00,1039.0312
2019-03-02 18:15:00,439.025
2019-03-02 18:30:00,329.0875
2019-03-02 18:45:00,49.989056
2019-03-02 19:00:00,9.924905
2019-03-02 19:15:00,0.0
2019-03-02 19:30:00,0.0
2019-03-02 19:45:00,0.0
2019-03-02 20:00:00,0.035439104
2019-03-02 20:15:00,0.0751656
2019-03-02 20:30:00,0.098797984
2019-03-02 20:45:00,0.11328311
2019-03-02 21:00:00,0.12244816
2019-03-02 21:15:00,0.12842569
2019-03-02 21:30:00,0.13243367
2019-03-02 21:45:00,0.13518715
2019-03-02 22:00:00,0.13711794
2019-03-02 22:15:00,0.1384933
2019-03-02 22:30:00,0.13948412
2019-03-02 22:45:00,0.1402
2019-03-02 23:00:00,0.14071389
2019-03-02 23:15:00,0.14107469
2019-03-02 23:30:00,0.23540461
2019-03-02 23:45:00,0.40144727
2019-03-03 00:00:00,0.4563652
2019-03-03 00:15:00,0.40143728
2019-03-03 00:30:00,0.23537491
2019-03-03 00:45:00,0.14107469
2019-03-03 01:00:00,0.14071389
2019-03-03 01:15:00,0.1402
2019-03-03 01:30:00,0.13948412
2019-03-03 01:45:00,0.1384933
2019-03-03 02:00:00,0.13711794
2019-03-03 02:15:00,0.13518715
2019-03-03 02:30:00,0.13243367
2019-03-03 02:45:00,0.12842569
2019-03-03 03:00:00,0.12244816
2019-03-03 03:15:00,0.11328311
2019-03-03 03:30:00,0.098797984
2019-03-03 03:45:00,0.0751656
2019-03-03 04:00:00,0.035439104
2019-03-03 04:15:00,0.0
2019-03-03 04:30:00,0.0
2019-03-03 04:45:00,0.0
2019-03-03 05:00:00,0.0
2019-03-03 05:15:00,5.4371443
2019-03-03 05:30:00,9.177975
2019-03-03 05:45:00,5.964107
2019-03-03 06:00:00,0.0
2019-03-03 06:15:00,3.5557804
2019-03-03 06:30:00,6.249977
2019-03-03 06:45:00,-0.50601506
2019-03-03 07:00:00,7.2931223
2019-03-03 07:15:00,9.928454
2019-03-03 07:30:00,11.881053
2019-03-03 07:45:00,29.166948
2019-03-03 08:00:00,34.8839
2019-03-03 08:15:00,98.88437
2019-03-03 08:30:00,134.2975
2019-03-03 08:45:00,390.29065
2019-03-03 09:00:00,453.46408
2019-03-03 09:15:00,750.9418
2019-03-03 09:30:00,811.1276
2019-03-03 09:45:00,1199.3656
2019-03-03 10:00:00,1248.3274
2019-03-03 10:15:00,1824.8372
2019-03-03 10:30:00,1811.926
2019-03-03 10:45:00,2172.6963
2019-03-03 11:00:00,2171.234
2019-03-03 11:15:00,2228.7563
2019-03-03 11:30:00,2227.2153
2019-03-03 11:45:00,2187.953
2019-03-03 12:00:00,2187.4163
2019-03-03 12:15:00,2076.436
2019-03-03 12:30:00,2079.3013
2019-03-03 12:45:00,2186.5393
2019-03-03 13:00:00,2188.5596
2019-03-03 13:15:00,2290.585
2019-03-03 13:30:00,2285.8232
2019-03-03 13:45:00,2426.2778
2019-03-03 14:00:00,2427.1843
2019-03-03 14:15:00,2555.166
2019-03-03 14:30:00,2569.7979
2019-03-03 14:45:00,2711.1614
2019-03-03 15:00:00,2859.187
2019-03-03 15:15:00,2714.6074
2019-03-03 15:30:00,2951.6113
2019-03-03 15:45:00,2623.5747
2019-03-03 16:00:00,2745.9036
2019-03-03 16:15:00,2405.4702
2019-03-03 16:30:00,2527.294
2019-03-03 16:45:00,2103.124
2019-03-03 17:00:00,2227.6902
2019-03-03 17:15:00,1656.8352
2019-03-03 17:30:00,1737.5719
2019-03-03 17:45:00,1141.4353
2019-03-03 18:00:00,1098.4454
2019-03-03 18:15:00,460.21442
2019-03-03 18:30:00,351.16785
2019-03-03 18:45:00,53.07081
2019-03-03 19:00:00,12.3528805
2019-03-03 19:15:00,0.0
2019-03-03 19:30:00,0.0
2019-03-03 19:45:00,0.0
2019-03-03 20:00:00,0.035439104
2019-03-03 20:15:00,0.0751656
2019-03-03 20:30:00,0.098797984
2019-03-03 20:45:00,0.11328311
2019-03-03 21:00:00,0.12244816
2019-03-03 21:15:00,0.12842569
2019-03-03 21:30:00,0.13243367
2019-03-03 21:45:00,0.13518715
2019-03-03 22:00:00,0.13711794
2019-03-03 22:15:00,0.1384933
2019-03-03 22:30:00,0.13948412
2019-03-03 22:45:00,0.1402
2019-03-03 23:00:00,0.14071389
2019-03-03 23:15:00,0.14107469
2019-03-03 23:30:00,0.23540461
2019-03-03 23:45:00,0.40144727
2019-03-04 00:00:00,0.4563652
2019-03-04 00:15:00,0.40143728
2019-03-04 00:30:00,0.23537491
2019-03-04 00:45:00,0.14107469
2019-03-04 01:00:00,0.14071389
2019-03-04 01:15:00,0.1402
2019-03-04 01:30:00,0.13948412
2019-03-04 01:45:00,0.1384933
2019-03-04 02:00:00,0.13711794
2019-03-04 02:15:00,0.13518715
2019-03-04 02:30:00,0.13243367
2019-03-04 02:45:00,0.12842569
2019-03-04 03:00:00,0.12244816
2019-03-04 03:15:00,0.11328311
2019-03-04 03:30:00,0.098797984
2019-03-04 03:45:00,0.0751656
2019-03-04 04:00:00,0.035439104
2019-03-04 04:15:00,0.0
2019-03-04 04:30:00,0.0
2019-03-04 04:45:00,0.0
2019-03-04 05:00:00,0.0
2019-03-04 05:15:00,5.4371443
2019-03-04 05:30:00,9.177975
2019-03-04 05:45:00,5.964107
2019-03-04 06:00:00,0.0
2019-03-04 06:15:00,3.5557804
2019-03-04 06:30:00,6.249977
2019-03-04 06:45:00,-0.50601506
2019-03-04 07:00:00,7.2931223
2019-03-04 07:15:00,9.928454
2019-03-04 07:30:00,11.881053
2019-03-04 07:45:00,33.53228
2019-03-04 08:00:00,39.059914
2019-03-04 08:15:00,150.08063
2019-03-04 08:30:00,185.41144
2019-03-04 08:45:00,418.238
2019-03-04 09:00:00,491.78415
2019-03-04 09:15:00,797.3073
2019-03-04 09:30:00,888.2868
2019-03-04 09:45:00,1296.8524
2019-03-04 10:00:00,1301.5718
2019-03-04 10:15:00,1876.1432
2019-03-04 10:30:00,1862.7634
2019-03-04 10:45:00,2080.113
2019-03-04 11:00:00,2075.0742
2019-03-04 11:15:00,1837.4501
2019-03-04 11:30:00,1823.6421
2019-03-04 11:45:00,1771.5121
2019-03-04 12:00:00,1767.6797
2019-03-04 12:15:00,1631.3257
2019-03-04 12:30:00,1643.1072
2019-03-04 12:45:00,1713.4519
2019-03-04 13:00:00,1735.1702
2019-03-04 13:15:00,2198.7556
2019-03-04 13:30:00,2196.495
2019-03-04 13:45:00,2156.7651
2019-03-04 14:00:00,2143.4263
2019-03-04 14:15:00,2090.083
2019-03-04 14:30:00,2071.6685
2019-03-04 14:45:00,2198.1182
2019-03-04 15:00:00,2165.7456
2019-03-04 15:15:00,2219.5327
2019-03-04 15:30:00,2389.6333
2019-03-04 15:45:00,2108.4487
2019-03-04 16:00:00,2556.7593
2019-03-04 16:15:00,2261.564
2019-03-04 16:30:00,2414.0208
2019-03-04 16:45:00,2059.53
2019-03-04 17:00:00,2195.8381
2019-03-04 17:15:00,1550.9253
2019-03-04 17:30:00,1605.4502
2019-03-04 17:45:00,1034.4928
2019-03-04 18:00:00,972.9458
2019-03-04 18:15:00,392.1541
2019-03-04 18:30:00,289.4595
2019-03-04 18:45:00,51.543076
2019-03-04 19:00:00,11.134279
2019-03-04 19:15:00,0.0
2019-03-04 19:30:00,0.0
2019-03-04 19:45:00,0.0
2019-03-04 20:00:00,0.035439104
2019-03-04 20:15:00,0.0751656
2019-03-04 20:30:00,0.098797984
2019-03-04 20:45:00,0.11328311
2019-03-04 21:00:00,0.12244816
2019-03-04 21:15:00,0.12842569
2019-03-04 21:30:00,0.13243367
2019-03-04 21:45:00,0.13518715
2019-03-04 22:00:00,0.13711794
2019-03-04 22:15:00,0.1384933
2019-03-04 22:30:00,0.13948412
2019-03-04 22:45:00,0.1402
2019-03-04 23:00:00,0.14071389
2019-03-04 23:15:00,0.14107469
2019-03-04 23:30:00,0.23540461
2019-03-04 23:45:00,0.40144727
2019-03-05 00:00:00,0.4563652
2019-03-05 00:15:00,0.40143728
2019-03-05 00:30:00,0.23537491
2019-03-05 00:45:00,0.14107469
2019-03-05 01:00:00,0.14071389
2019-03-05 01:15:00,0.1402
2019-03-05 01:30:00,0.13948412
2019-03-05 01:45:00,0.1384933
2019-03-05 02:00:00,0.13711794
2019-03-05 02:15:00,0.13518715
2019-03-05 02:30:00,0.13243367
2019-03-05 02:45:00,0.12842569
2019-03-05 03:00:00,0.12244816
2019-03-05 03:15:00,0.11328311
2019-03-05 03:30:00,0.098797984
2019-03-05 03:45:00,0.0751656
2019-03-05 04:00:00,0.035439104
2019-03-05 04:15:00,0.0
2019-03-05 04:30:00,0.0
2019-03-05 04:45:00,0.0
2019-03-05 05:00:00,0.0
2019-03-05 05:15:00,5.4371443
2019-03-05 05:30:00,9.177975
2019-03-05 05:45:00,5.964107
2019-03-05 06:00:00,0.0
2019-03-05 06:15:00,3.5557804
2019-03-05 06:30:00,6.249977
2019-03-05 06:45:00,-0.50601506
2019-03-05 07:00:00,7.2931223
2019-03-05 07:15:00,9.928454
2019-03-05 07:30:00,11.881053
2019-03-05 07:45:00,30.249407
2019-03-05 08:00:00,35.91959
2019-03-05 08:15:00,102.796196
2019-03-05 08:30:00,138.4519
2019-03-05 08:45:00,236.60837
2019-03-05 09:00:00,268.4861
2019-03-05 09:15:00,405.94305
2019-03-05 09:30:00,424.37247
2019-03-05 09:45:00,867.2312
2019-03-05 10:00:00,874.83405
2019-03-05 10:15:00,884.6098
2019-03-05 10:30:00,880.54034
2019-03-05 10:45:00,975.2629
2019-03-05 11:00:00,969.22235
2019-03-05 11:15:00,1184.4812
2019-03-05 11:30:00,1179.3375
2019-03-05 11:45:00,1248.4939
2019-03-05 12:00:00,1247.3048
2019-03-05 12:15:00,1325.0703
2019-03-05 12:30:00,1329.026
2019-03-05 12:45:00,1410.2971
2019-03-05 13:00:00,1431.5305
2019-03-05 13:15:00,1227.1681
2019-03-05 13:30:00,1234.3793
2019-03-05 13:45:00,1229.3785
2019-03-05 14:00:00,1212.0736
2019-03-05 14:15:00,1134.9818
2019-03-05 14:30:00,1079.815
2019-03-05 14:45:00,870.7294
2019-03-05 15:00:00,893.03735
2019-03-05 15:15:00,796.13
2019-03-05 15:30:00,874.37646
2019-03-05 15:45:00,755.03345
2019-03-05 16:00:00,859.71423
2019-03-05 16:15:00,720.9155
2019-03-05 16:30:00,762.55225
2019-03-05 16:45:00,545.97
2019-03-05 17:00:00,535.1931
2019-03-05 17:15:00,417.52475
2019-03-05 17:30:00,371.79807
2019-03-05 17:45:00,261.39136
2019-03-05 18:00:00,254.36534
2019-03-05 18:15:00,126.94478
2019-03-05 18:30:00,154.76389
2019-03-05 18:45:00,16.801033
2019-03-05 19:00:00,0.0
2019-03-05 19:15:00,0.0
2019-03-05 19:30:00,0.0
2019-03-05 19:45:00,0.0
2019-03-05 20:00:00,0.035439104
2019-03-05 20:15:00,0.0751656
2019-03-05 20:30:00,0.098797984
2019-03-05 20:45:00,0.11328311
2019-03-05 21:00:00,0.12244816
2019-03-05 21:15:00,0.12842569
2019-03-05 21:30:00,0.13243367
2019-03-05 21:45:00,0.13518715
2019-03-05 22:00:00,0.13711794
2019-03-05 22:15:00,0.1384933
2019-03-05 22:30:00,0.13948412
2019-03-05 22:45:00,0.1402
2019-03-05 23:00:00,0.14071389
2019-03-05 23:15:00,0.14107469
2019-03-05 23:30:00,0.23540461
2019-03-05 23:45:00,0.40144727
2019-03-06 00:00:00,0.4563652
2019-03-06 00:15:00,0.40143728
2019-03-06 00:30:00,0.23537491
2019-03-06 00:45:00,0.14107469
2019-03-06 01:00:00,0.14071389
2019-03-06 01:15:00,0.1402
2019-03-06 01:30:00,0.13948412
2019-03-06 01:45:00,0.1384933
2019-03-06 02:00:00,0.13711794
2019-03-06 02:15:00,0.13518715
2019-03-06 02:30:00,0.13243367
2019-03-06 02:45:00,0.12842569
2019-03-06 03:00:00,0.12244816
2019-03-06 03:15:00,0.11328311
2019-03-06 03:30:00,0.098797984
2019-03-06 03:45:00,0.0751656
2019-03-06 04:00:00,0.035439104
2019-03-06 04:15:00,0.0
2019-03-06 04:30:00,0.0
2019-03-06 04:45:00,0.0
2019-03-06 05:00:00,0.0
2019-03-06 05:15:00,5.4371443
2019-03-06 05:30:00,9.177975
2019-03-06 05:45:00,5.964107
2019-03-06 06:00:00,0.0
2019-03-06 06:15:00,3.5557804
2019-03-06 06:30:00,6.249977
2019-03-06 06:45:00,-0.50601506
2019-03-06 07:00:00,7.2931223
2019-03-06 07:15:00,9.928454
2019-03-06 07:30:00,11.881053
2019-03-06 07:45:00,35.75134
2019-03-06 08:00:00,41.18142
2019-03-06 08:15:00,96.3101
2019-03-06 08:30:00,131.54196
2019-03-06 08:45:00,267.02527
2019-03-06 09:00:00,306.08582
2019-03-06 09:15:00,514.06433
2019-03-06 09:30:00,535.4098
2019-03-06 09:45:00,1003.5872
2019-03-06 10:00:00,1021.78406
2019-03-06 10:15:00,1328.5768
2019-03-06 10:30:00,1334.7312
2019-03-06 10:45:00,2005.032
2019-03-06 11:00:00,1997.9958
2019-03-06 11:15:00,1820.9954
2019-03-06 11:30:00,1806.258
2019-03-06 11:45:00,1931.2139
2019-03-06 12:00:00,1928.9907
2019-03-06 12:15:00,2115.5632
2019-03-06 12:30:00,2117.9287
2019-03-06 12:45:00,2330.5354
2019-03-06 13:00:00,2332.8645
2019-03-06 13:15:00,2251.5535
2019-03-06 13:30:00,2247.1426
2019-03-06 13:45:00,2229.6956
2019-03-06 14:00:00,2216.2202
2019-03-06 14:15:00,2202.3809
2019-03-06 14:30:00,2200.1191
2019-03-06 14:45:00,2079.0127
2019-03-06 15:00:00,2033.6001
2019-03-06 15:15:00,1978.5645
2019-03-06 15:30:00,1957.8989
2019-03-06 15:45:00,1544.6306
2019-03-06 16:00:00,1495.0697
2019-03-06 16:15:00,1209.82
2019-03-06 16:30:00,1184.5432
2019-03-06 16:45:00,926.4772
2019-03-06 17:00:00,1000.2539
2019-03-06 17:15:00,721.8743
2019-03-06 17:30:00,1118.7083
2019-03-06 17:45:00,538.8616
2019-03-06 18:00:00,795.05896
2019-03-06 18:15:00,310.81113
2019-03-06 18:30:00,244.9868
2019-03-06 18:45:00,51.543076
2019-03-06 19:00:00,11.134279
2019-03-06 19:15:00,0.0
2019-03-06 19:30:00,0.0
2019-03-06 19:45:00,0.0
2019-03-06 20:00:00,0.035439104
2019-03-06 20:15:00,0.0751656
2019-03-06 20:30:00,0.098797984
2019-03-06 20:45:00,0.11328311
2019-03-06 21:00:00,0.12244816
2019-03-06 21:15:00,0.12842569
2019-03-06 21:30:00,0.13243367
2019-03-06 21:45:00,0.13518715
2019-03-06 22:00:00,0.13711794
2019-03-06 22:15:00,0.1384933
2019-03-06 22:30:00,0.13948412
2019-03-06 22:45:00,0.1402
2019-03-06 23:00:00,0.14071389
2019-03-06 23:15:00,0.14107469
2019-03-06 23:30:00,0.23540461
2019-03-06 23:45:00,0.40144727
2019-03-07 00:00:00,0.4563652
2019-03-07 00:15:00,0.40143728
2019-03-07 00:30:00,0.23537491
2019-03-07 00:45:00,0.14107469
2019-03-07 01:00:00,0.14071389
2019-03-07 01:15:00,0.1402
2019-03-07 01:30:00,0.13948412
2019-03-07 01:45:00,0.1384933
2019-03-07 02:00:00,0.13711794
2019-03-07 02:15:00,0.13518715
2019-03-07 02:30:00,0.13243367
2019-03-07 02:45:00,0.12842569
2019-03-07 03:00:00,0.12244816
2019-03-07 03:15:00,0.11328311
2019-03-07 03:30:00,0.098797984
2019-03-07 03:45:00,0.0751656
2019-03-07 04:00:00,0.035439104
2019-03-07 04:15:00,0.0
2019-03-07 04:30:00,0.0
2019-03-07 04:45:00,0.0
2019-03-07 05:00:00,0.0
2019-03-07 05:15:00,5.4371443
2019-03-07 05:30:00,9.177975
2019-03-07 05:45:00,5.964107
2019-03-07 06:00:00,0.0
2019-03-07 06:15:00,3.5557804
2019-03-07 06:30:00,6.249977
2019-03-07 06:45:00,-0.50601506
2019-03-07 07:00:00,7.2931223
2019-03-07 07:15:00,9.928454
2019-03-07 07:30:00,11.881053
2019-03-07 07:45:00,37.994976
2019-03-07 08:00:00,43.32568
2019-03-07 08:15:00,150.08063
2019-03-07 08:30:00,185.41144
2019-03-07 08:45:00,433.54037
2019-03-07 09:00:00,514.00745
2019-03-07 09:15:00,813.1218
2019-03-07 09:30:00,912.1109
2019-03-07 09:45:00,1312.9406
2019-03-07 10:00:00,1313.2106
2019-03-07 10:15:00,1786.6252
2019-03-07 10:30:00,1775.1989
2019-03-07 10:45:00,1997.1255
2019-03-07 11:00:00,1989.9727
2019-03-07 11:15:00,1999.4106
2019-03-07 11:30:00,1993.562
2019-03-07 11:45:00,1926.4185
2019-03-07 12:00:00,1924.1365
2019-03-07 12:15:00,2187.953
2019-03-07 12:30:00,2189.4297
2019-03-07 12:45:00,2340.2275
2019-03-07 13:00:00,2342.9968
2019-03-07 13:15:00,2572.1394
2019-03-07 13:30:00,2571.5024
2019-03-07 13:45:00,2627.4556
2019-03-07 14:00:00,2626.7786
2019-03-07 14:15:00,2600.4746
2019-03-07 14:30:00,2621.5315
2019-03-07 14:45:00,2436.6982
2019-03-07 15:00:00,2475.0117
2019-03-07 15:15:00,2226.223
2019-03-07 15:30:00,2399.6304
2019-03-07 15:45:00,1926.9641
2019-03-07 16:00:00,2416.458
2019-03-07 16:15:00,1378.1584
2019-03-07 16:30:00,1639.1313
2019-03-07 16:45:00,1022.96625
2019-03-07 17:00:00,1391.2346
2019-03-07 17:15:00,1168.3019
2019-03-07 17:30:00,1405.9214
2019-03-07 17:45:00,947.10205
2019-03-07 18:00:00,917.57623
2019-03-07 18:15:00,381.50812
2019-03-07 18:30:00,282.1629
2019-03-07 18:45:00,34.36462
2019-03-07 19:00:00,0.0
2019-03-07 19:15:00,0.0
2019-03-07 19:30:00,0.0
2019-03-07 19:45:00,0.0
2019-03-07 20:00:00,0.035439104
2019-03-07 20:15:00,0.0751656
2019-03-07 20:30:00,0.098797984
2019-03-07 20:45:00,0.11328311
2019-03-07 21:00:00,0.12244816
2019-03-07 21:15:00,0.12842569
2019-03-07 21:30:00,0.13243367
2019-03-07 21:45:00,0.13518715
2019-03-07 22:00:00,0.13711794
2019-03-07 22:15:00,0.1384933
2019-03-07 22:30:00,0.13948412
2019-03-07 22:45:00,0.1402
2019-03-07 23:00:00,0.14071389
2019-03-07 23:15:00,0.14107469
2019-03-07 23:30:00,0.23540461
2019-03-07 23:45:00,0.40144727
2019-03-08 00:00:00,0.4563652
2019-03-08 00:15:00,0.40143728
2019-03-08 00:30:00,0.23537491
2019-03-08 00:45:00,0.14107469
2019-03-08 01:00:00,0.14071389
2019-03-08 01:15:00,0.1402
2019-03-08 01:30:00,0.13948412
2019-03-08 01:45:00,0.1384933
2019-03-08 02:00:00,0.13711794
2019-03-08 02:15:00,0.13518715
2019-03-08 02:30:00,0.13243367
2019-03-08 02:45:00,0.12842569
2019-03-08 03:00:00,0.12244816
2019-03-08 03:15:00,0.11328311
2019-03-08 03:30:00,0.098797984
2019-03-08 03:45:00,0.0751656
2019-03-08 04:00:00,0.035439104
2019-03-08 04:15:00,0.0
2019-03-08 04:30:00,0.0
2019-03-08 04:45:00,0.0
2019-03-08 05:00:00,0.0
2019-03-08 05:15:00,5.4371443
2019-03-08 05:30:00,9.177975
2019-03-08 05:45:00,5.964107
2019-03-08 06:00:00,0.0
2019-03-08 06:15:00,3.5557804
2019-03-08 06:30:00,6.249977
2019-03-08 06:45:00,-0.50601506
2019-03-08 07:00:00,7.2931223
2019-03-08 07:15:00,9.928454
2019-03-08 07:30:00,11.881053
2019-03-08 07:45:00,39.12611
2019-03-08 08:00:00,44.40653
2019-03-08 08:15:00,126.150085
2019-03-08 08:30:00,162.40625
2019-03-08 08:45:00,421.73495
2019-03-08 09:00:00,496.78723
2019-03-08 09:15:00,806.46027
2019-03-08 09:30:00,902.87146
2019-03-08 09:45:00,1304.8705
2019-03-08 10:00:00,1307.3824
2019-03-08 10:15:00,1890.7194
2019-03-08 10:30:00,1877.532
2019-03-08 10:45:00,2170.2366
2019-03-08 11:00:00,2168.6885
2019-03-08 11:15:00,2176.5034
2019-03-08 11:30:00,2174.2124
2019-03-08 11:45:00,2167.2751
2019-03-08 12:00:00,2166.6575
2019-03-08 12:15:00,2405.1301
2019-03-08 12:30:00,2409.165
2019-03-08 12:45:00,2822.5176
2019-03-08 13:00:00,2823.6104
2019-03-08 13:15:00,2879.2678
2019-03-08 13:30:00,2877.167
2019-03-08 13:45:00,2841.2373
2019-03-08 14:00:00,2851.6235
2019-03-08 14:15:00,2768.4155
2019-03-08 14:30:00,2825.368
2019-03-08 14:45:00,2685.9753
2019-03-08 15:00:00,2815.627
2019-03-08 15:15:00,2531.4175
2019-03-08 15:30:00,2832.0586
2019-03-08 15:45:00,2492.1204
2019-03-08 16:00:00,2678.156
2019-03-08 16:15:00,2240.245
2019-03-08 16:30:00,2403.0127
2019-03-08 16:45:00,2022.5835
2019-03-08 17:00:00,2167.7993
2019-03-08 17:15:00,1643.3003
2019-03-08 17:30:00,1721.972
2019-03-08 17:45:00,1137.0969
2019-03-08 18:00:00,1092.3634
2019-03-08 18:15:00,464.36755
2019-03-08 18:30:00,355.78708
2019-03-08 18:45:00,63.217205
2019-03-08 19:00:00,21.167038
2019-03-08 19:15:00,0.0
2019-03-08 19:30:00,0.0
2019-03-08 19:45:00,0.0
2019-03-08 20:00:00,0.035439104
2019-03-08 20:15:00,0.0751656
2019-03-08 20:30:00,0.098797984
2019-03-08 20:45:00,0.11328311
2019-03-08 21:00:00,0.12244816
2019-03-08 21:15:00,0.12842569
2019-03-08 21:30:00,0.13243367
2019-03-08 21:45:00,0.13518715
2019-03-08 22:00:00,0.13711794
2019-03-08 22:15:00,0.1384933
2019-03-08 22:30:00,0.13948412
2019-03-08 22:45:00,0.1402
2019-03-08 23:00:00,0.14071389
2019-03-08 23:15:00,0.14107469
2019-03-08 23:30:00,0.23540461
2019-03-08 23:45:00,0.40144727
2019-03-09 00:00:00,0.4563652
2019-03-09 00:15:00,0.40143728
2019-03-09 00:30:00,0.23537491
2019-03-09 00:45:00,0.14107469
2019-03-09 01:00:00,0.14071389
2019-03-09 01:15:00,0.1402
2019-03-09 01:30:00,0.13948412
2019-03-09 01:45:00,0.1384933
2019-03-09 02:00:00,0.13711794
2019-03-09 02:15:00,0.13518715
2019-03-09 02:30:00,0.13243367
2019-03-09 02:45:00,0.12842569
2019-03-09 03:00:00,0.12244816
2019-03-09 03:15:00,0.11328311
2019-03-09 03:30:00,0.098797984
2019-03-09 03:45:00,0.0751656
2019-03-09 04:00:00,0.035439104
2019-03-09 04:15:00,0.0
2019-03-09 04:30:00,0.0
2019-03-09 04:45:00,0.0
2019-03-09 05:00:00,0.0
2019-03-09 05:15:00,5.4371443
2019-03-09 05:30:00,9.177975
2019-03-09 05:45:00,5.964107
2019-03-09 06:00:00,0.0
2019-03-09 06:15:00,3.5557804
2019-03-09 06:30:00,6.249977
2019-03-09 06:45:00,-0.50601506
2019-03-09 07:00:00,7.2931223
2019-03-09 07:15:00,9.928454
2019-03-09 07:30:00,11.881053
2019-03-09 07:45:00,48.403656
2019-03-09 08:00:00,53.2638
2019-03-09 08:15:00,181.14261
2019-03-09 08:30:00,212.86835
2019-03-09 08:45:00,464.58713
2019-03-09 09:00:00,559.60345
2019-03-09 09:15:00,867.0583
2019-03-09 09:30:00,953.72003
2019-03-09 09:45:00,1515.9232
2019-03-09 10:00:00,1470.3298
2019-03-09 10:15:00,1997.0242
2019-03-09 10:30:00,1989.0293
2019-03-09 10:45:00,2229.976
2019-03-09 11:00:00,2230.048
2019-03-09 11:15:00,2402.3179
2019-03-09 11:30:00,2396.4678
2019-03-09 11:45:00,2661.2417
2019-03-09 12:00:00,2659.6333
2019-03-09 12:15:00,2818.7073
2019-03-09 12:30:00,2820.5044
2019-03-09 12:45:00,2917.1543
2019-03-09 13:00:00,2918.6597
2019-03-09 13:15:00,2960.867
2019-03-09 13:30:00,2959.936
2019-03-09 13:45:00,2941.6074
2019-03-09 14:00:00,2963.4465
2019-03-09 14:15:00,2902.9473
2019-03-09 14:30:00,2978.0684
2019-03-09 14:45:00,2863.374
2019-03-09 15:00:00,3138.953
2019-03-09 15:15:00,2906.8086
2019-03-09 15:30:00,3035.3296
2019-03-09 15:45:00,2742.2295
2019-03-09 16:00:00,2879.2114
2019-03-09 16:15:00,2502.6284
2019-03-09 16:30:00,2644.0103
2019-03-09 16:45:00,2199.2783
2019-03-09 17:00:00,2298.0842
2019-03-09 17:15:00,1735.8962
2019-03-09 17:30:00,1819.9348
2019-03-09 17:45:00,1188.5775
2019-03-09 18:00:00,1166.4999
2019-03-09 18:15:00,501.31635
2019-03-09 18:30:00,400.6747
2019-03-09 18:45:00,65.99681
2019-03-09 19:00:00,23.786257
2019-03-09 19:15:00,0.0
2019-03-09 19:30:00,0.0
2019-03-09 19:45:00,0.0
2019-03-09 20:00:00,0.035439104
2019-03-09 20:15:00,0.0751656
2019-03-09 20:30:00,0.098797984
2019-03-09 20:45:00,0.11328311
2019-03-09 21:00:00,0.12244816
2019-03-09 21:15:00,0.12842569
2019-03-09 21:30:00,0.13243367
2019-03-09 21:45:00,0.13518715
2019-03-09 22:00:00,0.13711794
2019-03-09 22:15:00,0.1384933
2019-03-09 22:30:00,0.13948412
2019-03-09 22:45:00,0.1402
2019-03-09 23:00:00,0.14071389
2019-03-09 23:15:00,0.14107469
2019-03-09 23:30:00,0.23540461
2019-03-09 23:45:00,0.40144727
2019-03-10 00:00:00,0.4563652
2019-03-10 00:15:00,0.40143728
2019-03-10 00:30:00,0.23537491
2019-03-10 00:45:00,0.14107469
2019-03-10 01:00:00,0.14071389
2019-03-10 01:15:00,0.1402
2019-03-10 01:30:00,0.13948412
2019-03-10 01:45:00,0.1384933
2019-03-10 02:00:00,0.13711794
2019-03-10 02:15:00,0.13518715
2019-03-10 02:30:00,0.13243367
2019-03-10 02:45:00,0.12842569
2019-03-10 03:00:00,0.12244816
2019-03-10 03:15:00,0.11328311
2019-03-10 03:30:00,0.098797984
2019-03-10 03:45:00,0.0751656
2019-03-10 04:00:00,0.035439104
2019-03-10 04:15:00,0.0
2019-03-10 04:30:00,0.0
2019-03-10 04:45:00,0.0
2019-03-10 05:00:00,0.0
2019-03-10 05:15:00,5.4371443
2019-03-10 05:30:00,9.177975
2019-03-10 05:45:00,5.964107
2019-03-10 06:00:00,0.0
2019-03-10 06:15:00,3.5557804
2019-03-10 06:30:00,6.249977
2019-03-10 06:45:00,-0.50601506
2019-03-10 07:00:00,7.2931223
2019-03-10 07:15:00,9.928454
2019-03-10 07:30:00,11.881053
2019-03-10 07:45:00,53.198013
2019-03-10 08:00:00,57.83683
2019-03-10 08:15:00,193.35007
2019-03-10 08:30:00,222.89975
2019-03-10 08:45:00,477.13504
2019-03-10 09:00:00,575.7945
2019-03-10 09:15:00,899.42145
2019-03-10 09:30:00,967.201
2019-03-10 09:45:00,1575.8373
2019-03-10 10:00:00,1525.5343
2019-03-10 10:15:00,2025.6075
2019-03-10 10:30:00,2019.8405
2019-03-10 10:45:00,2253.6985
2019-03-10 11:00:00,2254.1113
2019-03-10 11:15:00,2458.559
2019-03-10 11:30:00,2448.6904
2019-03-10 11:45:00,2707.753
2019-03-10 12:00:00,2706.604
2019-03-10 12:15:00,2874.4922
2019-03-10 12:30:00,2876.3218
2019-03-10 12:45:00,2984.2603
2019-03-10 13:00:00,2985.9307
2019-03-10 13:15:00,3025.1917
2019-03-10 13:30:00,3026.0984
2019-03-10 13:45:00,3012.2788
2019-03-10 14:00:00,3047.2168
2019-03-10 14:15:00,2994.356
2019-03-10 14:30:00,3212.6167
2019-03-10 14:45:00,3045.8071
2019-03-10 15:00:00,3214.0234
2019-03-10 15:15:00,3027.5605
2019-03-10 15:30:00,3111.6758
2019-03-10 15:45:00,2830.668
2019-03-10 16:00:00,2963.9504
2019-03-10 16:15:00,2574.4194
2019-03-10 16:30:00,2737.1282
2019-03-10 16:45:00,2272.971
2019-03-10 17:00:00,2361.7139
2019-03-10 17:15:00,1811.8033
2019-03-10 17:30:00,1887.5386
2019-03-10 17:45:00,1218.8494
2019-03-10 18:00:00,1210.1284
2019-03-10 18:15:00,522.00134
2019-03-10 18:30:00,428.362
2019-03-10 18:45:00,70.11227
2019-03-10 19:00:00,27.809086
2019-03-10 19:15:00,0.0
2019-03-10 19:30:00,0.0
2019-03-10 19:45:00,0.0
2019-03-10 20:00:00,0.035439104
2019-03-10 20:15:00,0.0751656
2019-03-10 20:30:00,0.098797984
2019-03-10 20:45:00,0.11328311
2019-03-10 21:00:00,0.12244816
2019-03-10 21:15:00,0.12842569
2019-03-10 21:30:00,0.13243367
2019-03-10 21:45:00,0.13518715
2019-03-10 22:00:00,0.13711794
2019-03-10 22:15:00,0.1384933
2019-03-10 22:30:00,0.13948412
2019-03-10 22:45:00,0.1402
2019-03-10 23:00:00,0.14071389
2019-03-10 23:15:00,0.14107469
2019-03-10 23:30:00,0.23540461
2019-03-10 23:45:00,0.40144727
2019-03-11 00:00:00,0.4563652
2019-03-11 00:15:00,0.40143728
2019-03-11 00:30:00,0.23537491
2019-03-11 00:45:00,0.14107469
2019-03-11 01:00:00,0.14071389
2019-03-11 01:15:00,0.1402
2019-03-11 01:30:00,0.13948412
2019-03-11 01:45:00,0.1384933
2019-03-11 02:00:00,0.13711794
2019-03-11 02:15:00,0.13518715
2019-03-11 02:30:00,0.13243367
2019-03-11 02:45:00,0.12842569
2019-03-11 03:00:00,0.12244816
2019-03-11 03:15:00,0.11328311
2019-03-11 03:30:00,0.098797984
2019-03-11 03:45:00,0.0751656
2019-03-11 04:00:00,0.035439104
2019-03-11 04:15:00,0.0
2019-03-11 04:30:00,0.0
2019-03-11 04:45:00,0.0
2019-03-11 05:00:00,0.0
2019-03-11 05:15:00,5.4371443
2019-03-11 05:30:00,9.177975
2019-03-11 05:45:00,5.964107
2019-03-11 06:00:00,0.0
2019-03-11 06:15:00,3.5557804
2019-03-11 06:30:00,6.249977
2019-03-11 06:45:00,-0.50601506
2019-03-11 07:00:00,7.2931223
2019-03-11 07:15:00,11.376086
2019-03-11 07:30:00,12.946946
2019-03-11 07:45:00,54.413242
2019-03-11 08:00:00,58.995483
2019-03-11 08:15:00,191.58012
2019-03-11 08:30:00,221.4719
2019-03-11 08:45:00,475.5147
2019-03-11 09:00:00,573.8466
2019-03-11 09:15:00,899.42145
2019-03-11 09:30:00,967.201
2019-03-11 09:45:00,1575.8373
2019-03-11 10:00:00,1525.5343
2019-03-11 10:15:00,2029.0134
2019-03-11 10:30:00,2023.5244
2019-03-11 10:45:00,2255.8438
2019-03-11 11:00:00,2256.278
2019-03-11 11:15:00,2458.559
2019-03-11 11:30:00,2448.6904
2019-03-11 11:45:00,2707.753
2019-03-11 12:00:00,2706.604
2019-03-11 12:15:00,2881.469
2019-03-11 12:30:00,2883.315
2019-03-11 12:45:00,2991.335
2019-03-11 13:00:00,2993.0225
2019-03-11 13:15:00,3035.971
2019-03-11 13:30:00,3037.353
2019-03-11 13:45:00,3024.712
2019-03-11 14:00:00,3061.2146
2019-03-11 14:15:00,3003.5723
2019-03-11 14:30:00,3235.816
2019-03-11 14:45:00,3094.0566
2019-03-11 15:00:00,3224.044
2019-03-11 15:15:00,3044.2622
2019-03-11 15:30:00,3122.5679
2019-03-11 15:45:00,2855.5664
2019-03-11 16:00:00,2982.3135
2019-03-11 16:15:00,2603.8958
2019-03-11 16:30:00,2769.4634
2019-03-11 16:45:00,2301.2905
2019-03-11 17:00:00,2391.013
2019-03-11 17:15:00,1849.8126
2019-03-11 17:30:00,1918.3824
2019-03-11 17:45:00,1245.4708
2019-03-11 18:00:00,1247.3982
2019-03-11 18:15:00,547.4871
2019-03-11 18:30:00,464.32724
2019-03-11 18:45:00,75.54945
2019-03-11 19:00:00,33.362396
2019-03-11 19:15:00,0.0
2019-03-11 19:30:00,0.0
2019-03-11 19:45:00,0.0
2019-03-11 20:00:00,0.035439104
2019-03-11 20:15:00,0.0751656
2019-03-11 20:30:00,0.098797984
2019-03-11 20:45:00,0.11328311
2019-03-11 21:00:00,0.12244816
2019-03-11 21:15:00,0.12842569
2019-03-11 21:30:00,0.13243367
2019-03-11 21:45:00,0.13518715
2019-03-11 22:00:00,0.13711794
2019-03-11 22:15:00,0.1384933
2019-03-11 22:30:00,0.13948412
2019-03-11 22:45:00,0.1402
2019-03-11 23:00:00,0.14071389
2019-03-11 23:15:00,0.14107469
2019-03-11 23:30:00,0.23540461
2019-03-11 23:45:00,0.40144727
2019-03-12 00:00:00,0.4563652
2019-03-12 00:15:00,0.40143728
2019-03-12 00:30:00,0.23537491
2019-03-12 00:45:00,0.14107469
2019-03-12 01:00:00,0.14071389
2019-03-12 01:15:00,0.1402
2019-03-12 01:30:00,0.13948412
2019-03-12 01:45:00,0.1384933
2019-03-12 02:00:00,0.13711794
2019-03-12 02:15:00,0.13518715
2019-03-12 02:30:00,0.13243367
2019-03-12 02:45:00,0.12842569
2019-03-12 03:00:00,0.12244816
2019-03-12 03:15:00,0.11328311
2019-03-12 03:30:00,0.098797984
2019-03-12 03:45:00,0.0751656
2019-03-12 04:00:00,0.035439104
2019-03-12 04:15:00,0.0
2019-03-12 04:30:00,0.0
2019-03-12 04:45:00,0.0
2019-03-12 05:00:00,0.0
2019-03-12 05:15:00,5.4371443
2019-03-12 05:30:00,9.177975
2019-03-12 05:45:00,5.964107
2019-03-12 06:00:00,0.0
2019-03-12 06:15:00,3.5557804
2019-03-12 06:30:00,6.249977
2019-03-12 06:45:00,-0.50601506
2019-03-12 07:00:00,7.2931223
2019-03-12 07:15:00,11.376086
2019-03-12 07:30:00,12.946946
2019-03-12 07:45:00,58.098927
2019-03-12 08:00:00,62.50905
2019-03-12 08:15:00,164.42451
2019-03-12 08:30:00,198.43288
2019-03-12 08:45:00,386.3541
2019-03-12 09:00:00,448.28513
2019-03-12 09:15:00,703.748
2019-03-12 09:30:00,746.912
2019-03-12 09:45:00,1103.629
2019-03-12 10:00:00,1147.8937
2019-03-12 10:15:00,1881.0452
2019-03-12 10:30:00,1867.7134
2019-03-12 10:45:00,2179.9758
2019-03-12 11:00:00,2178.7607
2019-03-12 11:15:00,2007.3368
2019-03-12 11:30:00,2001.6802
2019-03-12 11:45:00,1859.3209
2019-03-12 12:00:00,1856.2153
2019-03-12 12:15:00,1702.2583
2019-03-12 12:30:00,1714.0463
2019-03-12 12:45:00,1473.3977
2019-03-12 13:00:00,1496.4368
2019-03-12 13:15:00,1712.8794
2019-03-12 13:30:00,1721.5607
2019-03-12 13:45:00,1965.9082
2019-03-12 14:00:00,1974.729
2019-03-12 14:15:00,2061.491
2019-03-12 14:30:00,2045.3826
2019-03-12 14:45:00,2111.7188
2019-03-12 15:00:00,2069.1787
2019-03-12 15:15:00,1907.3794
2019-03-12 15:30:00,1853.4067
2019-03-12 15:45:00,1507.2324
2019-03-12 16:00:00,1388.5273
2019-03-12 16:15:00,1179.7675
2019-03-12 16:30:00,1096.4716
2019-03-12 16:45:00,858.75134
2019-03-12 17:00:00,864.1092
2019-03-12 17:15:00,588.6677
2019-03-12 17:30:00,628.1941
2019-03-12 17:45:00,447.39346
2019-03-12 18:00:00,698.93567
2019-03-12 18:15:00,318.10754
2019-03-12 18:30:00,248.18825
2019-03-12 18:45:00,54.574677
2019-03-12 19:00:00,13.580956
2019-03-12 19:15:00,0.0
2019-03-12 19:30:00,0.0
2019-03-12 19:45:00,0.0
2019-03-12 20:00:00,0.035439104
2019-03-12 20:15:00,0.0751656
2019-03-12 20:30:00,0.098797984
2019-03-12 20:45:00,0.11328311
2019-03-12 21:00:00,0.12244816
2019-03-12 21:15:00,0.12842569
2019-03-12 21:30:00,0.13243367
2019-03-12 21:45:00,0.13518715
2019-03-12 22:00:00,0.13711794
2019-03-12 22:15:00,0.1384933
2019-03-12 22:30:00,0.13948412
2019-03-12 22:45:00,0.1402
2019-03-12 23:00:00,0.14071389
2019-03-12 23:15:00,0.14107469
2019-03-12 23:30:00,0.23540461
2019-03-12 23:45:00,0.40144727
2019-03-13 00:00:00,0.4563652
2019-03-13 00:15:00,0.40143728
2019-03-13 00:30:00,0.23537491
2019-03-13 00:45:00,0.14107469
2019-03-13 01:00:00,0.14071389
2019-03-13 01:15:00,0.1402
2019-03-13 01:30:00,0.13948412
2019-03-13 01:45:00,0.1384933
2019-03-13 02:00:00,0.13711794
2019-03-13 02:15:00,0.13518715
2019-03-13 02:30:00,0.13243367
2019-03-13 02:45:00,0.12842569
2019-03-13 03:00:00,0.12244816
2019-03-13 03:15:00,0.11328311
2019-03-13 03:30:00,0.098797984
2019-03-13 03:45:00,0.0751656
2019-03-13 04:00:00,0.035439104
2019-03-13 04:15:00,0.0
2019-03-13 04:30:00,0.0
2019-03-13 04:45:00,0.0
2019-03-13 05:00:00,0.0
2019-03-13 05:15:00,5.4371443
2019-03-13 05:30:00,9.177975
2019-03-13 05:45:00,5.964107
2019-03-13 06:00:00,0.0
2019-03-13 06:15:00,3.5557804
2019-03-13 06:30:00,6.249977
2019-03-13 06:45:00,-0.50601506
2019-03-13 07:00:00,7.2931223
2019-03-13 07:15:00,11.376086
2019-03-13 07:30:00,12.946946
2019-03-13 07:45:00,56.86366
2019-03-13 08:00:00,61.331654
2019-03-13 08:15:00,154.78941
2019-03-13 08:30:00,189.7504
2019-03-13 08:45:00,321.30115
2019-03-13 09:00:00,368.128
2019-03-13 09:15:00,584.683
2019-03-13 09:30:00,610.16925
2019-03-13 09:45:00,970.0812
2019-03-13 10:00:00,984.4737
2019-03-13 10:15:00,1149.0708
2019-03-13 10:30:00,1145.6826
2019-03-13 10:45:00,916.4872
2019-03-13 11:00:00,910.91833
2019-03-13 11:15:00,1125.6458
2019-03-13 11:30:00,1120.8324
2019-03-13 11:45:00,1224.3147
2019-03-13 12:00:00,1223.1632
2019-03-13 12:15:00,1682.9949
2019-03-13 12:30:00,1694.8555
2019-03-13 12:45:00,1422.7864
2019-03-13 13:00:00,1444.3992
2019-03-13 13:15:00,1784.1791
2019-03-13 13:30:00,1791.032
2019-03-13 13:45:00,2090.2476
2019-03-13 14:00:00,2084.9092
2019-03-13 14:15:00,1185.7489
2019-03-13 14:30:00,1240.0778
2019-03-13 14:45:00,886.49756
2019-03-13 15:00:00,917.5078
2019-03-13 15:15:00,720.7503
2019-03-13 15:30:00,790.7257
2019-03-13 15:45:00,799.0689
2019-03-13 16:00:00,934.3836
2019-03-13 16:15:00,1037.7168
2019-03-13 16:30:00,977.6605
2019-03-13 16:45:00,795.5894
2019-03-13 17:00:00,693.25287
2019-03-13 17:15:00,542.1349
2019-03-13 17:30:00,554.1787
2019-03-13 17:45:00,436.10754
2019-03-13 18:00:00,676.51105
2019-03-13 18:15:00,352.07397
2019-03-13 18:30:00,264.69482
2019-03-13 18:45:00,60.396008
2019-03-13 19:00:00,18.594774
2019-03-13 19:15:00,0.0
2019-03-13 19:30:00,0.0
2019-03-13 19:45:00,0.0
2019-03-13 20:00:00,0.035439104
2019-03-13 20:15:00,0.0751656
2019-03-13 20:30:00,0.098797984
2019-03-13 20:45:00,0.11328311
2019-03-13 21:00:00,0.12244816
2019-03-13 21:15:00,0.12842569
2019-03-13 21:30:00,0.13243367
2019-03-13 21:45:00,0.13518715
2019-03-13 22:00:00,0.13711794
2019-03-13 22:15:00,0.1384933
2019-03-13 22:30:00,0.13948412
2019-03-13 22:45:00,0.1402
2019-03-13 23:00:00,0.14071389
2019-03-13 23:15:00,0.14107469
2019-03-13 23:30:00,0.23540461
2019-03-13 23:45:00,0.40144727
2019-03-14 00:00:00,0.4563652
2019-03-14 00:15:00,0.40143728
2019-03-14 00:30:00,0.23537491
2019-03-14 00:45:00,0.14107469
2019-03-14 01:00:00,0.14071389
2019-03-14 01:15:00,0.1402
2019-03-14 01:30:00,0.13948412
2019-03-14 01:45:00,0.1384933
2019-03-14 02:00:00,0.13711794
2019-03-14 02:15:00,0.13518715
2019-03-14 02:30:00,0.13243367
2019-03-14 02:45:00,0.12842569
2019-03-14 03:00:00,0.12244816
2019-03-14 03:15:00,0.11328311
2019-03-14 03:30:00,0.098797984
2019-03-14 03:45:00,0.0751656
2019-03-14 04:00:00,0.035439104
2019-03-14 04:15:00,0.0
2019-03-14 04:30:00,0.0
2019-03-14 04:45:00,0.0
2019-03-14 05:00:00,0.0
2019-03-14 05:15:00,5.4371443
2019-03-14 05:30:00,9.177975
2019-03-14 05:45:00,5.964107
2019-03-14 06:00:00,0.0
2019-03-14 06:15:00,3.5557804
2019-03-14 06:30:00,6.249977
2019-03-14 06:45:00,-0.50601506
2019-03-14 07:00:00,7.2931223
2019-03-14 07:15:00,11.376086
2019-03-14 07:30:00,12.946946
2019-03-14 07:45:00,59.341064
2019-03-14 08:00:00,63.693027
2019-03-14 08:15:00,193.35007
2019-03-14 08:30:00,222.89975
2019-03-14 08:45:00,477.13504
2019-03-14 09:00:00,575.7945
2019-03-14 09:15:00,899.42145
2019-03-14 09:30:00,967.201
2019-03-14 09:45:00,1468.6628
2019-03-14 10:00:00,1430.1721
2019-03-14 10:15:00,1871.199
2019-03-14 10:30:00,1857.7854
2019-03-14 10:45:00,2108.0652
2019-03-14 11:00:00,2104.0942
2019-03-14 11:15:00,2171.3745
2019-03-14 11:30:00,2168.9863
2019-03-14 11:45:00,2109.3174
2019-03-14 12:00:00,2108.4438
2019-03-14 12:15:00,2025.4653
2019-03-14 12:30:00,2029.0524
2019-03-14 12:45:00,1858.6702
2019-03-14 13:00:00,1870.3236
2019-03-14 13:15:00,1757.5385
2019-03-14 13:30:00,1764.5741
2019-03-14 13:45:00,1775.4008
2019-03-14 14:00:00,1799.9902
2019-03-14 14:15:00,1428.103
2019-03-14 14:30:00,1513.1953
2019-03-14 14:45:00,1462.5574
2019-03-14 15:00:00,1556.2903
2019-03-14 15:15:00,1728.499
2019-03-14 15:30:00,1699.4075
2019-03-14 15:45:00,1504.7112
2019-03-14 16:00:00,1397.4858
2019-03-14 16:15:00,1186.9683
2019-03-14 16:30:00,1057.4557
2019-03-14 16:45:00,833.2017
2019-03-14 17:00:00,789.0719
2019-03-14 17:15:00,585.79114
2019-03-14 17:30:00,624.0304
2019-03-14 17:45:00,414.29108
2019-03-14 18:00:00,621.18774
2019-03-14 18:15:00,267.3532
2019-03-14 18:30:00,227.55946
2019-03-14 18:45:00,64.61146
2019-03-14 19:00:00,22.470602
2019-03-14 19:15:00,0.0
2019-03-14 19:30:00,0.0
2019-03-14 19:45:00,0.0
2019-03-14 20:00:00,0.035439104
2019-03-14 20:15:00,0.0751656
2019-03-14 20:30:00,0.098797984
2019-03-14 20:45:00,0.11328311
2019-03-14 21:00:00,0.12244816
2019-03-14 21:15:00,0.12842569
2019-03-14 21:30:00,0.13243367
2019-03-14 21:45:00,0.13518715
2019-03-14 22:00:00,0.13711794
2019-03-14 22:15:00,0.1384933
2019-03-14 22:30:00,0.13948412
2019-03-14 22:45:00,0.1402
2019-03-14 23:00:00,0.14071389
2019-03-14 23:15:00,0.14107469
2019-03-14 23:30:00,0.23540461
2019-03-14 23:45:00,0.40144727
2019-03-15 00:00:00,0.4563652
2019-03-15 00:15:00,0.40143728
2019-03-15 00:30:00,0.23537491
2019-03-15 00:45:00,0.14107469
2019-03-15 01:00:00,0.14071389
2019-03-15 01:15:00,0.1402
2019-03-15 01:30:00,0.13948412
2019-03-15 01:45:00,0.1384933
2019-03-15 02:00:00,0.13711794
2019-03-15 02:15:00,0.13518715
2019-03-15 02:30:00,0.13243367
2019-03-15 02:45:00,0.12842569
2019-03-15 03:00:00,0.12244816
2019-03-15 03:15:00,0.11328311
2019-03-15 03:30:00,0.098797984
2019-03-15 03:45:00,0.0751656
2019-03-15 04:00:00,0.035439104
2019-03-15 04:15:00,0.0
2019-03-15 04:30:00,0.0
2019-03-15 04:45:00,0.0
2019-03-15 05:00:00,0.0
2019-03-15 05:15:00,5.4371443
2019-03-15 05:30:00,9.177975
2019-03-15 05:45:00,5.964107
2019-03-15 06:00:00,0.0
2019-03-15 06:15:00,3.5557804
2019-03-15 06:30:00,6.249977
2019-03-15 06:45:00,-0.50601506
2019-03-15 07:00:00,7.2931223
2019-03-15 07:15:00,12.830864
2019-03-15 07:30:00,14.018729
2019-03-15 07:45:00,55.63506
2019-03-15 08:00:00,60.160385
2019-03-15 08:15:00,145.443
2019-03-15 08:30:00,181.07745
2019-03-15 08:45:00,363.99527
2019-03-15 09:00:00,419.70795
2019-03-15 09:15:00,729.7938
2019-03-15 09:30:00,781.0032
2019-03-15 09:45:00,1129.4324
2019-03-15 10:00:00,1188.5765
2019-03-15 10:15:00,1408.7708
2019-03-15 10:30:00,1393.0822
2019-03-15 10:45:00,1671.5645
2019-03-15 11:00:00,1647.5955
2019-03-15 11:15:00,1908.2767
2019-03-15 11:30:00,1898.7339
2019-03-15 11:45:00,1842.5778
2019-03-15 12:00:00,1839.2922
2019-03-15 12:15:00,1721.4001
2019-03-15 12:30:00,1733.05
2019-03-15 12:45:00,1874.053
2019-03-15 13:00:00,1884.7346
2019-03-15 13:15:00,2331.2437
2019-03-15 13:30:00,2331.2031
2019-03-15 13:45:00,2561.268
2019-03-15 14:00:00,2559.405
2019-03-15 14:15:00,2555.166
2019-03-15 14:30:00,2569.7979
2019-03-15 14:45:00,2327.3218
2019-03-15 15:00:00,2324.6655
2019-03-15 15:15:00,1856.7852
2019-03-15 15:30:00,1779.9033
2019-03-15 15:45:00,1590.7075
2019-03-15 16:00:00,1573.2363
2019-03-15 16:15:00,1291.8977
2019-03-15 16:30:00,1400.3455
2019-03-15 16:45:00,976.6382
2019-03-15 17:00:00,1130.6439
2019-03-15 17:15:00,726.15967
2019-03-15 17:30:00,1136.4515
2019-03-15 17:45:00,580.00574
2019-03-15 18:00:00,814.3137
2019-03-15 18:15:00,407.16046
2019-03-15 18:30:00,300.77237
2019-03-15 18:45:00,67.37447
2019-03-15 19:00:00,25.114395
2019-03-15 19:15:00,0.0
2019-03-15 19:30:00,0.0
2019-03-15 19:45:00,0.0
2019-03-15 20:00:00,0.035439104
2019-03-15 20:15:00,0.0751656
2019-03-15 20:30:00,0.098797984
2019-03-15 20:45:00,0.11328311
2019-03-15 21:00:00,0.12244816
2019-03-15 21:15:00,0.12842569
2019-03-15 21:30:00,0.13243367
2019-03-15 21:45:00,0.13518715
2019-03-15 22:00:00,0.13711794
2019-03-15 22:15:00,0.1384933
2019-03-15 22:30:00,0.13948412
2019-03-15 22:45:00,0.1402
2019-03-15 23:00:00,0.14071389
2019-03-15 23:15:00,0.14107469
2019-03-15 23:30:00,0.23540461
2019-03-15 23:45:00,0.40144727
2019-03-16 00:00:00,0.4563652
2019-03-16 00:15:00,0.40143728
2019-03-16 00:30:00,0.23537491
2019-03-16 00:45:00,0.14107469
2019-03-16 01:00:00,0.14071389
2019-03-16 01:15:00,0.1402
2019-03-16 01:30:00,0.13948412
2019-03-16 01:45:00,0.1384933
2019-03-16 02:00:00,0.13711794
2019-03-16 02:15:00,0.13518715
2019-03-16 02:30:00,0.13243367
2019-03-16 02:45:00,0.12842569
2019-03-16 03:00:00,0.12244816
2019-03-16 03:15:00,0.11328311
2019-03-16 03:30:00,0.098797984
2019-03-16 03:45:00,0.0751656
2019-03-16 04:00:00,0.035439104
2019-03-16 04:15:00,0.0
2019-03-16 04:30:00,0.0
2019-03-16 04:45:00,0.0
2019-03-16 05:00:00,0.0
2019-03-16 05:15:00,5.4371443
2019-03-16 05:30:00,9.177975
2019-03-16 05:45:00,5.964107
2019-03-16 06:00:00,0.0
2019-03-16 06:15:00,3.5557804
2019-03-16 06:30:00,6.249977
2019-03-16 06:45:00,-0.50601506
2019-03-16 07:00:00,7.2931223
2019-03-16 07:15:00,14.2923765
2019-03-16 07:30:00,15.096452
2019-03-16 07:45:00,74.787254
2019-03-16 08:00:00,78.407196
2019-03-16 08:15:00,234.56569
2019-03-16 08:30:00,253.62756
2019-03-16 08:45:00,534.74316
2019-03-16 09:00:00,614.55194
2019-03-16 09:15:00,1020.4243
2019-03-16 09:30:00,1015.54364
2019-03-16 09:45:00,1719.882
2019-03-16 10:00:00,1675.0227
2019-03-16 10:15:00,2084.6587
2019-03-16 10:30:00,2083.9092
2019-03-16 10:45:00,2187.1191
2019-03-16 11:00:00,2186.1348
2019-03-16 11:15:00,2330.5354
2019-03-16 11:30:00,2328.1487
2019-03-16 11:45:00,2375.935
2019-03-16 12:00:00,2374.9622
2019-03-16 12:15:00,2223.7808
2019-03-16 12:30:00,2224.9502
2019-03-16 12:45:00,2191.4546
2019-03-16 13:00:00,2193.3665
2019-03-16 13:15:00,2253.6985
2019-03-16 13:30:00,2249.2148
2019-03-16 13:45:00,2293.954
2019-03-16 14:00:00,2298.6292
2019-03-16 14:15:00,2333.738
2019-03-16 14:30:00,2328.8125
2019-03-16 14:45:00,2263.4004
2019-03-16 15:00:00,2244.1638
2019-03-16 15:15:00,2335.9924
2019-03-16 15:30:00,2606.9106
2019-03-16 15:45:00,2568.9377
2019-03-16 16:00:00,2708.012
2019-03-16 16:15:00,2367.6191
2019-03-16 16:30:00,2491.486
2019-03-16 16:45:00,2074.1682
2019-03-16 17:00:00,2206.6523
2019-03-16 17:15:00,1713.6694
2019-03-16 17:30:00,1798.1953
2019-03-16 17:45:00,1227.6387
2019-03-16 18:00:00,1222.5618
2019-03-16 18:15:00,565.0871
2019-03-16 18:30:00,489.9882
2019-03-16 18:45:00,86.47864
2019-03-16 19:00:00,45.20063
2019-03-16 19:15:00,0.0
2019-03-16 19:30:00,0.0
2019-03-16 19:45:00,0.0
2019-03-16 20:00:00,0.035439104
2019-03-16 20:15:00,0.0751656
2019-03-16 20:30:00,0.098797984
2019-03-16 20:45:00,0.11328311
2019-03-16 21:00:00,0.12244816
2019-03-16 21:15:00,0.12842569
2019-03-16 21:30:00,0.13243367
2019-03-16 21:45:00,0.13518715
2019-03-16 22:00:00,0.13711794
2019-03-16 22:15:00,0.1384933
2019-03-16 22:30:00,0.13948412
2019-03-16 22:45:00,0.1402
2019-03-16 23:00:00,0.14071389
2019-03-16 23:15:00,0.14107469
2019-03-16 23:30:00,0.23540461
2019-03-16 23:45:00,0.40144727
2019-03-17 00:00:00,0.4563652
2019-03-17 00:15:00,0.40143728
2019-03-17 00:30:00,0.23537491
2019-03-17 00:45:00,0.14107469
2019-03-17 01:00:00,0.14071389
2019-03-17 01:15:00,0.1402
2019-03-17 01:30:00,0.13948412
2019-03-17 01:45:00,0.1384933
2019-03-17 02:00:00,0.13711794
2019-03-17 02:15:00,0.13518715
2019-03-17 02:30:00,0.13243367
2019-03-17 02:45:00,0.12842569
2019-03-17 03:00:00,0.12244816
2019-03-17 03:15:00,0.11328311
2019-03-17 03:30:00,0.098797984
2019-03-17 03:45:00,0.0751656
2019-03-17 04:00:00,0.035439104
2019-03-17 04:15:00,0.0
2019-03-17 04:30:00,0.0
2019-03-17 04:45:00,0.0
2019-03-17 05:00:00,0.0
2019-03-17 05:15:00,5.4371443
2019-03-17 05:30:00,9.177975
2019-03-17 05:45:00,5.964107
2019-03-17 06:00:00,0.0
2019-03-17 06:15:00,3.5557804
2019-03-17 06:30:00,6.249977
2019-03-17 06:45:00,-0.50601506
2019-03-17 07:00:00,7.2931223
2019-03-17 07:15:00,14.2923765
2019-03-17 07:30:00,15.096452
2019-03-17 07:45:00,80.16334
2019-03-17 08:00:00,83.52673
2019-03-17 08:15:00,240.53922
2019-03-17 08:30:00,257.69498
2019-03-17 08:45:00,531.3867
2019-03-17 09:00:00,613.07635
2019-03-17 09:15:00,860.04706
2019-03-17 09:30:00,950.2217
2019-03-17 09:45:00,1146.2311
2019-03-17 10:00:00,1214.8937
2019-03-17 10:15:00,1322.5658
2019-03-17 10:30:00,1327.6093
2019-03-17 10:45:00,1634.5529
2019-03-17 11:00:00,1608.4653
2019-03-17 11:15:00,2003.3883
2019-03-17 11:30:00,1997.6385
2019-03-17 11:45:00,2102.9626
2019-03-17 12:00:00,2102.06
2019-03-17 12:15:00,2187.953
2019-03-17 12:30:00,2189.4297
2019-03-17 12:45:00,2250.7979
2019-03-17 13:00:00,2251.942
2019-03-17 13:15:00,2728.3037
2019-03-17 13:30:00,2725.2427
2019-03-17 13:45:00,2964.6016
2019-03-17 14:00:00,2990.8457
2019-03-17 14:15:00,2806.5083
2019-03-17 14:30:00,2873.0205
2019-03-17 14:45:00,2410.1877
2019-03-17 15:00:00,2435.9473
2019-03-17 15:15:00,2247.1216
2019-03-17 15:30:00,2432.1553
2019-03-17 15:45:00,2708.6548
2019-03-17 16:00:00,2839.8228
2019-03-17 16:15:00,2508.0752
2019-03-17 16:30:00,2651.3552
2019-03-17 16:45:00,2255.348
2019-03-17 17:00:00,2345.0225
2019-03-17 17:15:00,1842.2473
2019-03-17 17:30:00,1912.3713
2019-03-17 17:45:00,1268.3245
2019-03-17 18:00:00,1278.5576
2019-03-17 18:15:00,583.31964
2019-03-17 18:30:00,516.98474
2019-03-17 18:45:00,85.09812
2019-03-17 19:00:00,43.663044
2019-03-17 19:15:00,0.0
2019-03-17 19:30:00,0.0
2019-03-17 19:45:00,0.0
2019-03-17 20:00:00,0.035439104
2019-03-17 20:15:00,0.0751656
2019-03-17 20:30:00,0.098797984
2019-03-17 20:45:00,0.11328311
2019-03-17 21:00:00,0.12244816
2019-03-17 21:15:00,0.12842569
2019-03-17 21:30:00,0.13243367
2019-03-17 21:45:00,0.13518715
2019-03-17 22:00:00,0.13711794
2019-03-17 22:15:00,0.1384933
2019-03-17 22:30:00,0.13948412
2019-03-17 22:45:00,0.1402
2019-03-17 23:00:00,0.14071389
2019-03-17 23:15:00,0.14107469
2019-03-17 23:30:00,0.23540461
2019-03-17 23:45:00,0.40144727
2019-03-18 00:00:00,0.4563652
2019-03-18 00:15:00,0.40143728
2019-03-18 00:30:00,0.23537491
2019-03-18 00:45:00,0.14107469
2019-03-18 01:00:00,0.14071389
2019-03-18 01:15:00,0.1402
2019-03-18 01:30:00,0.13948412
2019-03-18 01:45:00,0.1384933
2019-03-18 02:00:00,0.13711794
2019-03-18 02:15:00,0.13518715
2019-03-18 02:30:00,0.13243367
2019-03-18 02:45:00,0.12842569
2019-03-18 03:00:00,0.12244816
2019-03-18 03:15:00,0.11328311
2019-03-18 03:30:00,0.098797984
2019-03-18 03:45:00,0.0751656
2019-03-18 04:00:00,0.035439104
2019-03-18 04:15:00,0.0
2019-03-18 04:30:00,0.0
2019-03-18 04:45:00,0.0
2019-03-18 05:00:00,0.0
2019-03-18 05:15:00,5.4371443
2019-03-18 05:30:00,9.177975
2019-03-18 05:45:00,5.964107
2019-03-18 06:00:00,0.0
2019-03-18 06:15:00,3.5557804
2019-03-18 06:30:00,6.249977
2019-03-18 06:45:00,-0.50601506
2019-03-18 07:00:00,7.2931223
2019-03-18 07:15:00,14.2923765
2019-03-18 07:30:00,15.096452
2019-03-18 07:45:00,80.16334
2019-03-18 08:00:00,83.52673
2019-03-18 08:15:00,244.57164
2019-03-18 08:30:00,260.38922
2019-03-18 08:45:00,551.97687
2019-03-18 09:00:00,621.7833
2019-03-18 09:15:00,992.01874
2019-03-18 09:30:00,1002.1821
2019-03-18 09:45:00,1321.0549
2019-03-18 10:00:00,1319.0557
2019-03-18 10:15:00,1830.148
2019-03-18 10:30:00,1817.1061
2019-03-18 10:45:00,2189.4722
2019-03-18 11:00:00,2188.5596
2019-03-18 11:15:00,2291.9617
2019-03-18 11:30:00,2290.3198
2019-03-18 11:45:00,2254.827
2019-03-18 12:00:00,2254.44
2019-03-18 12:15:00,2062.4834
2019-03-18 12:30:00,2065.5305
2019-03-18 12:45:00,2205.8267
2019-03-18 13:00:00,2207.4536
2019-03-18 13:15:00,2442.4624
2019-03-18 13:30:00,2452.5366
2019-03-18 13:45:00,2433.6624
2019-03-18 14:00:00,2434.1528
2019-03-18 14:15:00,2015.8782
2019-03-18 14:30:00,2006.929
2019-03-18 14:45:00,1322.065
2019-03-18 15:00:00,1441.529
2019-03-18 15:15:00,1810.5406
2019-03-18 15:30:00,1682.3494
2019-03-18 15:45:00,1611.2961
2019-03-18 16:00:00,1616.1228
2019-03-18 16:15:00,1383.7369
2019-03-18 16:30:00,1661.9541
2019-03-18 16:45:00,1222.9778
2019-03-18 17:00:00,1774.2667
2019-03-18 17:15:00,704.6992
2019-03-18 17:30:00,1029.6298
2019-03-18 17:45:00,481.1693
2019-03-18 18:00:00,748.48505
2019-03-18 18:15:00,310.81113
2019-03-18 18:30:00,244.9868
2019-03-18 18:45:00,72.83452
2019-03-18 19:00:00,30.557499
2019-03-18 19:15:00,0.0
2019-03-18 19:30:00,0.0
2019-03-18 19:45:00,0.0
2019-03-18 20:00:00,0.035439104
2019-03-18 20:15:00,0.0751656
2019-03-18 20:30:00,0.098797984
2019-03-18 20:45:00,0.11328311
2019-03-18 21:00:00,0.12244816
2019-03-18 21:15:00,0.12842569
2019-03-18 21:30:00,0.13243367
2019-03-18 21:45:00,0.13518715
2019-03-18 22:00:00,0.13711794
2019-03-18 22:15:00,0.1384933
2019-03-18 22:30:00,0.13948412
2019-03-18 22:45:00,0.1402
2019-03-18 23:00:00,0.14071389
2019-03-18 23:15:00,0.14107469
2019-03-18 23:30:00,0.23540461
2019-03-18 23:45:00,0.40144727
2019-03-19 00:00:00,0.4563652
2019-03-19 00:15:00,0.40143728
2019-03-19 00:30:00,0.23537491
2019-03-19 00:45:00,0.14107469
2019-03-19 01:00:00,0.14071389
2019-03-19 01:15:00,0.1402
2019-03-19 01:30:00,0.13948412
2019-03-19 01:45:00,0.1384933
2019-03-19 02:00:00,0.13711794
2019-03-19 02:15:00,0.13518715
2019-03-19 02:30:00,0.13243367
2019-03-19 02:45:00,0.12842569
2019-03-19 03:00:00,0.12244816
2019-03-19 03:15:00,0.11328311
2019-03-19 03:30:00,0.098797984
2019-03-19 03:45:00,0.0751656
2019-03-19 04:00:00,0.035439104
2019-03-19 04:15:00,0.0
2019-03-19 04:30:00,0.0
2019-03-19 04:45:00,0.0
2019-03-19 05:00:00,0.0
2019-03-19 05:15:00,5.4371443
2019-03-19 05:30:00,9.177975
2019-03-19 05:45:00,5.964107
2019-03-19 06:00:00,0.0
2019-03-19 06:15:00,3.5557804
2019-03-19 06:30:00,6.249977
2019-03-19 06:45:00,-0.50601506
2019-03-19 07:00:00,7.2931223
2019-03-19 07:15:00,14.2923765
2019-03-19 07:30:00,15.096452
2019-03-19 07:45:00,76.12041
2019-03-19 08:00:00,79.67672
2019-03-19 08:15:00,220.96687
2019-03-19 08:30:00,244.01414
2019-03-19 08:45:00,483.84738
2019-03-19 09:00:00,583.3627
2019-03-19 09:15:00,863.49744
2019-03-19 09:30:00,951.98035
2019-03-19 09:45:00,1428.103
2019-03-19 10:00:00,1397.9141
2019-03-19 10:15:00,2011.6196
2019-03-19 10:30:00,2004.7346
2019-03-19 10:45:00,2221.2183
2019-03-19 11:00:00,2221.121
2019-03-19 11:15:00,2311.9702
2019-03-19 11:30:00,2310.0112
2019-03-19 11:45:00,2342.84
2019-03-19 12:00:00,2342.1582
2019-03-19 12:15:00,2537.6255
2019-03-19 12:30:00,2545.4158
2019-03-19 12:45:00,2864.4595
2019-03-19 13:00:00,2865.733
2019-03-19 13:15:00,2833.3877
2019-03-19 13:30:00,2830.9136
2019-03-19 13:45:00,2740.2043
2019-03-19 14:00:00,2744.2896
2019-03-19 14:15:00,2381.5522
2019-03-19 14:30:00,2377.9907
2019-03-19 14:45:00,2144.2712
2019-03-19 15:00:00,2104.7026
2019-03-19 15:15:00,1971.3982
2019-03-19 15:30:00,1946.8937
2019-03-19 15:45:00,1633.4323
2019-03-19 16:00:00,1668.967
2019-03-19 16:15:00,1541.6676
2019-03-19 16:30:00,2094.3054
2019-03-19 16:45:00,1794.1353
2019-03-19 17:00:00,2004.1736
2019-03-19 17:15:00,1228.4199
2019-03-19 17:30:00,1414.7212
2019-03-19 17:45:00,827.22003
2019-03-19 18:00:00,879.6024
2019-03-19 18:15:00,421.2523
2019-03-19 18:30:00,312.56122
2019-03-19 18:45:00,71.474815
2019-03-19 19:00:00,29.17637
2019-03-19 19:15:00,0.0
2019-03-19 19:30:00,0.0
2019-03-19 19:45:00,0.0
2019-03-19 20:00:00,0.035439104
2019-03-19 20:15:00,0.0751656
2019-03-19 20:30:00,0.098797984
2019-03-19 20:45:00,0.11328311
2019-03-19 21:00:00,0.12244816
2019-03-19 21:15:00,0.12842569
2019-03-19 21:30:00,0.13243367
2019-03-19 21:45:00,0.13518715
2019-03-19 22:00:00,0.13711794
2019-03-19 22:15:00,0.1384933
2019-03-19 22:30:00,0.13948412
2019-03-19 22:45:00,0.1402
2019-03-19 23:00:00,0.14071389
2019-03-19 23:15:00,0.14107469
2019-03-19 23:30:00,0.23540461
2019-03-19 23:45:00,0.40144727
2019-03-20 00:00:00,0.4563652
2019-03-20 00:15:00,0.40143728
2019-03-20 00:30:00,0.23537491
2019-03-20 00:45:00,0.14107469
2019-03-20 01:00:00,0.14071389
2019-03-20 01:15:00,0.1402
2019-03-20 01:30:00,0.13948412
2019-03-20 01:45:00,0.1384933
2019-03-20 02:00:00,0.13711794
2019-03-20 02:15:00,0.13518715
2019-03-20 02:30:00,0.13243367
2019-03-20 02:45:00,0.12842569
2019-03-20 03:00:00,0.12244816
2019-03-20 03:15:00,0.11328311
2019-03-20 03:30:00,0.098797984
2019-03-20 03:45:00,0.0751656
2019-03-20 04:00:00,0.035439104
2019-03-20 04:15:00,0.0
2019-03-20 04:30:00,0.0
2019-03-20 04:45:00,0.0
2019-03-20 05:00:00,0.0
2019-03-20 05:15:00,5.4371443
2019-03-20 05:30:00,9.177975
2019-03-20 05:45:00,5.964107
2019-03-20 06:00:00,0.0
2019-03-20 06:15:00,3.5557804
2019-03-20 06:30:00,6.249977
2019-03-20 06:45:00,-0.50601506
2019-03-20 07:00:00,7.2931223
2019-03-20 07:15:00,14.2923765
2019-03-20 07:30:00,15.096452
2019-03-20 07:45:00,82.89501
2019-03-20 08:00:00,86.128174
2019-03-20 08:15:00,246.60297
2019-03-20 08:30:00,261.7574
2019-03-20 08:45:00,577.5795
2019-03-20 09:00:00,631.8465
2019-03-20 09:15:00,1181.8761
2019-03-20 09:30:00,1074.0461
2019-03-20 09:45:00,1811.1538
2019-03-20 10:00:00,1777.8674
2019-03-20 10:15:00,2138.5747
2019-03-20 10:30:00,2142.4211
2019-03-20 10:45:00,2344.968
2019-03-20 11:00:00,2342.9968
2019-03-20 11:15:00,2623.8447
2019-03-20 11:30:00,2616.663
2019-03-20 11:45:00,2832.6646
2019-03-20 12:00:00,2831.9653
2019-03-20 12:15:00,2983.1628
2019-03-20 12:30:00,2985.2688
2019-03-20 12:45:00,3065.6199
2019-03-20 13:00:00,3067.5781
2019-03-20 13:15:00,3021.6025
2019-03-20 13:30:00,3022.3672
2019-03-20 13:45:00,2937.8125
2019-03-20 14:00:00,2958.9785
2019-03-20 14:15:00,2764.2515
2019-03-20 14:30:00,2819.9602
2019-03-20 14:45:00,2723.7627
2019-03-20 15:00:00,2884.7231
2019-03-20 15:15:00,2885.7227
2019-03-20 15:30:00,3024.8413
2019-03-20 15:45:00,2674.6675
2019-03-20 16:00:00,2799.2239
2019-03-20 16:15:00,2386.846
2019-03-20 16:30:00,2509.0637
2019-03-20 16:45:00,1947.0564
2019-03-20 17:00:00,2106.9312
2019-03-20 17:15:00,1545.2549
2019-03-20 17:30:00,1598.0498
2019-03-20 17:45:00,1082.5084
2019-03-20 18:00:00,1021.93005
2019-03-20 18:15:00,339.02936
2019-03-20 18:30:00,257.98712
2019-03-20 18:45:00,71.474815
2019-03-20 19:00:00,29.17637
2019-03-20 19:15:00,0.0
2019-03-20 19:30:00,0.0
2019-03-20 19:45:00,0.0
2019-03-20 20:00:00,0.035439104
2019-03-20 20:15:00,0.0751656
2019-03-20 20:30:00,0.098797984
2019-03-20 20:45:00,0.11328311
2019-03-20 21:00:00,0.12244816
2019-03-20 21:15:00,0.12842569
2019-03-20 21:30:00,0.13243367
2019-03-20 21:45:00,0.13518715
2019-03-20 22:00:00,0.13711794
2019-03-20 22:15:00,0.1384933
2019-03-20 22:30:00,0.13948412
2019-03-20 22:45:00,0.1402
2019-03-20 23:00:00,0.14071389
2019-03-20 23:15:00,0.14107469
2019-03-20 23:30:00,0.23540461
2019-03-20 23:45:00,0.40144727
2019-03-21 00:00:00,0.4563652
2019-03-21 00:15:00,0.40143728
2019-03-21 00:30:00,0.23537491
2019-03-21 00:45:00,0.14107469
2019-03-21 01:00:00,0.14071389
2019-03-21 01:15:00,0.1402
2019-03-21 01:30:00,0.13948412
2019-03-21 01:45:00,0.1384933
2019-03-21 02:00:00,0.13711794
2019-03-21 02:15:00,0.13518715
2019-03-21 02:30:00,0.13243367
2019-03-21 02:45:00,0.12842569
2019-03-21 03:00:00,0.12244816
2019-03-21 03:15:00,0.11328311
2019-03-21 03:30:00,0.098797984
2019-03-21 03:45:00,0.0751656
2019-03-21 04:00:00,0.035439104
2019-03-21 04:15:00,0.0
2019-03-21 04:30:00,0.0
2019-03-21 04:45:00,0.0
2019-03-21 05:00:00,0.0
2019-03-21 05:15:00,5.4371443
2019-03-21 05:30:00,9.177975
2019-03-21 05:45:00,5.964107
2019-03-21 06:00:00,0.0
2019-03-21 06:15:00,3.5557804
2019-03-21 06:30:00,6.249977
2019-03-21 06:45:00,-0.50601506
2019-03-21 07:00:00,7.2931223
2019-03-21 07:15:00,18.717108
2019-03-21 07:30:00,18.365444
2019-03-21 07:45:00,104.336975
2019-03-21 08:00:00,106.552216
2019-03-21 08:15:00,291.8496
2019-03-21 08:30:00,295.9481
2019-03-21 08:45:00,654.07513
2019-03-21 09:00:00,663.72046
2019-03-21 09:15:00,1331.5206
2019-03-21 09:30:00,1211.247
2019-03-21 09:45:00,1878.9075
2019-03-21 10:00:00,1856.6548
2019-03-21 10:15:00,2171.8508
2019-03-21 10:30:00,2178.5615
2019-03-21 10:45:00,2342.1309
2019-03-21 11:00:00,2340.4214
2019-03-21 11:15:00,2380.4448
2019-03-21 11:30:00,2376.0037
2019-03-21 11:45:00,2653.1401
2019-03-21 12:00:00,2651.435
2019-03-21 12:15:00,2969.0762
2019-03-21 12:30:00,2971.151
2019-03-21 12:45:00,3069.1536
2019-03-21 13:00:00,3071.1328
2019-03-21 13:15:00,3161.7327
2019-03-21 13:30:00,3176.4995
2019-03-21 13:45:00,3187.8926
2019-03-21 14:00:00,3345.2534
2019-03-21 14:15:00,3113.4346
2019-03-21 14:30:00,3331.308
2019-03-21 14:45:00,3235.2915
2019-03-21 15:00:00,3270.184
2019-03-21 15:15:00,3189.5786
2019-03-21 15:30:00,3203.512
2019-03-21 15:45:00,3041.097
2019-03-21 16:00:00,3078.7874
2019-03-21 16:15:00,2815.7827
2019-03-21 16:30:00,2904.2124
2019-03-21 16:45:00,2469.058
2019-03-21 17:00:00,2583.9795
2019-03-21 17:15:00,2046.7338
2019-03-21 17:30:00,2063.3357
2019-03-21 17:45:00,1385.9014
2019-03-21 18:00:00,1435.6161
2019-03-21 18:15:00,676.07196
2019-03-21 18:30:00,653.45044
2019-03-21 18:45:00,106.76879
2019-03-21 19:00:00,68.73148
2019-03-21 19:15:00,0.0
2019-03-21 19:30:00,0.0
2019-03-21 19:45:00,0.0
2019-03-21 20:00:00,0.035439104
2019-03-21 20:15:00,0.0751656
2019-03-21 20:30:00,0.098797984
2019-03-21 20:45:00,0.11328311
2019-03-21 21:00:00,0.12244816
2019-03-21 21:15:00,0.12842569
2019-03-21 21:30:00,0.13243367
2019-03-21 21:45:00,0.13518715
2019-03-21 22:00:00,0.13711794
2019-03-21 22:15:00,0.1384933
2019-03-21 22:30:00,0.13948412
2019-03-21 22:45:00,0.1402
2019-03-21 23:00:00,0.14071389
2019-03-21 23:15:00,0.14107469
2019-03-21 23:30:00,0.23540461
2019-03-21 23:45:00,0.40144727
2019-03-22 00:00:00,0.4563652
2019-03-22 00:15:00,0.40143728
2019-03-22 00:30:00,0.23537491
2019-03-22 00:45:00,0.14107469
2019-03-22 01:00:00,0.14071389
2019-03-22 01:15:00,0.1402
2019-03-22 01:30:00,0.13948412
2019-03-22 01:45:00,0.1384933
2019-03-22 02:00:00,0.13711794
2019-03-22 02:15:00,0.13518715
2019-03-22 02:30:00,0.13243367
2019-03-22 02:45:00,0.12842569
2019-03-22 03:00:00,0.12244816
2019-03-22 03:15:00,0.11328311
2019-03-22 03:30:00,0.098797984
2019-03-22 03:45:00,0.0751656
2019-03-22 04:00:00,0.035439104
2019-03-22 04:15:00,0.0
2019-03-22 04:30:00,0.0
2019-03-22 04:45:00,0.0
2019-03-22 05:00:00,0.0
2019-03-22 05:15:00,5.4371443
2019-03-22 05:30:00,9.177975
2019-03-22 05:45:00,5.964107
2019-03-22 06:00:00,0.0
2019-03-22 06:15:00,3.5557804
2019-03-22 06:30:00,6.249977
2019-03-22 06:45:00,-0.50601506
2019-03-22 07:00:00,7.2931223
2019-03-22 07:15:00,20.205185
2019-03-22 07:30:00,19.467154
2019-03-22 07:45:00,105.82776
2019-03-22 08:00:00,107.972694
2019-03-22 08:15:00,278.3783
2019-03-22 08:30:00,286.30927
2019-03-22 08:45:00,538.1282
2019-03-22 09:00:00,616.01575
2019-03-22 09:15:00,853.4736
2019-03-22 09:30:00,946.643
2019-03-22 09:45:00,1242.569
2019-03-22 10:00:00,1261.5016
2019-03-22 10:15:00,1885.9036
2019-03-22 10:30:00,1872.6367
2019-03-22 10:45:00,2095.9312
2019-03-22 11:00:00,2091.484
2019-03-22 11:15:00,2235.441
2019-03-22 11:30:00,2233.951
2019-03-22 11:45:00,2284.85
2019-03-22 12:00:00,2284.4358
2019-03-22 12:15:00,2338.089
2019-03-22 12:30:00,2339.9517
2019-03-22 12:45:00,2484.4077
2019-03-22 13:00:00,2498.1436
2019-03-22 13:15:00,2644.4204
2019-03-22 13:30:00,2641.5103
2019-03-22 13:45:00,2365.6921
2019-03-22 14:00:00,2370.8489
2019-03-22 14:15:00,2309.835
2019-03-22 14:30:00,2304.934
2019-03-22 14:45:00,2477.885
2019-03-22 15:00:00,2540.151
2019-03-22 15:15:00,2885.7227
2019-03-22 15:30:00,3024.8413
2019-03-22 15:45:00,2180.0723
2019-03-22 16:00:00,2595.0977
2019-03-22 16:15:00,1681.842
2019-03-22 16:30:00,2230.0005
2019-03-22 16:45:00,1577.4219
2019-03-22 17:00:00,1930.5049
2019-03-22 17:15:00,1517.3892
2019-03-22 17:30:00,1562.427
2019-03-22 17:45:00,1119.517
2019-03-22 18:00:00,1068.32
2019-03-22 18:15:00,543.1715
2019-03-22 18:30:00,458.12262
2019-03-22 18:45:00,90.6608
2019-03-22 19:00:00,49.920444
2019-03-22 19:15:00,0.0
2019-03-22 19:30:00,0.0
2019-03-22 19:45:00,0.0
2019-03-22 20:00:00,0.035439104
2019-03-22 20:15:00,0.0751656
2019-03-22 20:30:00,0.098797984
2019-03-22 20:45:00,0.11328311
2019-03-22 21:00:00,0.12244816
2019-03-22 21:15:00,0.12842569
2019-03-22 21:30:00,0.13243367
2019-03-22 21:45:00,0.13518715
2019-03-22 22:00:00,0.13711794
2019-03-22 22:15:00,0.1384933
2019-03-22 22:30:00,0.13948412
2019-03-22 22:45:00,0.1402
2019-03-22 23:00:00,0.14071389
2019-03-22 23:15:00,0.14107469
2019-03-22 23:30:00,0.23540461
2019-03-22 23:45:00,0.40144727
2019-03-23 00:00:00,0.4563652
2019-03-23 00:15:00,0.40143728
2019-03-23 00:30:00,0.23537491
2019-03-23 00:45:00,0.14107469
2019-03-23 01:00:00,0.14071389
2019-03-23 01:15:00,0.1402
2019-03-23 01:30:00,0.13948412
2019-03-23 01:45:00,0.1384933
2019-03-23 02:00:00,0.13711794
2019-03-23 02:15:00,0.13518715
2019-03-23 02:30:00,0.13243367
2019-03-23 02:45:00,0.12842569
2019-03-23 03:00:00,0.12244816
2019-03-23 03:15:00,0.11328311
2019-03-23 03:30:00,0.098797984
2019-03-23 03:45:00,0.0751656
2019-03-23 04:00:00,0.035439104
2019-03-23 04:15:00,0.0
2019-03-23 04:30:00,0.0
2019-03-23 04:45:00,0.0
2019-03-23 05:00:00,0.0
2019-03-23 05:15:00,5.4371443
2019-03-23 05:30:00,9.177975
2019-03-23 05:45:00,5.964107
2019-03-23 06:00:00,0.0
2019-03-23 06:15:00,3.5557804
2019-03-23 06:30:00,6.249977
2019-03-23 06:45:00,-0.50601506
2019-03-23 07:00:00,7.2931223
2019-03-23 07:15:00,23.200727
2019-03-23 07:30:00,21.68883
2019-03-23 07:45:00,111.86961
2019-03-23 08:00:00,113.73103
2019-03-23 08:15:00,310.6211
2019-03-23 08:30:00,308.81647
2019-03-23 08:45:00,693.9681
2019-03-23 09:00:00,684.41797
2019-03-23 09:15:00,1403.9934
2019-03-23 09:30:00,1287.7869
2019-03-23 09:45:00,1906.8846
2019-03-23 10:00:00,1889.5764
2019-03-23 10:15:00,2182.224
2019-03-23 10:30:00,2189.859
2019-03-23 10:45:00,2363.1174
2019-03-23 11:00:00,2359.1672
2019-03-23 11:15:00,2603.5469
2019-03-23 11:30:00,2595.1128
2019-03-23 11:45:00,2811.7185
2019-03-23 12:00:00,2811.0044
2019-03-23 12:15:00,2979.6392
2019-03-23 12:30:00,2981.7388
2019-03-23 12:45:00,3026.7163
2019-03-23 13:00:00,3028.5068
2019-03-23 13:15:00,2921.7678
2019-03-23 13:30:00,2920.1768
2019-03-23 13:45:00,2848.5576
2019-03-23 14:00:00,2859.483
2019-03-23 14:15:00,2793.6682
2019-03-23 14:30:00,2857.4607
2019-03-23 14:45:00,2667.3726
2019-03-23 15:00:00,2789.1135
2019-03-23 15:15:00,2797.149
2019-03-23 15:30:00,2986.2773
2019-03-23 15:45:00,3027.8372
2019-03-23 16:00:00,3072.885
2019-03-23 16:15:00,2802.4114
2019-03-23 16:30:00,2898.4075
2019-03-23 16:45:00,2456.4888
2019-03-23 17:00:00,2572.065
2019-03-23 17:15:00,2034.9614
2019-03-23 17:30:00,2054.7695
2019-03-23 17:45:00,1326.463
2019-03-23 18:00:00,1356.4562
2019-03-23 18:15:00,513.68445
2019-03-23 18:30:00,417.0421
2019-03-23 18:45:00,85.09812
2019-03-23 19:00:00,43.663044
2019-03-23 19:15:00,0.0
2019-03-23 19:30:00,0.0
2019-03-23 19:45:00,0.0
2019-03-23 20:00:00,0.035439104
2019-03-23 20:15:00,0.0751656
2019-03-23 20:30:00,0.098797984
2019-03-23 20:45:00,0.11328311
2019-03-23 21:00:00,0.12244816
2019-03-23 21:15:00,0.12842569
2019-03-23 21:30:00,0.13243367
2019-03-23 21:45:00,0.13518715
2019-03-23 22:00:00,0.13711794
2019-03-23 22:15:00,0.1384933
2019-03-23 22:30:00,0.13948412
2019-03-23 22:45:00,0.1402
2019-03-23 23:00:00,0.14071389
2019-03-23 23:15:00,0.14107469
2019-03-23 23:30:00,0.23540461
2019-03-23 23:45:00,0.40144727
2019-03-24 00:00:00,0.4563652
2019-03-24 00:15:00,0.40143728
2019-03-24 00:30:00,0.23537491
2019-03-24 00:45:00,0.14107469
2019-03-24 01:00:00,0.14071389
2019-03-24 01:15:00,0.1402
2019-03-24 01:30:00,0.13948412
2019-03-24 01:45:00,0.1384933
2019-03-24 02:00:00,0.13711794
2019-03-24 02:15:00,0.13518715
2019-03-24 02:30:00,0.13243367
2019-03-24 02:45:00,0.12842569
2019-03-24 03:00:00,0.12244816
2019-03-24 03:15:00,0.11328311
2019-03-24 03:30:00,0.098797984
2019-03-24 03:45:00,0.0751656
2019-03-24 04:00:00,0.035439104
2019-03-24 04:15:00,0.0
2019-03-24 04:30:00,0.0
2019-03-24 04:45:00,0.0
2019-03-24 05:00:00,0.0
2019-03-24 05:15:00,5.4371443
2019-03-24 05:30:00,9.177975
2019-03-24 05:45:00,5.964107
2019-03-24 06:00:00,0.0
2019-03-24 06:15:00,3.5557804
2019-03-24 06:30:00,6.249977
2019-03-24 06:45:00,-0.50601506
2019-03-24 07:00:00,7.2931223
2019-03-24 07:15:00,18.717108
2019-03-24 07:30:00,18.365444
2019-03-24 07:45:00,73.461235
2019-03-24 08:00:00,77.144394
2019-03-24 08:15:00,142.39066
2019-03-24 08:30:00,178.192
2019-03-24 08:45:00,405.5618
2019-03-24 09:00:00,474.04608
2019-03-24 09:15:00,792.8839
2019-03-24 09:30:00,880.68866
2019-03-24 09:45:00,1337.3947
2019-03-24 10:00:00,1330.8157
2019-03-24 10:15:00,1121.1589
2019-03-24 10:30:00,1117.5603
2019-03-24 10:45:00,1156.5615
2019-03-24 11:00:00,1149.327
2019-03-24 11:15:00,1084.237
2019-03-24 11:30:00,1079.6265
2019-03-24 11:45:00,1049.399
2019-03-24 12:00:00,1048.4528
2019-03-24 12:15:00,1342.6167
2019-03-24 12:30:00,1346.6833
2019-03-24 12:45:00,1467.017
2019-03-24 13:00:00,1489.889
2019-03-24 13:15:00,1125.0267
2019-03-24 13:30:00,1131.6101
2019-03-24 13:45:00,1020.232
2019-03-24 14:00:00,1018.4025
2019-03-24 14:15:00,1220.5371
2019-03-24 14:30:00,1287.7869
2019-03-24 14:45:00,2023.519
2019-03-24 15:00:00,1967.9083
2019-03-24 15:15:00,1820.2297
2019-03-24 15:30:00,1669.1008
2019-03-24 15:45:00,1526.1213
2019-03-24 16:00:00,1465.1665
2019-03-24 16:15:00,1198.2458
2019-03-24 16:30:00,1156.6416
2019-03-24 16:45:00,920.2456
2019-03-24 17:00:00,988.6707
2019-03-24 17:15:00,751.79
2019-03-24 17:30:00,1212.3926
2019-03-24 17:45:00,1022.02234
2019-03-24 18:00:00,962.5336
2019-03-24 18:15:00,425.7887
2019-03-24 18:30:00,316.60367
2019-03-24 18:45:00,71.474815
2019-03-24 19:00:00,29.17637
2019-03-24 19:15:00,0.0
2019-03-24 19:30:00,0.0
2019-03-24 19:45:00,0.0
2019-03-24 20:00:00,0.035439104
2019-03-24 20:15:00,0.0751656
2019-03-24 20:30:00,0.098797984
2019-03-24 20:45:00,0.11328311
2019-03-24 21:00:00,0.12244816
2019-03-24 21:15:00,0.12842569
2019-03-24 21:30:00,0.13243367
2019-03-24 21:45:00,0.13518715
2019-03-24 22:00:00,0.13711794
2019-03-24 22:15:00,0.1384933
2019-03-24 22:30:00,0.13948412
2019-03-24 22:45:00,0.1402
2019-03-24 23:00:00,0.14071389
2019-03-24 23:15:00,0.14107469
2019-03-24 23:30:00,0.23540461
2019-03-24 23:45:00,0.40144727
2019-03-25 00:00:00,0.4563652
2019-03-25 00:15:00,0.40143728
2019-03-25 00:30:00,0.23537491
2019-03-25 00:45:00,0.14107469
2019-03-25 01:00:00,0.14071389
2019-03-25 01:15:00,0.1402
2019-03-25 01:30:00,0.13948412
2019-03-25 01:45:00,0.1384933
2019-03-25 02:00:00,0.13711794
2019-03-25 02:15:00,0.13518715
2019-03-25 02:30:00,0.13243367
2019-03-25 02:45:00,0.12842569
2019-03-25 03:00:00,0.12244816
2019-03-25 03:15:00,0.11328311
2019-03-25 03:30:00,0.098797984
2019-03-25 03:45:00,0.0751656
2019-03-25 04:00:00,0.035439104
2019-03-25 04:15:00,0.0
2019-03-25 04:30:00,0.0
2019-03-25 04:45:00,0.0
2019-03-25 05:00:00,0.0
2019-03-25 05:15:00,5.4371443
2019-03-25 05:30:00,9.177975
2019-03-25 05:45:00,5.964107
2019-03-25 06:00:00,0.0
2019-03-25 06:15:00,3.5557804
2019-03-25 06:30:00,6.249977
2019-03-25 06:45:00,-0.50601506
2019-03-25 07:00:00,7.2931223
2019-03-25 07:15:00,12.830864
2019-03-25 07:30:00,14.018729
2019-03-25 07:45:00,47.2215
2019-03-25 08:00:00,52.135757
2019-03-25 08:15:00,166.05888
2019-03-25 08:30:00,199.87961
2019-03-25 08:45:00,374.29504
2019-03-25 09:00:00,432.70706
2019-03-25 09:15:00,613.8241
2019-03-25 09:30:00,641.9527
2019-03-25 09:45:00,1006.567
2019-03-25 10:00:00,1025.1635
2019-03-25 10:15:00,1297.3035
2019-03-25 10:30:00,1298.9674
2019-03-25 10:45:00,1464.7073
2019-03-25 11:00:00,1437.9569
2019-03-25 11:15:00,1396.2161
2019-03-25 11:30:00,1389.2465
2019-03-25 11:45:00,2048.0522
2019-03-25 12:00:00,2046.8804
2019-03-25 12:15:00,1644.26
2019-03-25 12:30:00,1656.0947
2019-03-25 12:45:00,1590.2407
2019-03-25 13:00:00,1615.0245
2019-03-25 13:15:00,2038.9773
2019-03-25 13:30:00,2044.8716
2019-03-25 13:45:00,2138.5747
2019-03-25 14:00:00,2127.4797
2019-03-25 14:15:00,2059.3066
2019-03-25 14:30:00,2043.4772
2019-03-25 14:45:00,1974.6897
2019-03-25 15:00:00,1932.1029
2019-03-25 15:15:00,1668.29
2019-03-25 15:30:00,1666.4203
2019-03-25 15:45:00,1332.457
2019-03-25 16:00:00,1327.6481
2019-03-25 16:15:00,1210.4653
2019-03-25 16:30:00,1000.7743
2019-03-25 16:45:00,813.26404
2019-03-25 17:00:00,720.2457
2019-03-25 17:15:00,498.3189
2019-03-25 17:30:00,470.07727
2019-03-25 17:45:00,294.9456
2019-03-25 18:00:00,296.8375
2019-03-25 18:15:00,110.13363
2019-03-25 18:30:00,131.41635
2019-03-25 18:45:00,34.36462
2019-03-25 19:00:00,0.0
2019-03-25 19:15:00,0.0
2019-03-25 19:30:00,0.0
2019-03-25 19:45:00,0.0
2019-03-25 20:00:00,0.035439104
2019-03-25 20:15:00,0.0751656
2019-03-25 20:30:00,0.098797984
2019-03-25 20:45:00,0.11328311
2019-03-25 21:00:00,0.12244816
2019-03-25 21:15:00,0.12842569
2019-03-25 21:30:00,0.13243367
2019-03-25 21:45:00,0.13518715
2019-03-25 22:00:00,0.13711794
2019-03-25 22:15:00,0.1384933
2019-03-25 22:30:00,0.13948412
2019-03-25 22:45:00,0.1402
2019-03-25 23:00:00,0.14071389
2019-03-25 23:15:00,0.14107469
2019-03-25 23:30:00,0.23540461
2019-03-25 23:45:00,0.40144727
2019-03-26 00:00:00,0.4563652
2019-03-26 00:15:00,0.40143728
2019-03-26 00:30:00,0.23537491
2019-03-26 00:45:00,0.14107469
2019-03-26 01:00:00,0.14071389
2019-03-26 01:15:00,0.1402
2019-03-26 01:30:00,0.13948412
2019-03-26 01:45:00,0.1384933
2019-03-26 02:00:00,0.13711794
2019-03-26 02:15:00,0.13518715
2019-03-26 02:30:00,0.13243367
2019-03-26 02:45:00,0.12842569
2019-03-26 03:00:00,0.12244816
2019-03-26 03:15:00,0.11328311
2019-03-26 03:30:00,0.098797984
2019-03-26 03:45:00,0.0751656
2019-03-26 04:00:00,0.035439104
2019-03-26 04:15:00,0.0
2019-03-26 04:30:00,0.0
2019-03-26 04:45:00,0.0
2019-03-26 05:00:00,0.0
2019-03-26 05:15:00,5.4371443
2019-03-26 05:30:00,9.177975
2019-03-26 05:45:00,5.964107
2019-03-26 06:00:00,0.0
2019-03-26 06:15:00,3.5557804
2019-03-26 06:30:00,6.249977
2019-03-26 06:45:00,-0.50601506
2019-03-26 07:00:00,7.2931223
2019-03-26 07:15:00,20.205185
2019-03-26 07:30:00,19.467154
2019-03-26 07:45:00,70.83069
2019-03-26 08:00:00,74.639145
2019-03-26 08:15:00,174.35493
2019-03-26 08:30:00,207.1041
2019-03-26 08:45:00,449.37573
2019-03-26 09:00:00,537.59595
2019-03-26 09:15:00,847.33154
2019-03-26 09:30:00,942.9736
2019-03-26 09:45:00,1531.2561
2019-03-26 10:00:00,1483.999
2019-03-26 10:15:00,2004.4001
2019-03-26 10:30:00,1996.9573
2019-03-26 10:45:00,2242.9592
2019-03-26 11:00:00,2243.2388
2019-03-26 11:15:00,2442.2734
2019-03-26 11:30:00,2433.4888
2019-03-26 11:45:00,2696.4236
2019-03-26 12:00:00,2695.1763
2019-03-26 12:15:00,2860.5454
2019-03-26 12:30:00,2862.3523
2019-03-26 12:45:00,2970.1194
2019-03-26 13:00:00,2971.75
2019-03-26 13:15:00,3018.0183
2019-03-26 13:30:00,3018.6428
2019-03-26 13:45:00,3004.123
2019-03-26 14:00:00,3037.829
2019-03-26 14:15:00,2985.0928
2019-03-26 14:30:00,3185.0242
2019-03-26 14:45:00,3108.849
2019-03-26 15:00:00,3227.2493
2019-03-26 15:15:00,3100.3208
2019-03-26 15:30:00,3156.326
2019-03-26 15:45:00,2942.5454
2019-03-26 16:00:00,3033.3564
2019-03-26 16:15:00,2689.2175
2019-03-26 16:30:00,2839.1462
2019-03-26 16:45:00,2371.2432
2019-03-26 17:00:00,2474.7688
2019-03-26 17:15:00,1944.5232
2019-03-26 17:30:00,1989.7515
2019-03-26 17:45:00,1306.482
2019-03-26 18:00:00,1329.693
2019-03-26 18:15:00,612.107
2019-03-26 18:30:00,559.9158
2019-03-26 18:45:00,99.266914
2019-03-26 19:00:00,59.872204
2019-03-26 19:15:00,0.0
2019-03-26 19:30:00,0.0
2019-03-26 19:45:00,0.0
2019-03-26 20:00:00,0.035439104
2019-03-26 20:15:00,0.0751656
2019-03-26 20:30:00,0.098797984
2019-03-26 20:45:00,0.11328311
2019-03-26 21:00:00,0.12244816
2019-03-26 21:15:00,0.12842569
2019-03-26 21:30:00,0.13243367
2019-03-26 21:45:00,0.13518715
2019-03-26 22:00:00,0.13711794
2019-03-26 22:15:00,0.1384933
2019-03-26 22:30:00,0.13948412
2019-03-26 22:45:00,0.1402
2019-03-26 23:00:00,0.14071389
2019-03-26 23:15:00,0.14107469
2019-03-26 23:30:00,0.23540461
2019-03-26 23:45:00,0.40144727
2019-03-27 00:00:00,0.4563652
2019-03-27 00:15:00,0.40143728
2019-03-27 00:30:00,0.23537491
2019-03-27 00:45:00,0.14107469
2019-03-27 01:00:00,0.14071389
2019-03-27 01:15:00,0.1402
2019-03-27 01:30:00,0.13948412
2019-03-27 01:45:00,0.1384933
2019-03-27 02:00:00,0.13711794
2019-03-27 02:15:00,0.13518715
2019-03-27 02:30:00,0.13243367
2019-03-27 02:45:00,0.12842569
2019-03-27 03:00:00,0.12244816
2019-03-27 03:15:00,0.11328311
2019-03-27 03:30:00,0.098797984
2019-03-27 03:45:00,0.0751656
2019-03-27 04:00:00,0.035439104
2019-03-27 04:15:00,0.0
2019-03-27 04:30:00,0.0
2019-03-27 04:45:00,0.0
2019-03-27 05:00:00,0.0
2019-03-27 05:15:00,5.4371443
2019-03-27 05:30:00,9.177975
2019-03-27 05:45:00,5.964107
2019-03-27 06:00:00,0.0
2019-03-27 06:15:00,3.5557804
2019-03-27 06:30:00,6.249977
2019-03-27 06:45:00,-0.50601506
2019-03-27 07:00:00,7.2931223
2019-03-27 07:15:00,30.798147
2019-03-27 07:30:00,27.350529
2019-03-27 07:45:00,129.55666
2019-03-27 08:00:00,128.66975
2019-03-27 08:15:00,324.23566
2019-03-27 08:30:00,319.43988
2019-03-27 08:45:00,715.28516
2019-03-27 09:00:00,696.9256
2019-03-27 09:15:00,1438.0234
2019-03-27 09:30:00,1325.311
2019-03-27 09:45:00,1921.9224
2019-03-27 10:00:00,1907.3279
2019-03-27 10:15:00,2188.311
2019-03-27 10:30:00,2196.495
2019-03-27 10:45:00,2405.8066
2019-03-27 11:00:00,2396.4438
2019-03-27 11:15:00,2578.2375
2019-03-27 11:30:00,2568.316
2019-03-27 11:45:00,2755.255
2019-03-27 12:00:00,2754.397
2019-03-27 12:15:00,2822.198
2019-03-27 12:30:00,2823.9902
2019-03-27 12:45:00,2766.6782
2019-03-27 13:00:00,2767.7234
2019-03-27 13:15:00,2529.7534
2019-03-27 13:30:00,2532.1462
2019-03-27 13:45:00,2571.7095
2019-03-27 14:00:00,2569.9526
2019-03-27 14:15:00,2627.4985
2019-03-27 14:30:00,2652.5325
2019-03-27 14:45:00,2748.585
2019-03-27 15:00:00,2942.2869
2019-03-27 15:15:00,3016.0366
2019-03-27 15:30:00,3103.9834
2019-03-27 15:45:00,2899.5618
2019-03-27 16:00:00,3010.2207
2019-03-27 16:15:00,2731.9297
2019-03-27 16:30:00,2864.372
2019-03-27 16:45:00,2415.0518
2019-03-27 17:00:00,2527.932
2019-03-27 17:15:00,2010.5476
2019-03-27 17:30:00,2037.1827
2019-03-27 17:45:00,1326.463
2019-03-27 18:00:00,1356.4562
2019-03-27 18:15:00,592.70996
2019-03-27 18:30:00,530.9804
2019-03-27 18:45:00,100.74025
2019-03-27 19:00:00,61.60139
2019-03-27 19:15:00,0.0
2019-03-27 19:30:00,0.0
2019-03-27 19:45:00,0.0
2019-03-27 20:00:00,0.035439104
2019-03-27 20:15:00,0.0751656
2019-03-27 20:30:00,0.098797984
2019-03-27 20:45:00,0.11328311
2019-03-27 21:00:00,0.12244816
2019-03-27 21:15:00,0.12842569
2019-03-27 21:30:00,0.13243367
2019-03-27 21:45:00,0.13518715
2019-03-27 22:00:00,0.13711794
2019-03-27 22:15:00,0.1384933
2019-03-27 22:30:00,0.13948412
2019-03-27 22:45:00,0.1402
2019-03-27 23:00:00,0.14071389
2019-03-27 23:15:00,0.14107469
2019-03-27 23:30:00,0.23540461
2019-03-27 23:45:00,0.40144727
2019-03-28 00:00:00,0.4563652
2019-03-28 00:15:00,0.40143728
2019-03-28 00:30:00,0.23537491
2019-03-28 00:45:00,0.14107469
2019-03-28 01:00:00,0.14071389
2019-03-28 01:15:00,0.1402
2019-03-28 01:30:00,0.13948412
2019-03-28 01:45:00,0.1384933
2019-03-28 02:00:00,0.13711794
2019-03-28 02:15:00,0.13518715
2019-03-28 02:30:00,0.13243367
2019-03-28 02:45:00,0.12842569
2019-03-28 03:00:00,0.12244816
2019-03-28 03:15:00,0.11328311
2019-03-28 03:30:00,0.098797984
2019-03-28 03:45:00,0.0751656
2019-03-28 04:00:00,0.035439104
2019-03-28 04:15:00,0.0
2019-03-28 04:30:00,0.0
2019-03-28 04:45:00,0.0
2019-03-28 05:00:00,0.0
2019-03-28 05:15:00,5.4371443
2019-03-28 05:30:00,9.177975
2019-03-28 05:45:00,5.964107
2019-03-28 06:00:00,0.0
2019-03-28 06:15:00,3.5557804
2019-03-28 06:30:00,6.249977
2019-03-28 06:45:00,-0.50601506
2019-03-28 07:00:00,7.2931223
2019-03-28 07:15:00,33.879253
2019-03-28 07:30:00,29.658731
2019-03-28 07:45:00,138.5883
2019-03-28 08:00:00,134.86761
2019-03-28 08:15:00,343.79254
2019-03-28 08:30:00,334.49185
2019-03-28 08:45:00,609.4304
2019-03-28 09:00:00,644.29297
2019-03-28 09:15:00,1421.1958
2019-03-28 09:30:00,1306.6392
2019-03-28 09:45:00,1925.5781
2019-03-28 10:00:00,1911.6484
2019-03-28 10:15:00,2076.0703
2019-03-28 10:30:00,2074.5803
2019-03-28 10:45:00,2167.7607
2019-03-28 11:00:00,2166.1238
2019-03-28 11:15:00,2181.557
2019-03-28 11:30:00,2179.3596
2019-03-28 11:45:00,2197.8464
2019-03-28 12:00:00,2197.3447
2019-03-28 12:15:00,2055.3284
2019-03-28 12:30:00,2058.4727
2019-03-28 12:45:00,1888.997
2019-03-28 13:00:00,1898.8339
2019-03-28 13:15:00,1313.2751
2019-03-28 13:30:00,1320.4602
2019-03-28 13:45:00,1414.8994
2019-03-28 14:00:00,1404.2715
2019-03-28 14:15:00,1015.42865
2019-03-28 14:30:00,950.2217
2019-03-28 14:45:00,685.9071
2019-03-28 15:00:00,603.89716
2019-03-28 15:15:00,485.5933
2019-03-28 15:30:00,473.47162
2019-03-28 15:45:00,676.73364
2019-03-28 16:00:00,783.03845
2019-03-28 16:15:00,1093.2672
2019-03-28 16:30:00,998.8957
2019-03-28 16:45:00,826.7831
2019-03-28 17:00:00,764.16077
2019-03-28 17:15:00,564.6292
2019-03-28 17:30:00,592.4706
2019-03-28 17:45:00,374.72363
2019-03-28 18:00:00,482.88538
2019-03-28 18:15:00,245.73773
2019-03-28 18:30:00,220.31421
2019-03-28 18:45:00,71.474815
2019-03-28 19:00:00,29.17637
2019-03-28 19:15:00,0.0
2019-03-28 19:30:00,0.0
2019-03-28 19:45:00,0.0
2019-03-28 20:00:00,0.035439104
2019-03-28 20:15:00,0.0751656
2019-03-28 20:30:00,0.098797984
2019-03-28 20:45:00,0.11328311
2019-03-28 21:00:00,0.12244816
2019-03-28 21:15:00,0.12842569
2019-03-28 21:30:00,0.13243367
2019-03-28 21:45:00,0.13518715
2019-03-28 22:00:00,0.13711794
2019-03-28 22:15:00,0.1384933
2019-03-28 22:30:00,0.13948412
2019-03-28 22:45:00,0.1402
2019-03-28 23:00:00,0.14071389
2019-03-28 23:15:00,0.14107469
2019-03-28 23:30:00,0.23540461
2019-03-28 23:45:00,0.40144727
2019-03-29 00:00:00,0.4563652
2019-03-29 00:15:00,0.40143728
2019-03-29 00:30:00,0.23537491
2019-03-29 00:45:00,0.14107469
2019-03-29 01:00:00,0.14071389
2019-03-29 01:15:00,0.1402
2019-03-29 01:30:00,0.13948412
2019-03-29 01:45:00,0.1384933
2019-03-29 02:00:00,0.13711794
2019-03-29 02:15:00,0.13518715
2019-03-29 02:30:00,0.13243367
2019-03-29 02:45:00,0.12842569
2019-03-29 03:00:00,0.12244816
2019-03-29 03:15:00,0.11328311
2019-03-29 03:30:00,0.098797984
2019-03-29 03:45:00,0.0751656
2019-03-29 04:00:00,0.035439104
2019-03-29 04:15:00,0.0
2019-03-29 04:30:00,0.0
2019-03-29 04:45:00,0.0
2019-03-29 05:00:00,0.0
2019-03-29 05:15:00,5.4371443
2019-03-29 05:30:00,9.177975
2019-03-29 05:45:00,5.964107
2019-03-29 06:00:00,0.0
2019-03-29 06:15:00,3.5557804
2019-03-29 06:30:00,6.249977
2019-03-29 06:45:00,-0.50601506
2019-03-29 07:00:00,7.2931223
2019-03-29 07:15:00,32.335785
2019-03-29 07:30:00,28.501509
2019-03-29 07:45:00,105.82776
2019-03-29 08:00:00,107.972694
2019-03-29 08:15:00,269.65314
2019-03-29 08:30:00,279.84097
2019-03-29 08:45:00,480.44098
2019-03-29 09:00:00,579.6238
2019-03-29 09:15:00,932.82324
2019-03-29 09:30:00,979.2578
2019-03-29 09:45:00,1116.043
2019-03-29 10:00:00,1166.9761
2019-03-29 10:15:00,1414.8994
2019-03-29 10:30:00,1399.6145
2019-03-29 10:45:00,1729.9397
2019-03-29 11:00:00,1710.866
2019-03-29 11:15:00,2052.4119
2019-03-29 11:30:00,2047.6648
2019-03-29 11:45:00,2005.7244
2019-03-29 12:00:00,2004.2736
2019-03-29 12:15:00,837.0773
2019-03-29 12:30:00,839.07
2019-03-29 12:45:00,1073.8958
2019-03-29 13:00:00,1079.8505
2019-03-29 13:15:00,1621.9274
2019-03-29 13:30:00,1638.0312
2019-03-29 13:45:00,1586.8303
2019-03-29 14:00:00,1601.7677
2019-03-29 14:15:00,2038.6152
2019-03-29 14:30:00,2025.832
2019-03-29 14:45:00,2092.2021
2019-03-29 15:00:00,2048.027
2019-03-29 15:15:00,1940.9176
2019-03-29 15:30:00,1901.6246
2019-03-29 15:45:00,1519.2163
2019-03-29 16:00:00,1370.8853
2019-03-29 16:15:00,1408.0881
2019-03-29 16:30:00,1764.4414
2019-03-29 16:45:00,2124.4907
2019-03-29 17:00:00,2243.0452
2019-03-29 17:15:00,1849.8126
2019-03-29 17:30:00,1918.3824
2019-03-29 17:45:00,1263.6982
2019-03-29 18:00:00,1272.3021
2019-03-29 18:15:00,468.50287
2019-03-29 18:30:00,360.47723
2019-03-29 18:45:00,78.26472
2019-03-29 19:00:00,36.226295
2019-03-29 19:15:00,0.0
2019-03-29 19:30:00,0.0
2019-03-29 19:45:00,0.0
2019-03-29 20:00:00,0.035439104
2019-03-29 20:15:00,0.0751656
2019-03-29 20:30:00,0.098797984
2019-03-29 20:45:00,0.11328311
2019-03-29 21:00:00,0.12244816
2019-03-29 21:15:00,0.12842569
2019-03-29 21:30:00,0.13243367
2019-03-29 21:45:00,0.13518715
2019-03-29 22:00:00,0.13711794
2019-03-29 22:15:00,0.1384933
2019-03-29 22:30:00,0.13948412
2019-03-29 22:45:00,0.1402
2019-03-29 23:00:00,0.14071389
2019-03-29 23:15:00,0.14107469
2019-03-29 23:30:00,0.23540461
2019-03-29 23:45:00,0.40144727
2019-03-30 00:00:00,0.4563652
2019-03-30 00:15:00,0.40143728
2019-03-30 00:30:00,0.23537491
2019-03-30 00:45:00,0.14107469
2019-03-30 01:00:00,0.14071389
2019-03-30 01:15:00,0.1402
2019-03-30 01:30:00,0.13948412
2019-03-30 01:45:00,0.1384933
2019-03-30 02:00:00,0.13711794
2019-03-30 02:15:00,0.13518715
2019-03-30 02:30:00,0.13243367
2019-03-30 02:45:00,0.12842569
2019-03-30 03:00:00,0.12244816
2019-03-30 03:15:00,0.11328311
2019-03-30 03:30:00,0.098797984
2019-03-30 03:45:00,0.0751656
2019-03-30 04:00:00,0.035439104
2019-03-30 04:15:00,0.0
2019-03-30 04:30:00,0.0
2019-03-30 04:45:00,0.0
2019-03-30 05:00:00,0.0
2019-03-30 05:15:00,5.4371443
2019-03-30 05:30:00,9.177975
2019-03-30 05:45:00,5.964107
2019-03-30 06:00:00,0.0
2019-03-30 06:15:00,3.5557804
2019-03-30 06:30:00,6.249977
2019-03-30 06:45:00,-0.50601506
2019-03-30 07:00:00,7.2931223
2019-03-30 07:15:00,41.68337
2019-03-30 07:30:00,35.540253
2019-03-30 07:45:00,170.01288
2019-03-30 08:00:00,155.91841
2019-03-30 08:15:00,337.09924
2019-03-30 08:30:00,329.44077
2019-03-30 08:45:00,502.30222
2019-03-30 09:00:00,599.05865
2019-03-30 09:15:00,1233.4348
2019-03-30 09:30:00,1116.2784
2019-03-30 09:45:00,1981.94
2019-03-30 10:00:00,1978.316
2019-03-30 10:15:00,2196.295
2019-03-30 10:30:00,2205.1982
2019-03-30 10:45:00,2301.8914
2019-03-30 11:00:00,2302.2732
2019-03-30 11:15:00,2374.6235
2019-03-30 11:30:00,2370.5066
2019-03-30 11:45:00,2256.9895
2019-03-30 12:00:00,2256.603
2019-03-30 12:15:00,2321.9648
2019-03-30 12:30:00,2323.538
2019-03-30 12:45:00,1046.3403
2019-03-30 13:00:00,1052.1295
2019-03-30 13:15:00,761.0768
2019-03-30 13:30:00,764.9457
2019-03-30 13:45:00,1256.994
2019-03-30 14:00:00,1233.6947
2019-03-30 14:15:00,1035.6049
2019-03-30 14:30:00,962.2009
2019-03-30 14:45:00,1585.8745
2019-03-30 15:00:00,1652.6702
2019-03-30 15:15:00,1824.5413
2019-03-30 15:30:00,1662.5537
2019-03-30 15:45:00,1749.6777
2019-03-30 16:00:00,1911.4535
2019-03-30 16:15:00,1291.8977
2019-03-30 16:30:00,1400.3455
2019-03-30 16:45:00,1124.3204
2019-03-30 17:00:00,1658.429
2019-03-30 17:15:00,1592.1239
2019-03-30 17:30:00,1659.0785
2019-03-30 17:45:00,1214.4824
2019-03-30 18:00:00,1203.9054
2019-03-30 18:15:00,551.83405
2019-03-30 18:30:00,470.6162
2019-03-30 18:45:00,97.80575
2019-03-30 19:00:00,58.163948
2019-03-30 19:15:00,0.0
2019-03-30 19:30:00,0.0
2019-03-30 19:45:00,0.0
2019-03-30 20:00:00,0.035439104
2019-03-30 20:15:00,0.0751656
2019-03-30 20:30:00,0.098797984
2019-03-30 20:45:00,0.11328311
2019-03-30 21:00:00,0.12244816
2019-03-30 21:15:00,0.12842569
2019-03-30 21:30:00,0.13243367
2019-03-30 21:45:00,0.13518715
2019-03-30 22:00:00,0.13711794
2019-03-30 22:15:00,0.1384933
2019-03-30 22:30:00,0.13948412
2019-03-30 22:45:00,0.1402
2019-03-30 23:00:00,0.14071389
2019-03-30 23:15:00,0.14107469
2019-03-30 23:30:00,0.23540461
2019-03-30 23:45:00,0.40144727
2019-03-31 00:00:00,0.4563652
2019-03-31 00:15:00,0.40143728
2019-03-31 00:30:00,0.23537491
2019-03-31 00:45:00,0.14107469
2019-03-31 01:00:00,0.14071389
2019-03-31 01:15:00,0.1402
2019-03-31 01:30:00,0.13948412
2019-03-31 01:45:00,0.1384933
2019-03-31 02:00:00,0.14071389
2019-03-31 02:15:00,0.1402
2019-03-31 02:30:00,0.13948412
2019-03-31 02:45:00,0.1384933
2019-03-31 03:00:00,0.13711794
2019-03-31 03:15:00,0.13518715
2019-03-31 03:30:00,0.13243367
2019-03-31 03:45:00,0.12842569
2019-03-31 04:00:00,0.12244816
2019-03-31 04:15:00,0.11328311
2019-03-31 04:30:00,0.098797984
2019-03-31 04:45:00,0.0751656
2019-03-31 05:00:00,0.035439104
2019-03-31 05:15:00,0.0
2019-03-31 05:30:00,0.0
2019-03-31 05:45:00,0.0
2019-03-31 06:00:00,0.0
2019-03-31 06:15:00,5.4371443
2019-03-31 06:30:00,9.177975
2019-03-31 06:45:00,5.964107
2019-03-31 07:00:00,0.0
2019-03-31 07:15:00,25.311893
2019-03-31 07:30:00,31.071512
2019-03-31 07:45:00,195.8849
2019-03-31 08:00:00,171.9891
2019-03-31 08:15:00,475.99796
2019-03-31 08:30:00,435.79007
2019-03-31 08:45:00,715.1203
2019-03-31 09:00:00,621.84033
2019-03-31 09:15:00,799.0689
2019-03-31 09:30:00,696.14703
2019-03-31 09:45:00,1824.0079
2019-03-31 10:00:00,1862.03
2019-03-31 10:15:00,1915.4833
2019-03-31 10:30:00,1911.7405
2019-03-31 10:45:00,1265.3892
2019-03-31 11:00:00,1278.4443
2019-03-31 11:15:00,1300.5516
2019-03-31 11:30:00,1302.5533
2019-03-31 11:45:00,1840.0238
2019-03-31 12:00:00,1830.1842
2019-03-31 12:15:00,2133.1196
2019-03-31 12:30:00,2129.9497
2019-03-31 12:45:00,2310.826
2019-03-31 13:00:00,2310.3267
2019-03-31 13:15:00,2623.831
2019-03-31 13:30:00,2629.2258
2019-03-31 13:45:00,2896.038
2019-03-31 14:00:00,2897.4568
2019-03-31 14:15:00,2900.4966
2019-03-31 14:30:00,2898.6304
2019-03-31 14:45:00,2837.5825
2019-03-31 15:00:00,2847.7083
2019-03-31 15:15:00,2727.1973
2019-03-31 15:30:00,2771.9624
2019-03-31 15:45:00,2487.273
2019-03-31 16:00:00,2555.443
2019-03-31 16:15:00,2096.163
2019-03-31 16:30:00,2177.4841
2019-03-31 16:45:00,1563.8301
2019-03-31 17:00:00,1525.7402
2019-03-31 17:15:00,1216.2686
2019-03-31 17:30:00,1200.5912
2019-03-31 17:45:00,888.992
2019-03-31 18:00:00,930.3017
2019-03-31 18:15:00,534.0277
2019-03-31 18:30:00,538.7076
2019-03-31 18:45:00,220.8789
2019-03-31 19:00:00,202.8802
2019-03-31 19:15:00,12.839231
2019-03-31 19:30:00,18.559235
2019-03-31 19:45:00,5.4371443
2019-03-31 20:00:00,0.0
2019-03-31 20:15:00,0.0
2019-03-31 20:30:00,0.0
2019-03-31 20:45:00,0.0
2019-03-31 21:00:00,0.035439104
2019-03-31 21:15:00,0.0751656
2019-03-31 21:30:00,0.098797984
2019-03-31 21:45:00,0.11328311
2019-03-31 22:00:00,0.12244816
2019-03-31 22:15:00,0.12842569
2019-03-31 22:30:00,0.13243367
2019-03-31 22:45:00,0.13518715
2019-03-31 23:00:00,0.13711794
2019-03-31 23:15:00,0.1384933
2019-03-31 23:30:00,0.13948402
2019-03-31 23:45:00,0.14020017
2019-04-01 00:00:00,0.14071389
2019-04-01 00:15:00,0.14107469
2019-04-01 00:30:00,0.23537491
2019-04-01 00:45:00,0.40143728
2019-04-01 01:00:00,0.4563652
2019-04-01 01:15:00,0.40143728
2019-04-01 01:30:00,0.23537491
2019-04-01 01:45:00,0.14107469
2019-04-01 02:00:00,0.14071389
2019-04-01 02:15:00,0.1402
2019-04-01 02:30:00,0.13948412
2019-04-01 02:45:00,0.1384933
2019-04-01 03:00:00,0.13711794
2019-04-01 03:15:00,0.13518715
2019-04-01 03:30:00,0.13243367
2019-04-01 03:45:00,0.12842569
2019-04-01 04:00:00,0.12244816
2019-04-01 04:15:00,0.11328311
2019-04-01 04:30:00,0.098797984
2019-04-01 04:45:00,0.0751656
2019-04-01 05:00:00,0.035439104
2019-04-01 05:15:00,0.0
2019-04-01 05:30:00,0.0
2019-04-01 05:45:00,0.0
2019-04-01 06:00:00,0.0
2019-04-01 06:15:00,5.4371443
2019-04-01 06:30:00,9.177975
2019-04-01 06:45:00,5.964107
2019-04-01 07:00:00,0.0
2019-04-01 07:15:00,51.30645
2019-04-01 07:30:00,62.006718
2019-04-01 07:45:00,230.87987
2019-04-01 08:00:00,209.42473
2019-04-01 08:15:00,586.5374
2019-04-01 08:30:00,567.62036
2019-04-01 08:45:00,732.3232
2019-04-01 09:00:00,639.2275
2019-04-01 09:15:00,400.12628
2019-04-01 09:30:00,373.68347
2019-04-01 09:45:00,726.26825
2019-04-01 10:00:00,703.75854
2019-04-01 10:15:00,1331.5206
2019-04-01 10:30:00,1211.247
2019-04-01 10:45:00,2140.1108
2019-04-01 11:00:00,2158.6106
2019-04-01 11:15:00,2477.0688
2019-04-01 11:30:00,2476.046
2019-04-01 11:45:00,2904.0405
2019-04-01 12:00:00,2904.52
2019-04-01 12:15:00,3055.0151
2019-04-01 12:30:00,3052.35
2019-04-01 12:45:00,3144.9546
2019-04-01 13:00:00,3144.0752
2019-04-01 13:15:00,3186.7131
2019-04-01 13:30:00,3189.1895
2019-04-01 13:45:00,3146.7708
2019-04-01 14:00:00,3149.6865
2019-04-01 14:15:00,3007.271
2019-04-01 14:30:00,3007.5222
2019-04-01 14:45:00,2848.5576
2019-04-01 15:00:00,2859.483
2019-04-01 15:15:00,2343.9756
2019-04-01 15:30:00,2339.1812
2019-04-01 15:45:00,2211.3901
2019-04-01 16:00:00,2181.3103
2019-04-01 16:15:00,1844.6824
2019-04-01 16:30:00,1760.7385
2019-04-01 16:45:00,1319.2524
2019-04-01 17:00:00,1320.4348
2019-04-01 17:15:00,918.64386
2019-04-01 17:30:00,915.6031
2019-04-01 17:45:00,594.19977
2019-04-01 18:00:00,572.8718
2019-04-01 18:15:00,344.8088
2019-04-01 18:30:00,329.34988
2019-04-01 18:45:00,158.0865
2019-04-01 19:00:00,132.1721
2019-04-01 19:15:00,12.3117075
2019-04-01 19:30:00,18.120186
2019-04-01 19:45:00,5.4371443
2019-04-01 20:00:00,0.0
2019-04-01 20:15:00,0.0
2019-04-01 20:30:00,0.0
2019-04-01 20:45:00,0.0
2019-04-01 21:00:00,0.035439104
2019-04-01 21:15:00,0.0751656
2019-04-01 21:30:00,0.098797984
2019-04-01 21:45:00,0.11328311
2019-04-01 22:00:00,0.12244816
2019-04-01 22:15:00,0.12842569
2019-04-01 22:30:00,0.13243367
2019-04-01 22:45:00,0.13518715
2019-04-01 23:00:00,0.13711794
2019-04-01 23:15:00,0.1384933
2019-04-01 23:30:00,0.13948402
2019-04-01 23:45:00,0.14020017
2019-04-02 00:00:00,0.14071389
2019-04-02 00:15:00,0.14107469
2019-04-02 00:30:00,0.23537491
2019-04-02 00:45:00,0.40143728
2019-04-02 01:00:00,0.4563652
2019-04-02 01:15:00,0.40143728
2019-04-02 01:30:00,0.23537491
2019-04-02 01:45:00,0.14107469
2019-04-02 02:00:00,0.14071389
2019-04-02 02:15:00,0.1402
2019-04-02 02:30:00,0.13948412
2019-04-02 02:45:00,0.1384933
2019-04-02 03:00:00,0.13711794
2019-04-02 03:15:00,0.13518715
2019-04-02 03:30:00,0.13243367
2019-04-02 03:45:00,0.12842569
2019-04-02 04:00:00,0.12244816
2019-04-02 04:15:00,0.11328311
2019-04-02 04:30:00,0.098797984
2019-04-02 04:45:00,0.0751656
2019-04-02 05:00:00,0.035439104
2019-04-02 05:15:00,0.0
2019-04-02 05:30:00,0.0
2019-04-02 05:45:00,0.0
2019-04-02 06:00:00,0.0
2019-04-02 06:15:00,5.4371443
2019-04-02 06:30:00,9.177975
2019-04-02 06:45:00,5.964107
2019-04-02 07:00:00,0.0
2019-04-02 07:15:00,23.476511
2019-04-02 07:30:00,28.938347
2019-04-02 07:45:00,77.45278
2019-04-02 08:00:00,63.746723
2019-04-02 08:15:00,117.08879
2019-04-02 08:30:00,112.413086
2019-04-02 08:45:00,180.28738
2019-04-02 09:00:00,162.68233
2019-04-02 09:15:00,171.01154
2019-04-02 09:30:00,204.21631
2019-04-02 09:45:00,243.2833
2019-04-02 10:00:00,277.71268
2019-04-02 10:15:00,283.86258
2019-04-02 10:30:00,301.03528
2019-04-02 10:45:00,770.48456
2019-04-02 11:00:00,775.4303
2019-04-02 11:15:00,1075.8909
2019-04-02 11:30:00,1072.0162
2019-04-02 11:45:00,951.0134
2019-04-02 12:00:00,945.1557
2019-04-02 12:15:00,630.0711
2019-04-02 12:30:00,628.64026
2019-04-02 12:45:00,730.93536
2019-04-02 13:00:00,730.43945
2019-04-02 13:15:00,823.9536
2019-04-02 13:30:00,825.8851
2019-04-02 13:45:00,1441.646
2019-04-02 14:00:00,1463.8147
2019-04-02 14:15:00,1093.5801
2019-04-02 14:30:00,1100.0256
2019-04-02 14:45:00,805.3707
2019-04-02 15:00:00,806.15015
2019-04-02 15:15:00,773.8368
2019-04-02 15:30:00,756.28906
2019-04-02 15:45:00,631.0472
2019-04-02 16:00:00,567.86926
2019-04-02 16:15:00,715.28516
2019-04-02 16:30:00,784.7217
2019-04-02 16:45:00,485.79147
2019-04-02 17:00:00,576.487
2019-04-02 17:15:00,647.2295
2019-04-02 17:30:00,702.2107
2019-04-02 17:45:00,636.31616
2019-04-02 18:00:00,600.5889
2019-04-02 18:15:00,414.57275
2019-04-02 18:30:00,369.3412
2019-04-02 18:45:00,175.10912
2019-04-02 19:00:00,151.91414
2019-04-02 19:15:00,9.130604
2019-04-02 19:30:00,13.38366
2019-04-02 19:45:00,5.4371443
2019-04-02 20:00:00,0.0
2019-04-02 20:15:00,0.0
2019-04-02 20:30:00,0.0
2019-04-02 20:45:00,0.0
2019-04-02 21:00:00,0.035439104
2019-04-02 21:15:00,0.0751656
2019-04-02 21:30:00,0.098797984
2019-04-02 21:45:00,0.11328311
2019-04-02 22:00:00,0.12244816
2019-04-02 22:15:00,0.12842569
2019-04-02 22:30:00,0.13243367
2019-04-02 22:45:00,0.13518715
2019-04-02 23:00:00,0.13711794
2019-04-02 23:15:00,0.1384933
2019-04-02 23:30:00,0.13948402
2019-04-02 23:45:00,0.14020017
2019-04-03 00:00:00,0.14071389
2019-04-03 00:15:00,0.14107469
2019-04-03 00:30:00,0.23537491
2019-04-03 00:45:00,0.40143728
2019-04-03 01:00:00,0.4563652
2019-04-03 01:15:00,0.40143728
2019-04-03 01:30:00,0.23537491
2019-04-03 01:45:00,0.14107469
2019-04-03 02:00:00,0.14071389
2019-04-03 02:15:00,0.1402
2019-04-03 02:30:00,0.13948412
2019-04-03 02:45:00,0.1384933
2019-04-03 03:00:00,0.13711794
2019-04-03 03:15:00,0.13518715
2019-04-03 03:30:00,0.13243367
2019-04-03 03:45:00,0.12842569
2019-04-03 04:00:00,0.12244816
2019-04-03 04:15:00,0.11328311
2019-04-03 04:30:00,0.098797984
2019-04-03 04:45:00,0.0751656
2019-04-03 05:00:00,0.035439104
2019-04-03 05:15:00,0.0
2019-04-03 05:30:00,0.0
2019-04-03 05:45:00,0.0
2019-04-03 06:00:00,0.0
2019-04-03 06:15:00,5.4371443
2019-04-03 06:30:00,9.177975
2019-04-03 06:45:00,6.3934045
2019-04-03 07:00:00,0.0
2019-04-03 07:15:00,49.43536
2019-04-03 07:30:00,59.737114
2019-04-03 07:45:00,187.16057
2019-04-03 08:00:00,163.05669
2019-04-03 08:15:00,278.9577
2019-04-03 08:30:00,246.89748
2019-04-03 08:45:00,212.51399
2019-04-03 09:00:00,183.81822
2019-04-03 09:15:00,101.485504
2019-04-03 09:30:00,137.06442
2019-04-03 09:45:00,218.46419
2019-04-03 10:00:00,243.73793
2019-04-03 10:15:00,329.91766
2019-04-03 10:30:00,347.44745
2019-04-03 10:45:00,397.84995
2019-04-03 11:00:00,405.30875
2019-04-03 11:15:00,577.9272
2019-04-03 11:30:00,577.94165
2019-04-03 11:45:00,696.3227
2019-04-03 12:00:00,693.3839
2019-04-03 12:15:00,1129.1007
2019-04-03 12:30:00,1124.2689
2019-04-03 12:45:00,1325.0703
2019-04-03 13:00:00,1323.7369
2019-04-03 13:15:00,1471.9816
2019-04-03 13:30:00,1482.0767
2019-04-03 13:45:00,1378.3035
2019-04-03 14:00:00,1387.186
2019-04-03 14:15:00,1135.5264
2019-04-03 14:30:00,1142.1624
2019-04-03 14:45:00,881.14404
2019-04-03 15:00:00,881.71313
2019-04-03 15:15:00,647.7165
2019-04-03 15:30:00,635.5783
2019-04-03 15:45:00,350.2208
2019-04-03 16:00:00,323.08923
2019-04-03 16:15:00,301.7189
2019-04-03 16:30:00,245.39807
2019-04-03 16:45:00,246.60297
2019-04-03 17:00:00,267.4606
2019-04-03 17:15:00,266.51038
2019-04-03 17:30:00,295.27612
2019-04-03 17:45:00,362.33008
2019-04-03 18:00:00,377.9525
2019-04-03 18:15:00,389.79495
2019-04-03 18:30:00,356.81842
2019-04-03 18:45:00,162.43529
2019-04-03 19:00:00,137.04893
2019-04-03 19:15:00,12.839231
2019-04-03 19:30:00,18.559235
2019-04-03 19:45:00,5.4371443
2019-04-03 20:00:00,0.0
2019-04-03 20:15:00,0.0
2019-04-03 20:30:00,0.0
2019-04-03 20:45:00,0.0
2019-04-03 21:00:00,0.035439104
2019-04-03 21:15:00,0.0751656
2019-04-03 21:30:00,0.098797984
2019-04-03 21:45:00,0.11328311
2019-04-03 22:00:00,0.12244816
2019-04-03 22:15:00,0.12842569
2019-04-03 22:30:00,0.13243367
2019-04-03 22:45:00,0.13518715
2019-04-03 23:00:00,0.13711794
2019-04-03 23:15:00,0.1384933
2019-04-03 23:30:00,0.13948402
2019-04-03 23:45:00,0.14020017
2019-04-04 00:00:00,0.14071389
2019-04-04 00:15:00,0.14107469
2019-04-04 00:30:00,0.23537491
2019-04-04 00:45:00,0.40143728
2019-04-04 01:00:00,0.4563652
2019-04-04 01:15:00,0.40143728
2019-04-04 01:30:00,0.23537491
2019-04-04 01:45:00,0.14107469
2019-04-04 02:00:00,0.14071389
2019-04-04 02:15:00,0.1402
2019-04-04 02:30:00,0.13948412
2019-04-04 02:45:00,0.1384933
2019-04-04 03:00:00,0.13711794
2019-04-04 03:15:00,0.13518715
2019-04-04 03:30:00,0.13243367
2019-04-04 03:45:00,0.12842569
2019-04-04 04:00:00,0.12244816
2019-04-04 04:15:00,0.11328311
2019-04-04 04:30:00,0.098797984
2019-04-04 04:45:00,0.0751656
2019-04-04 05:00:00,0.035439104
2019-04-04 05:15:00,0.0
2019-04-04 05:30:00,0.0
2019-04-04 05:45:00,0.0
2019-04-04 06:00:00,0.0
2019-04-04 06:15:00,5.4371443
2019-04-04 06:30:00,9.177975
2019-04-04 06:45:00,6.3934045
2019-04-04 07:00:00,0.0
2019-04-04 07:15:00,45.698208
2019-04-04 07:30:00,55.22314
2019-04-04 07:45:00,161.21176
2019-04-04 08:00:00,137.40703
2019-04-04 08:15:00,305.62357
2019-04-04 08:30:00,268.33575
2019-04-04 08:45:00,371.77936
2019-04-04 09:00:00,322.4953
2019-04-04 09:15:00,305.83362
2019-04-04 09:30:00,305.58466
2019-04-04 09:45:00,494.8448
2019-04-04 10:00:00,594.0292
2019-04-04 10:15:00,650.7721
2019-04-04 10:30:00,683.4773
2019-04-04 10:45:00,1689.8167
2019-04-04 11:00:00,1642.2686
2019-04-04 11:15:00,2045.5127
2019-04-04 11:30:00,2041.4027
2019-04-04 11:45:00,1589.8506
2019-04-04 12:00:00,1562.3207
2019-04-04 12:15:00,1160.2236
2019-04-04 12:30:00,1155.2235
2019-04-04 12:45:00,2794.2036
2019-04-04 13:00:00,2793.4624
2019-04-04 13:15:00,3179.774
2019-04-04 13:30:00,3182.2173
2019-04-04 13:45:00,3107.9949
2019-04-04 14:00:00,3110.2944
2019-04-04 14:15:00,2721.331
2019-04-04 14:30:00,2718.2422
2019-04-04 14:45:00,2533.3857
2019-04-04 15:00:00,2531.4185
2019-04-04 15:15:00,2507.5334
2019-04-04 15:30:00,2515.7363
2019-04-04 15:45:00,2555.7773
2019-04-04 16:00:00,2659.1692
2019-04-04 16:15:00,2136.8174
2019-04-04 16:30:00,2257.9497
2019-04-04 16:45:00,1516.2063
2019-04-04 17:00:00,1447.1101
2019-04-04 17:15:00,1185.7947
2019-04-04 17:30:00,1060.0206
2019-04-04 17:45:00,869.4214
2019-04-04 18:00:00,889.2512
2019-04-04 18:15:00,567.10394
2019-04-04 18:30:00,596.31714
2019-04-04 18:45:00,218.7338
2019-04-04 19:00:00,200.33533
2019-04-04 19:15:00,16.057705
2019-04-04 19:30:00,20.241306
2019-04-04 19:45:00,5.4371443
2019-04-04 20:00:00,0.0
2019-04-04 20:15:00,0.0
2019-04-04 20:30:00,0.0
2019-04-04 20:45:00,0.0
2019-04-04 21:00:00,0.035439104
2019-04-04 21:15:00,0.0751656
2019-04-04 21:30:00,0.098797984
2019-04-04 21:45:00,0.11328311
2019-04-04 22:00:00,0.12244816
2019-04-04 22:15:00,0.12842569
2019-04-04 22:30:00,0.13243367
2019-04-04 22:45:00,0.13518715
2019-04-04 23:00:00,0.13711794
2019-04-04 23:15:00,0.1384933
2019-04-04 23:30:00,0.13948402
2019-04-04 23:45:00,0.14020017
2019-04-05 00:00:00,0.14071389
2019-04-05 00:15:00,0.14107469
2019-04-05 00:30:00,0.23537491
2019-04-05 00:45:00,0.40143728
2019-04-05 01:00:00,0.4563652
2019-04-05 01:15:00,0.40143728
2019-04-05 01:30:00,0.23537491
2019-04-05 01:45:00,0.14107469
2019-04-05 02:00:00,0.14071389
2019-04-05 02:15:00,0.1402
2019-04-05 02:30:00,0.13948412
2019-04-05 02:45:00,0.1384933
2019-04-05 03:00:00,0.13711794
2019-04-05 03:15:00,0.13518715
2019-04-05 03:30:00,0.13243367
2019-04-05 03:45:00,0.12842569
2019-04-05 04:00:00,0.12244816
2019-04-05 04:15:00,0.11328311
2019-04-05 04:30:00,0.098797984
2019-04-05 04:45:00,0.0751656
2019-04-05 05:00:00,0.035439104
2019-04-05 05:15:00,0.0
2019-04-05 05:30:00,0.0
2019-04-05 05:45:00,0.0
2019-04-05 06:00:00,0.0
2019-04-05 06:15:00,5.4371443
2019-04-05 06:30:00,9.177975
2019-04-05 06:45:00,6.3934045
2019-04-05 07:00:00,0.0
2019-04-05 07:15:00,47.565876
2019-04-05 07:30:00,57.475834
2019-04-05 07:45:00,152.66745
2019-04-05 08:00:00,129.25906
2019-04-05 08:15:00,374.8985
2019-04-05 08:30:00,328.89856
2019-04-05 08:45:00,490.37415
2019-04-05 09:00:00,422.3589
2019-04-05 09:15:00,799.0689
2019-04-05 09:30:00,696.14703
2019-04-05 09:45:00,1530.1904
2019-04-05 10:00:00,1441.529
2019-04-05 10:15:00,1862.3359
2019-04-05 10:30:00,1844.4897
2019-04-05 10:45:00,2112.7222
2019-04-05 11:00:00,2131.5576
2019-04-05 11:15:00,2361.8677
2019-04-05 11:30:00,2354.585
2019-04-05 11:45:00,2854.546
2019-04-05 12:00:00,2855.185
2019-04-05 12:15:00,2578.2375
2019-04-05 12:30:00,2568.316
2019-04-05 12:45:00,1715.0364
2019-04-05 13:00:00,1711.0269
2019-04-05 13:15:00,2127.7417
2019-04-05 13:30:00,2129.9497
2019-04-05 13:45:00,2226.511
2019-04-05 14:00:00,2227.828
2019-04-05 14:15:00,2509.5977
2019-04-05 14:30:00,2513.8333
2019-04-05 14:45:00,1953.5508
2019-04-05 15:00:00,1963.7289
2019-04-05 15:15:00,2013.2146
2019-04-05 15:30:00,2004.7318
2019-04-05 15:45:00,1733.9604
2019-04-05 16:00:00,1766.264
2019-04-05 16:15:00,1656.0701
2019-04-05 16:30:00,1658.5682
2019-04-05 16:45:00,1524.3159
2019-04-05 17:00:00,1462.0657
2019-04-05 17:15:00,1181.3049
2019-04-05 17:30:00,1073.3511
2019-04-05 17:45:00,830.26917
2019-04-05 18:00:00,777.9965
2019-04-05 18:15:00,467.72043
2019-04-05 18:30:00,424.35944
2019-04-05 18:45:00,181.61115
2019-04-05 19:00:00,159.4718
2019-04-05 19:15:00,14.375406
2019-04-05 19:30:00,19.415747
2019-04-05 19:45:00,5.4371443
2019-04-05 20:00:00,0.0
2019-04-05 20:15:00,0.0
2019-04-05 20:30:00,0.0
2019-04-05 20:45:00,0.0
2019-04-05 21:00:00,0.035439104
2019-04-05 21:15:00,0.0751656
2019-04-05 21:30:00,0.098797984
2019-04-05 21:45:00,0.11328311
2019-04-05 22:00:00,0.12244816
2019-04-05 22:15:00,0.12842569
2019-04-05 22:30:00,0.13243367
2019-04-05 22:45:00,0.13518715
2019-04-05 23:00:00,0.13711794
2019-04-05 23:15:00,0.1384933
2019-04-05 23:30:00,0.13948402
2019-04-05 23:45:00,0.14020017
2019-04-06 00:00:00,0.14071389
2019-04-06 00:15:00,0.14107469
2019-04-06 00:30:00,0.23537491
2019-04-06 00:45:00,0.40143728
2019-04-06 01:00:00,0.4563652
2019-04-06 01:15:00,0.40143728
2019-04-06 01:30:00,0.23537491
2019-04-06 01:45:00,0.14107469
2019-04-06 02:00:00,0.14071389
2019-04-06 02:15:00,0.1402
2019-04-06 02:30:00,0.13948412
2019-04-06 02:45:00,0.1384933
2019-04-06 03:00:00,0.13711794
2019-04-06 03:15:00,0.13518715
2019-04-06 03:30:00,0.13243367
2019-04-06 03:45:00,0.12842569
2019-04-06 04:00:00,0.12244816
2019-04-06 04:15:00,0.11328311
2019-04-06 04:30:00,0.098797984
2019-04-06 04:45:00,0.0751656
2019-04-06 05:00:00,0.035439104
2019-04-06 05:15:00,0.0
2019-04-06 05:30:00,0.0
2019-04-06 05:45:00,0.0
2019-04-06 06:00:00,0.0
2019-04-06 06:15:00,5.4371443
2019-04-06 06:30:00,9.177975
2019-04-06 06:45:00,6.8128977
2019-04-06 07:00:00,0.0
2019-04-06 07:15:00,53.179234
2019-04-06 07:30:00,64.28446
2019-04-06 07:45:00,178.46825
2019-04-06 08:00:00,154.31119
2019-04-06 08:15:00,349.87726
2019-04-06 08:30:00,306.08154
2019-04-06 08:45:00,567.3647
2019-04-06 09:00:00,484.01202
2019-04-06 09:15:00,1447.5559
2019-04-06 09:30:00,1412.9451
2019-04-06 09:45:00,678.57275
2019-04-06 10:00:00,676.0139
2019-04-06 10:15:00,590.5432
2019-04-06 10:30:00,616.50555
2019-04-06 10:45:00,574.2565
2019-04-06 11:00:00,579.25995
2019-04-06 11:15:00,915.85345
2019-04-06 11:30:00,911.6642
2019-04-06 11:45:00,947.55383
2019-04-06 12:00:00,941.7241
2019-04-06 12:15:00,1499.0645
2019-04-06 12:30:00,1482.0767
2019-04-06 12:45:00,1599.0244
2019-04-06 13:00:00,1595.1609
2019-04-06 13:15:00,1842.5778
2019-04-06 13:30:00,1851.6333
2019-04-06 13:45:00,1707.1191
2019-04-06 14:00:00,1729.1575
2019-04-06 14:15:00,2049.6963
2019-04-06 14:30:00,2055.0732
2019-04-06 14:45:00,1997.0242
2019-04-06 15:00:00,2002.3535
2019-04-06 15:15:00,1993.7455
2019-04-06 15:30:00,1988.7399
2019-04-06 15:45:00,1629.3694
2019-04-06 16:00:00,1686.1274
2019-04-06 16:15:00,1155.9692
2019-04-06 16:30:00,1296.7067
2019-04-06 16:45:00,1319.2524
2019-04-06 17:00:00,1320.4348
2019-04-06 17:15:00,1176.4824
2019-04-06 17:30:00,1004.10834
2019-04-06 17:45:00,758.478
2019-04-06 18:00:00,667.02075
2019-04-06 18:15:00,439.79395
2019-04-06 18:30:00,391.7189
2019-04-06 18:45:00,189.00117
2019-04-06 19:00:00,167.09354
2019-04-06 19:15:00,20.54082
2019-04-06 19:30:00,21.032385
2019-04-06 19:45:00,5.4371443
2019-04-06 20:00:00,0.0
2019-04-06 20:15:00,0.0
2019-04-06 20:30:00,0.0
2019-04-06 20:45:00,0.0
2019-04-06 21:00:00,0.035439104
2019-04-06 21:15:00,0.0751656
2019-04-06 21:30:00,0.098797984
2019-04-06 21:45:00,0.11328311
2019-04-06 22:00:00,0.12244816
2019-04-06 22:15:00,0.12842569
2019-04-06 22:30:00,0.13243367
2019-04-06 22:45:00,0.13518715
2019-04-06 23:00:00,0.13711794
2019-04-06 23:15:00,0.1384933
2019-04-06 23:30:00,0.13948402
2019-04-06 23:45:00,0.14020017
2019-04-07 00:00:00,0.14071389
2019-04-07 00:15:00,0.14107469
2019-04-07 00:30:00,0.23537491
2019-04-07 00:45:00,0.40143728
2019-04-07 01:00:00,0.4563652
2019-04-07 01:15:00,0.40143728
2019-04-07 01:30:00,0.23537491
2019-04-07 01:45:00,0.14107469
2019-04-07 02:00:00,0.14071389
2019-04-07 02:15:00,0.1402
2019-04-07 02:30:00,0.13948412
2019-04-07 02:45:00,0.1384933
2019-04-07 03:00:00,0.13711794
2019-04-07 03:15:00,0.13518715
2019-04-07 03:30:00,0.13243367
2019-04-07 03:45:00,0.12842569
2019-04-07 04:00:00,0.12244816
2019-04-07 04:15:00,0.11328311
2019-04-07 04:30:00,0.098797984
2019-04-07 04:45:00,0.0751656
2019-04-07 05:00:00,0.035439104
2019-04-07 05:15:00,0.0
2019-04-07 05:30:00,0.0
2019-04-07 05:45:00,0.0
2019-04-07 06:00:00,0.0
2019-04-07 06:15:00,5.4371443
2019-04-07 06:30:00,9.177975
2019-04-07 06:45:00,6.8128977
2019-04-07 07:00:00,0.0
2019-04-07 07:15:00,77.76538
2019-04-07 07:30:00,89.82667
2019-04-07 07:45:00,313.18335
2019-04-07 08:00:00,293.56058
2019-04-07 08:15:00,664.81384
2019-04-07 08:30:00,664.682
2019-04-07 08:45:00,939.47284
2019-04-07 09:00:00,827.06396
2019-04-07 09:15:00,643.0304
2019-04-07 09:30:00,545.63513
2019-04-07 09:45:00,1656.0701
2019-04-07 10:00:00,1610.2153
2019-04-07 10:15:00,2021.9451
2019-04-07 10:30:00,2047.279
2019-04-07 10:45:00,2036.1936
2019-04-07 11:00:00,2042.4492
2019-04-07 11:15:00,1723.5223
2019-04-07 11:30:00,1716.1238
2019-04-07 11:45:00,2001.0955
2019-04-07 12:00:00,1993.998
2019-04-07 12:15:00,2515.855
2019-04-07 12:30:00,2504.0688
2019-04-07 12:45:00,2794.2036
2019-04-07 13:00:00,2793.4624
2019-04-07 13:15:00,2711.4932
2019-04-07 13:30:00,2714.2935
2019-04-07 13:45:00,2586.7915
2019-04-07 14:00:00,2594.7812
2019-04-07 14:15:00,2521.7598
2019-04-07 14:30:00,2524.8604
2019-04-07 14:45:00,3059.1562
2019-04-07 15:00:00,3098.439
2019-04-07 15:15:00,2768.4155
2019-04-07 15:30:00,2825.3677
2019-04-07 15:45:00,2477.8848
2019-04-07 16:00:00,2540.151
2019-04-07 16:15:00,1971.3982
2019-04-07 16:30:00,1946.8945
2019-04-07 16:45:00,1605.2623
2019-04-07 17:00:00,1602.8718
2019-04-07 17:15:00,1215.6873
2019-04-07 17:30:00,1003.7257
2019-04-07 17:45:00,838.9942
2019-04-07 18:00:00,808.98553
2019-04-07 18:15:00,569.62524
2019-04-07 18:30:00,600.17957
2019-04-07 18:45:00,239.74779
2019-04-07 19:00:00,225.62364
2019-04-07 19:15:00,24.988297
2019-04-07 19:30:00,21.78439
2019-04-07 19:45:00,5.4371443
2019-04-07 20:00:00,0.0
2019-04-07 20:15:00,0.0
2019-04-07 20:30:00,0.0
2019-04-07 20:45:00,0.0
2019-04-07 21:00:00,0.035439104
2019-04-07 21:15:00,0.0751656
2019-04-07 21:30:00,0.098797984
2019-04-07 21:45:00,0.11328311
2019-04-07 22:00:00,0.12244816
2019-04-07 22:15:00,0.12842569
2019-04-07 22:30:00,0.13243367
2019-04-07 22:45:00,0.13518715
2019-04-07 23:00:00,0.13711794
2019-04-07 23:15:00,0.1384933
2019-04-07 23:30:00,0.13948402
2019-04-07 23:45:00,0.14020017
2019-04-08 00:00:00,0.14071389
2019-04-08 00:15:00,0.14107469
2019-04-08 00:30:00,0.23537491
2019-04-08 00:45:00,0.40143728
2019-04-08 01:00:00,0.4563652
2019-04-08 01:15:00,0.40143728
2019-04-08 01:30:00,0.23537491
2019-04-08 01:45:00,0.14107469
2019-04-08 02:00:00,0.14071389
2019-04-08 02:15:00,0.1402
2019-04-08 02:30:00,0.13948412
2019-04-08 02:45:00,0.1384933
2019-04-08 03:00:00,0.13711794
2019-04-08 03:15:00,0.13518715
2019-04-08 03:30:00,0.13243367
2019-04-08 03:45:00,0.12842569
2019-04-08 04:00:00,0.12244816
2019-04-08 04:15:00,0.11328311
2019-04-08 04:30:00,0.098797984
2019-04-08 04:45:00,0.0751656
2019-04-08 05:00:00,0.035439104
2019-04-08 05:15:00,0.0
2019-04-08 05:30:00,0.0
2019-04-08 05:45:00,0.0
2019-04-08 06:00:00,0.0
2019-04-08 06:15:00,5.4371443
2019-04-08 06:30:00,9.177975
2019-04-08 06:45:00,6.3934045
2019-04-08 07:00:00,0.0
2019-04-08 07:15:00,47.565876
2019-04-08 07:30:00,57.475834
2019-04-08 07:45:00,149.83426
2019-04-08 08:00:00,126.58917
2019-04-08 08:15:00,383.32782
2019-04-08 08:30:00,336.86673
2019-04-08 08:45:00,1139.5685
2019-04-08 09:00:00,1121.7517
2019-04-08 09:15:00,1504.7109
2019-04-08 09:30:00,1707.711
2019-04-08 09:45:00,1885.4666
2019-04-08 10:00:00,1967.9083
2019-04-08 10:15:00,2100.4312
2019-04-08 10:30:00,2121.13
2019-04-08 10:45:00,2140.1108
2019-04-08 11:00:00,2158.6106
2019-04-08 11:15:00,2239.993
2019-04-08 11:30:00,2251.2903
2019-04-08 11:45:00,2273.0542
2019-04-08 12:00:00,2273.6057
2019-04-08 12:15:00,2215.1345
2019-04-08 12:30:00,2213.4536
2019-04-08 12:45:00,2411.5002
2019-04-08 13:00:00,2410.0713
2019-04-08 13:15:00,2867.5173
2019-04-08 13:30:00,2869.3354
2019-04-08 13:45:00,2966.5845
2019-04-08 14:00:00,2968.2056
2019-04-08 14:15:00,3014.4321
2019-04-08 14:30:00,3014.9277
2019-04-08 14:45:00,2915.2017
2019-04-08 15:00:00,2932.8325
2019-04-08 15:15:00,2682.7583
2019-04-08 15:30:00,2717.1108
2019-04-08 15:45:00,2355.358
2019-04-08 16:00:00,2361.0986
2019-04-08 16:15:00,2086.5664
2019-04-08 16:30:00,2157.3862
2019-04-08 16:45:00,1653.7988
2019-04-08 17:00:00,1720.1394
2019-04-08 17:15:00,1235.1794
2019-04-08 17:30:00,1251.3652
2019-04-08 17:45:00,818.37384
2019-04-08 18:00:00,733.603
2019-04-08 18:15:00,459.2694
2019-04-08 18:30:00,412.92972
2019-04-08 18:45:00,179.19376
2019-04-08 19:00:00,156.94449
2019-04-08 19:15:00,12.3117075
2019-04-08 19:30:00,18.120186
2019-04-08 19:45:00,5.4371443
2019-04-08 20:00:00,0.0
2019-04-08 20:15:00,0.0
2019-04-08 20:30:00,0.0
2019-04-08 20:45:00,0.0
2019-04-08 21:00:00,0.035439104
2019-04-08 21:15:00,0.0751656
2019-04-08 21:30:00,0.098797984
2019-04-08 21:45:00,0.11328311
2019-04-08 22:00:00,0.12244816
2019-04-08 22:15:00,0.12842569
2019-04-08 22:30:00,0.13243367
2019-04-08 22:45:00,0.13518715
2019-04-08 23:00:00,0.13711794
2019-04-08 23:15:00,0.1384933
2019-04-08 23:30:00,0.13948402
2019-04-08 23:45:00,0.14020017
2019-04-09 00:00:00,0.14071389
2019-04-09 00:15:00,0.14107469
2019-04-09 00:30:00,0.23537491
2019-04-09 00:45:00,0.40143728
2019-04-09 01:00:00,0.4563652
2019-04-09 01:15:00,0.40143728
2019-04-09 01:30:00,0.23537491
2019-04-09 01:45:00,0.14107469
2019-04-09 02:00:00,0.14071389
2019-04-09 02:15:00,0.1402
2019-04-09 02:30:00,0.13948412
2019-04-09 02:45:00,0.1384933
2019-04-09 03:00:00,0.13711794
2019-04-09 03:15:00,0.13518715
2019-04-09 03:30:00,0.13243367
2019-04-09 03:45:00,0.12842569
2019-04-09 04:00:00,0.12244816
2019-04-09 04:15:00,0.11328311
2019-04-09 04:30:00,0.098797984
2019-04-09 04:45:00,0.0751656
2019-04-09 05:00:00,0.035439104
2019-04-09 05:15:00,0.0
2019-04-09 05:30:00,0.0
2019-04-09 05:45:00,0.0
2019-04-09 06:00:00,0.0
2019-04-09 06:15:00,5.4371443
2019-04-09 06:30:00,9.177975
2019-04-09 06:45:00,6.3934045
2019-04-09 07:00:00,0.0
2019-04-09 07:15:00,90.182
2019-04-09 07:30:00,101.66635
2019-04-09 07:45:00,399.31323
2019-04-09 08:00:00,389.44653
2019-04-09 08:15:00,787.7011
2019-04-09 08:30:00,859.9742
2019-04-09 08:45:00,1195.3325
2019-04-09 09:00:00,1373.8275
2019-04-09 09:15:00,1519.2163
2019-04-09 09:30:00,1700.6478
2019-04-09 09:45:00,1824.0079
2019-04-09 10:00:00,1862.03
2019-04-09 10:15:00,2003.6138
2019-04-09 10:30:00,2023.802
2019-04-09 10:45:00,2228.1675
2019-04-09 11:00:00,2226.7808
2019-04-09 11:15:00,2466.3452
2019-04-09 11:30:00,2464.3674
2019-04-09 11:45:00,2394.348
2019-04-09 12:00:00,2386.3896
2019-04-09 12:15:00,2228.7563
2019-04-09 12:30:00,2227.2153
2019-04-09 12:45:00,2079.851
2019-04-09 13:00:00,2078.8413
2019-04-09 13:15:00,2200.2773
2019-04-09 13:30:00,2201.631
2019-04-09 13:45:00,2556.379
2019-04-09 14:00:00,2566.7278
2019-04-09 14:15:00,2501.3784
2019-04-09 14:30:00,2506.4082
2019-04-09 14:45:00,2257.9927
2019-04-09 15:00:00,2253.7476
2019-04-09 15:15:00,2265.3582
2019-04-09 15:30:00,2261.5742
2019-04-09 15:45:00,1978.4043
2019-04-09 16:00:00,1933.5425
2019-04-09 16:15:00,1815.9176
2019-04-09 16:30:00,1675.3088
2019-04-09 16:45:00,1484.8938
2019-04-09 17:00:00,1388.2715
2019-04-09 17:15:00,1111.1633
2019-04-09 17:30:00,1003.2555
2019-04-09 17:45:00,722.2909
2019-04-09 18:00:00,649.02594
2019-04-09 18:15:00,363.20016
2019-04-09 18:30:00,342.20444
2019-04-09 18:45:00,168.84637
2019-04-09 19:00:00,144.4373
2019-04-09 19:15:00,24.988297
2019-04-09 19:30:00,21.78439
2019-04-09 19:45:00,5.4371443
2019-04-09 20:00:00,0.0
2019-04-09 20:15:00,0.0
2019-04-09 20:30:00,0.0
2019-04-09 20:45:00,0.0
2019-04-09 21:00:00,0.035439104
2019-04-09 21:15:00,0.0751656
2019-04-09 21:30:00,0.098797984
2019-04-09 21:45:00,0.11328311
2019-04-09 22:00:00,0.12244816
2019-04-09 22:15:00,0.12842569
2019-04-09 22:30:00,0.13243367
2019-04-09 22:45:00,0.13518715
2019-04-09 23:00:00,0.13711794
2019-04-09 23:15:00,0.1384933
2019-04-09 23:30:00,0.13948402
2019-04-09 23:45:00,0.14020017
2019-04-10 00:00:00,0.14071389
2019-04-10 00:15:00,0.14107469
2019-04-10 00:30:00,0.23537491
2019-04-10 00:45:00,0.40143728
2019-04-10 01:00:00,0.4563652
2019-04-10 01:15:00,0.40143728
2019-04-10 01:30:00,0.23537491
2019-04-10 01:45:00,0.14107469
2019-04-10 02:00:00,0.14071389
2019-04-10 02:15:00,0.1402
2019-04-10 02:30:00,0.13948412
2019-04-10 02:45:00,0.1384933
2019-04-10 03:00:00,0.13711794
2019-04-10 03:15:00,0.13518715
2019-04-10 03:30:00,0.13243367
2019-04-10 03:45:00,0.12842569
2019-04-10 04:00:00,0.12244816
2019-04-10 04:15:00,0.11328311
2019-04-10 04:30:00,0.098797984
2019-04-10 04:45:00,0.0751656
2019-04-10 05:00:00,0.035439104
2019-04-10 05:15:00,0.0
2019-04-10 05:30:00,0.0
2019-04-10 05:45:00,0.0
2019-04-10 06:00:00,0.0
2019-04-10 06:15:00,5.4371443
2019-04-10 06:30:00,9.177975
2019-04-10 06:45:00,7.2227116
2019-04-10 07:00:00,0.0
2019-04-10 07:15:00,107.25642
2019-04-10 07:30:00,118.39502
2019-04-10 07:45:00,363.20016
2019-04-10 08:00:00,348.57837
2019-04-10 08:15:00,731.9142
2019-04-10 08:30:00,751.14514
2019-04-10 08:45:00,1204.4617
2019-04-10 09:00:00,1360.8025
2019-04-10 09:15:00,1520.8801
2019-04-10 09:30:00,1680.5485
2019-04-10 09:45:00,1870.4604
2019-04-10 10:00:00,1957.2577
2019-04-10 10:15:00,2069.0176
2019-04-10 10:30:00,2093.4375
2019-04-10 10:45:00,2124.0803
2019-04-10 11:00:00,2143.4263
2019-04-10 11:15:00,2078.9612
2019-04-10 11:30:00,2077.7202
2019-04-10 11:45:00,1820.1047
2019-04-10 12:00:00,1809.0713
2019-04-10 12:15:00,1756.8801
2019-04-10 12:30:00,1739.3346
2019-04-10 12:45:00,1391.9905
2019-04-10 13:00:00,1390.5166
2019-04-10 13:15:00,1186.4432
2019-04-10 13:30:00,1189.6847
2019-04-10 13:45:00,1032.5765
2019-04-10 14:00:00,1038.2822
2019-04-10 14:15:00,1156.5615
2019-04-10 14:30:00,1163.3129
2019-04-10 14:45:00,1274.0188
2019-04-10 15:00:00,1245.9908
2019-04-10 15:15:00,1035.6049
2019-04-10 15:30:00,962.201
2019-04-10 15:45:00,937.91675
2019-04-10 16:00:00,987.8536
2019-04-10 16:15:00,1629.9834
2019-04-10 16:30:00,1641.2205
2019-04-10 16:45:00,1375.4717
2019-04-10 17:00:00,1350.0712
2019-04-10 17:15:00,991.2627
2019-04-10 17:30:00,954.8278
2019-04-10 17:45:00,701.9513
2019-04-10 18:00:00,638.54694
2019-04-10 18:15:00,434.46146
2019-04-10 18:30:00,386.66327
2019-04-10 18:45:00,212.19252
2019-04-10 19:00:00,192.6808
2019-04-10 19:15:00,35.962425
2019-04-10 19:30:00,23.448814
2019-04-10 19:45:00,5.4371443
2019-04-10 20:00:00,0.0
2019-04-10 20:15:00,0.0
2019-04-10 20:30:00,0.0
2019-04-10 20:45:00,0.0
2019-04-10 21:00:00,0.035439104
2019-04-10 21:15:00,0.0751656
2019-04-10 21:30:00,0.098797984
2019-04-10 21:45:00,0.11328311
2019-04-10 22:00:00,0.12244816
2019-04-10 22:15:00,0.12842569
2019-04-10 22:30:00,0.13243367
2019-04-10 22:45:00,0.13518715
2019-04-10 23:00:00,0.13711794
2019-04-10 23:15:00,0.1384933
2019-04-10 23:30:00,0.13948402
2019-04-10 23:45:00,0.14020017
2019-04-11 00:00:00,0.14071389
2019-04-11 00:15:00,0.14107469
2019-04-11 00:30:00,0.23537491
2019-04-11 00:45:00,0.40143728
2019-04-11 01:00:00,0.4563652
2019-04-11 01:15:00,0.40143728
2019-04-11 01:30:00,0.23537491
2019-04-11 01:45:00,0.14107469
2019-04-11 02:00:00,0.14071389
2019-04-11 02:15:00,0.1402
2019-04-11 02:30:00,0.13948412
2019-04-11 02:45:00,0.1384933
2019-04-11 03:00:00,0.13711794
2019-04-11 03:15:00,0.13518715
2019-04-11 03:30:00,0.13243367
2019-04-11 03:45:00,0.12842569
2019-04-11 04:00:00,0.12244816
2019-04-11 04:15:00,0.11328311
2019-04-11 04:30:00,0.098797984
2019-04-11 04:45:00,0.0751656
2019-04-11 05:00:00,0.035439104
2019-04-11 05:15:00,0.0
2019-04-11 05:30:00,0.0
2019-04-11 05:45:00,0.0
2019-04-11 06:00:00,0.0
2019-04-11 06:15:00,5.4371443
2019-04-11 06:30:00,9.177975
2019-04-11 06:45:00,7.6229334
2019-04-11 07:00:00,0.0
2019-04-11 07:15:00,119.2145
2019-04-11 07:30:00,130.40768
2019-04-11 07:45:00,420.43896
2019-04-11 08:00:00,415.60034
2019-04-11 08:15:00,741.16284
2019-04-11 08:30:00,768.1703
2019-04-11 08:45:00,1164.1948
2019-04-11 09:00:00,1166.9651
2019-04-11 09:15:00,1541.4243
2019-04-11 09:30:00,1567.3506
2019-04-11 09:45:00,1823.0983
2019-04-11 10:00:00,1900.606
2019-04-11 10:15:00,2000.488
2019-04-11 10:30:00,2019.6929
2019-04-11 10:45:00,2129.9292
2019-04-11 11:00:00,2149.187
2019-04-11 11:15:00,2194.3113
2019-04-11 11:30:00,2203.0366
2019-04-11 11:45:00,1972.6321
2019-04-11 12:00:00,1965.2166
2019-04-11 12:15:00,2124.3257
2019-04-11 12:30:00,2120.973
2019-04-11 12:45:00,2338.089
2019-04-11 13:00:00,2337.44
2019-04-11 13:15:00,2340.4556
2019-04-11 13:30:00,2342.367
2019-04-11 13:45:00,2412.499
2019-04-11 14:00:00,2422.0164
2019-04-11 14:15:00,2323.5034
2019-04-11 14:30:00,2322.097
2019-04-11 14:45:00,2426.2778
2019-04-11 15:00:00,2427.1843
2019-04-11 15:15:00,2116.4756
2019-04-11 15:30:00,2099.8792
2019-04-11 15:45:00,2355.358
2019-04-11 16:00:00,2361.0986
2019-04-11 16:15:00,2327.1118
2019-04-11 16:30:00,2588.8523
2019-04-11 16:45:00,1827.9895
2019-04-11 17:00:00,2132.1108
2019-04-11 17:15:00,1378.1584
2019-04-11 17:30:00,1639.1313
2019-04-11 17:45:00,946.39453
2019-04-11 18:00:00,1040.5656
2019-04-11 18:15:00,613.72723
2019-04-11 18:30:00,666.2208
2019-04-11 18:45:00,266.02234
2019-04-11 19:00:00,260.81647
2019-04-11 19:15:00,31.596704
2019-04-11 19:30:00,22.82535
2019-04-11 19:45:00,5.4371443
2019-04-11 20:00:00,0.0
2019-04-11 20:15:00,0.0
2019-04-11 20:30:00,0.0
2019-04-11 20:45:00,0.0
2019-04-11 21:00:00,0.035439104
2019-04-11 21:15:00,0.0751656
2019-04-11 21:30:00,0.098797984
2019-04-11 21:45:00,0.11328311
2019-04-11 22:00:00,0.12244816
2019-04-11 22:15:00,0.12842569
2019-04-11 22:30:00,0.13243367
2019-04-11 22:45:00,0.13518715
2019-04-11 23:00:00,0.13711794
2019-04-11 23:15:00,0.1384933
2019-04-11 23:30:00,0.13948402
2019-04-11 23:45:00,0.14020017
2019-04-12 00:00:00,0.14071389
2019-04-12 00:15:00,0.14107469
2019-04-12 00:30:00,0.23537491
2019-04-12 00:45:00,0.40143728
2019-04-12 01:00:00,0.4563652
2019-04-12 01:15:00,0.40143728
2019-04-12 01:30:00,0.23537491
2019-04-12 01:45:00,0.14107469
2019-04-12 02:00:00,0.14071389
2019-04-12 02:15:00,0.1402
2019-04-12 02:30:00,0.13948412
2019-04-12 02:45:00,0.1384933
2019-04-12 03:00:00,0.13711794
2019-04-12 03:15:00,0.13518715
2019-04-12 03:30:00,0.13243367
2019-04-12 03:45:00,0.12842569
2019-04-12 04:00:00,0.12244816
2019-04-12 04:15:00,0.11328311
2019-04-12 04:30:00,0.098797984
2019-04-12 04:45:00,0.0751656
2019-04-12 05:00:00,0.035439104
2019-04-12 05:15:00,0.0
2019-04-12 05:30:00,0.0
2019-04-12 05:45:00,0.0
2019-04-12 06:00:00,0.0
2019-04-12 06:15:00,5.4371443
2019-04-12 06:30:00,9.177975
2019-04-12 06:45:00,8.013685
2019-04-12 07:00:00,0.0
2019-04-12 07:15:00,142.45598
2019-04-12 07:30:00,156.9055
2019-04-12 07:45:00,457.01334
2019-04-12 08:00:00,466.3598
2019-04-12 08:15:00,799.1568
2019-04-12 08:30:00,886.78754
2019-04-12 08:45:00,1179.7675
2019-04-12 09:00:00,1388.2041
2019-04-12 09:15:00,1542.3965
2019-04-12 09:30:00,1664.3007
2019-04-12 09:45:00,1880.3235
2019-04-12 10:00:00,1964.1533
2019-04-12 10:15:00,2084.203
2019-04-12 10:30:00,2106.623
2019-04-12 10:45:00,2178.792
2019-04-12 11:00:00,2189.1472
2019-04-12 11:15:00,2297.1328
2019-04-12 11:30:00,2300.2898
2019-04-12 11:45:00,2262.2812
2019-04-12 12:00:00,2262.7725
2019-04-12 12:15:00,1863.8472
2019-04-12 12:30:00,1851.6333
2019-04-12 12:45:00,1624.8596
2019-04-12 13:00:00,1620.9219
2019-04-12 13:15:00,1434.9105
2019-04-12 13:30:00,1444.4927
2019-04-12 13:45:00,1296.4066
2019-04-12 14:00:00,1304.3483
2019-04-12 14:15:00,1647.0402
2019-04-12 14:30:00,1660.8004
2019-04-12 14:45:00,2111.5842
2019-04-12 15:00:00,2103.749
2019-04-12 15:15:00,2041.0096
2019-04-12 15:30:00,2027.8463
2019-04-12 15:45:00,2000.4878
2019-04-12 16:00:00,1944.9241
2019-04-12 16:15:00,1826.1941
2019-04-12 16:30:00,1660.202
2019-04-12 16:45:00,1544.8127
2019-04-12 17:00:00,1354.3071
2019-04-12 17:15:00,1179.4885
2019-04-12 17:30:00,1087.5277
2019-04-12 17:45:00,894.3111
2019-04-12 18:00:00,940.6308
2019-04-12 18:15:00,585.79114
2019-04-12 18:30:00,624.0304
2019-04-12 18:45:00,270.7899
2019-04-12 19:00:00,267.4084
2019-04-12 19:15:00,40.297356
2019-04-12 19:30:00,24.00241
2019-04-12 19:45:00,5.4371443
2019-04-12 20:00:00,0.0
2019-04-12 20:15:00,0.0
2019-04-12 20:30:00,0.0
2019-04-12 20:45:00,0.0
2019-04-12 21:00:00,0.035439104
2019-04-12 21:15:00,0.0751656
2019-04-12 21:30:00,0.098797984
2019-04-12 21:45:00,0.11328311
2019-04-12 22:00:00,0.12244816
2019-04-12 22:15:00,0.12842569
2019-04-12 22:30:00,0.13243367
2019-04-12 22:45:00,0.13518715
2019-04-12 23:00:00,0.13711794
2019-04-12 23:15:00,0.1384933
2019-04-12 23:30:00,0.13948402
2019-04-12 23:45:00,0.14020017
2019-04-13 00:00:00,0.14071389
2019-04-13 00:15:00,0.14107469
2019-04-13 00:30:00,0.23537491
2019-04-13 00:45:00,0.40143728
2019-04-13 01:00:00,0.4563652
2019-04-13 01:15:00,0.40143728
2019-04-13 01:30:00,0.23537491
2019-04-13 01:45:00,0.14107469
2019-04-13 02:00:00,0.14071389
2019-04-13 02:15:00,0.1402
2019-04-13 02:30:00,0.13948412
2019-04-13 02:45:00,0.1384933
2019-04-13 03:00:00,0.13711794
2019-04-13 03:15:00,0.13518715
2019-04-13 03:30:00,0.13243367
2019-04-13 03:45:00,0.12842569
2019-04-13 04:00:00,0.12244816
2019-04-13 04:15:00,0.11328311
2019-04-13 04:30:00,0.098797984
2019-04-13 04:45:00,0.0751656
2019-04-13 05:00:00,0.035439104
2019-04-13 05:15:00,0.0
2019-04-13 05:30:00,0.0
2019-04-13 05:45:00,0.0
2019-04-13 06:00:00,0.0
2019-04-13 06:15:00,5.4371443
2019-04-13 06:30:00,9.177975
2019-04-13 06:45:00,7.6229334
2019-04-13 07:00:00,0.0
2019-04-13 07:15:00,133.2757
2019-04-13 07:30:00,144.84001
2019-04-13 07:45:00,444.95255
2019-04-13 08:00:00,447.68643
2019-04-13 08:15:00,814.371
2019-04-13 08:30:00,930.78687
2019-04-13 08:45:00,1179.6244
2019-04-13 09:00:00,1388.8748
2019-04-13 09:15:00,1538.0503
2019-04-13 09:30:00,1666.4963
2019-04-13 09:45:00,1947.4473
2019-04-13 10:00:00,2017.0815
2019-04-13 10:15:00,2363.5596
2019-04-13 10:30:00,2367.279
2019-04-13 10:45:00,2666.8152
2019-04-13 11:00:00,2655.6338
2019-04-13 11:15:00,2896.5366
2019-04-13 11:30:00,2895.0479
2019-04-13 11:45:00,3072.0981
2019-04-13 12:00:00,3071.1328
2019-04-13 12:15:00,2963.0493
2019-04-13 12:30:00,2960.5708
2019-04-13 12:45:00,2748.079
2019-04-13 13:00:00,2747.1875
2019-04-13 13:15:00,2815.2139
2019-04-13 13:30:00,2817.016
2019-04-13 13:45:00,2681.1353
2019-04-13 14:00:00,2683.5903
2019-04-13 14:15:00,2194.1384
2019-04-13 14:30:00,2192.082
2019-04-13 14:45:00,1688.0396
2019-04-13 15:00:00,1712.9026
2019-04-13 15:15:00,1844.1619
2019-04-13 15:30:00,1867.2743
2019-04-13 15:45:00,1952.6445
2019-04-13 16:00:00,1923.1575
2019-04-13 16:15:00,1743.5908
2019-04-13 16:30:00,1704.6827
2019-04-13 16:45:00,1561.0603
2019-04-13 17:00:00,1358.4382
2019-04-13 17:15:00,1189.8687
2019-04-13 17:30:00,1002.0021
2019-04-13 17:45:00,705.44196
2019-04-13 18:00:00,640.3926
2019-04-13 18:15:00,411.5843
2019-04-13 18:30:00,367.57898
2019-04-13 18:45:00,193.8191
2019-04-13 19:00:00,172.19966
2019-04-13 19:15:00,35.962425
2019-04-13 19:30:00,23.448814
2019-04-13 19:45:00,5.4371443
2019-04-13 20:00:00,0.0
2019-04-13 20:15:00,0.0
2019-04-13 20:30:00,0.0
2019-04-13 20:45:00,0.0
2019-04-13 21:00:00,0.035439104
2019-04-13 21:15:00,0.0751656
2019-04-13 21:30:00,0.098797984
2019-04-13 21:45:00,0.11328311
2019-04-13 22:00:00,0.12244816
2019-04-13 22:15:00,0.12842569
2019-04-13 22:30:00,0.13243367
2019-04-13 22:45:00,0.13518715
2019-04-13 23:00:00,0.13711794
2019-04-13 23:15:00,0.1384933
2019-04-13 23:30:00,0.13948402
2019-04-13 23:45:00,0.14020017
2019-04-14 00:00:00,0.14071389
2019-04-14 00:15:00,0.14107469
2019-04-14 00:30:00,0.23537491
2019-04-14 00:45:00,0.40143728
2019-04-14 01:00:00,0.4563652
2019-04-14 01:15:00,0.40143728
2019-04-14 01:30:00,0.23537491
2019-04-14 01:45:00,0.14107469
2019-04-14 02:00:00,0.14071389
2019-04-14 02:15:00,0.1402
2019-04-14 02:30:00,0.13948412
2019-04-14 02:45:00,0.1384933
2019-04-14 03:00:00,0.13711794
2019-04-14 03:15:00,0.13518715
2019-04-14 03:30:00,0.13243367
2019-04-14 03:45:00,0.12842569
2019-04-14 04:00:00,0.12244816
2019-04-14 04:15:00,0.11328311
2019-04-14 04:30:00,0.098797984
2019-04-14 04:45:00,0.0751656
2019-04-14 05:00:00,0.035439104
2019-04-14 05:15:00,0.0
2019-04-14 05:30:00,0.0
2019-04-14 05:45:00,0.0
2019-04-14 06:00:00,0.0
2019-04-14 06:15:00,5.4371443
2019-04-14 06:30:00,9.177975
2019-04-14 06:45:00,9.130604
2019-04-14 07:00:00,0.0
2019-04-14 07:15:00,162.43529
2019-04-14 07:30:00,183.99893
2019-04-14 07:45:00,480.37598
2019-04-14 08:00:00,507.575
2019-04-14 08:15:00,830.26917
2019-04-14 08:30:00,984.7217
2019-04-14 08:45:00,1183.2831
2019-04-14 09:00:00,1384.4124
2019-04-14 09:15:00,1460.7539
2019-04-14 09:30:00,1433.044
2019-04-14 09:45:00,704.5163
2019-04-14 10:00:00,690.4808
2019-04-14 10:15:00,683.28937
2019-04-14 10:30:00,721.6888
2019-04-14 10:45:00,797.2985
2019-04-14 11:00:00,802.72797
2019-04-14 11:15:00,1310.1545
2019-04-14 11:30:00,1313.2932
2019-04-14 11:45:00,2521.7598
2019-04-14 12:00:00,2511.3435
2019-04-14 12:15:00,3221.0264
2019-04-14 12:30:00,3217.0513
2019-04-14 12:45:00,3217.8545
2019-04-14 13:00:00,3216.894
2019-04-14 13:15:00,2726.29
2019-04-14 13:30:00,2728.8186
2019-04-14 13:45:00,2124.3257
2019-04-14 14:00:00,2128.0068
2019-04-14 14:15:00,1198.8169
2019-04-14 14:30:00,1205.8387
2019-04-14 14:45:00,1149.0708
2019-04-14 15:00:00,1141.4469
2019-04-14 15:15:00,1932.7705
2019-04-14 15:30:00,1939.0355
2019-04-14 15:45:00,2249.1619
2019-04-14 16:00:00,2226.6885
2019-04-14 16:15:00,1825.1436
2019-04-14 16:30:00,1662.8457
2019-04-14 16:45:00,1338.9045
2019-04-14 17:00:00,1331.1233
2019-04-14 17:15:00,1202.738
2019-04-14 17:30:00,1000.4535
2019-04-14 17:45:00,833.2017
2019-04-14 18:00:00,789.0719
2019-04-14 18:15:00,471.58035
2019-04-14 18:30:00,430.3282
2019-04-14 18:45:00,184.09566
2019-04-14 19:00:00,162.00618
2019-04-14 19:15:00,20.54082
2019-04-14 19:30:00,21.032385
2019-04-14 19:45:00,5.4371443
2019-04-14 20:00:00,0.0
2019-04-14 20:15:00,0.0
2019-04-14 20:30:00,0.0
2019-04-14 20:45:00,0.0
2019-04-14 21:00:00,0.035439104
2019-04-14 21:15:00,0.0751656
2019-04-14 21:30:00,0.098797984
2019-04-14 21:45:00,0.11328311
2019-04-14 22:00:00,0.12244816
2019-04-14 22:15:00,0.12842569
2019-04-14 22:30:00,0.13243367
2019-04-14 22:45:00,0.13518715
2019-04-14 23:00:00,0.13711794
2019-04-14 23:15:00,0.1384933
2019-04-14 23:30:00,0.13948402
2019-04-14 23:45:00,0.14020017
2019-04-15 00:00:00,0.14071389
2019-04-15 00:15:00,0.14107469
2019-04-15 00:30:00,0.23537491
2019-04-15 00:45:00,0.40143728
2019-04-15 01:00:00,0.4563652
2019-04-15 01:15:00,0.40143728
2019-04-15 01:30:00,0.23537491
2019-04-15 01:45:00,0.14107469
2019-04-15 02:00:00,0.14071389
2019-04-15 02:15:00,0.1402
2019-04-15 02:30:00,0.13948412
2019-04-15 02:45:00,0.1384933
2019-04-15 03:00:00,0.13711794
2019-04-15 03:15:00,0.13518715
2019-04-15 03:30:00,0.13243367
2019-04-15 03:45:00,0.12842569
2019-04-15 04:00:00,0.12244816
2019-04-15 04:15:00,0.11328311
2019-04-15 04:30:00,0.098797984
2019-04-15 04:45:00,0.0751656
2019-04-15 05:00:00,0.035439104
2019-04-15 05:15:00,0.0
2019-04-15 05:30:00,0.0
2019-04-15 05:45:00,0.0
2019-04-15 06:00:00,0.0
2019-04-15 06:15:00,5.4371443
2019-04-15 06:30:00,9.177975
2019-04-15 06:45:00,9.484997
2019-04-15 07:00:00,0.112930275
2019-04-15 07:15:00,168.84637
2019-04-15 07:30:00,192.85089
2019-04-15 07:45:00,494.0169
2019-04-15 08:00:00,528.47394
2019-04-15 08:15:00,837.73157
2019-04-15 08:30:00,997.51666
2019-04-15 08:45:00,1214.0753
2019-04-15 09:00:00,1360.7422
2019-04-15 09:15:00,1620.5835
2019-04-15 09:30:00,1681.9553
2019-04-15 09:45:00,2067.9827
2019-04-15 10:00:00,2111.48
2019-04-15 10:15:00,2501.5251
2019-04-15 10:30:00,2483.5781
2019-04-15 10:45:00,2702.8499
2019-04-15 11:00:00,2688.5093
2019-04-15 11:15:00,2790.3872
2019-04-15 11:30:00,2792.02
2019-04-15 11:45:00,2735.2798
2019-04-15 12:00:00,2736.326
2019-04-15 12:15:00,2745.6333
2019-04-15 12:30:00,2743.1729
2019-04-15 12:45:00,3032.52
2019-04-15 13:00:00,3031.692
2019-04-15 13:15:00,3158.9072
2019-04-15 13:30:00,3161.279
2019-04-15 13:45:00,3357.04
2019-04-15 14:00:00,3370.92
2019-04-15 14:15:00,3322.4888
2019-04-15 14:30:00,3388.1729
2019-04-15 14:45:00,3178.403
2019-04-15 15:00:00,3322.57
2019-04-15 15:15:00,2989.7324
2019-04-15 15:30:00,3199.3486
2019-04-15 15:45:00,2778.229
2019-04-15 16:00:00,3013.8342
2019-04-15 16:15:00,2419.636
2019-04-15 16:30:00,2732.6592
2019-04-15 16:45:00,1749.6776
2019-04-15 17:00:00,1911.4535
2019-04-15 17:15:00,1196.8612
2019-04-15 17:30:00,1040.5321
2019-04-15 17:45:00,825.1418
2019-04-15 18:00:00,757.6113
2019-04-15 18:15:00,512.5922
2019-04-15 18:30:00,496.06827
2019-04-15 18:45:00,243.93982
2019-04-15 19:00:00,230.65468
2019-04-15 19:15:00,44.60219
2019-04-15 19:30:00,26.824036
2019-04-15 19:45:00,5.4371443
2019-04-15 20:00:00,0.0
2019-04-15 20:15:00,0.0
2019-04-15 20:30:00,0.0
2019-04-15 20:45:00,0.0
2019-04-15 21:00:00,0.035439104
2019-04-15 21:15:00,0.0751656
2019-04-15 21:30:00,0.098797984
2019-04-15 21:45:00,0.11328311
2019-04-15 22:00:00,0.12244816
2019-04-15 22:15:00,0.12842569
2019-04-15 22:30:00,0.13243367
2019-04-15 22:45:00,0.13518715
2019-04-15 23:00:00,0.13711794
2019-04-15 23:15:00,0.1384933
2019-04-15 23:30:00,0.13948402
2019-04-15 23:45:00,0.14020017
2019-04-16 00:00:00,0.14071389
2019-04-16 00:15:00,0.14107469
2019-04-16 00:30:00,0.23537491
2019-04-16 00:45:00,0.40143728
2019-04-16 01:00:00,0.4563652
2019-04-16 01:15:00,0.40143728
2019-04-16 01:30:00,0.23537491
2019-04-16 01:45:00,0.14107469
2019-04-16 02:00:00,0.14071389
2019-04-16 02:15:00,0.1402
2019-04-16 02:30:00,0.13948412
2019-04-16 02:45:00,0.1384933
2019-04-16 03:00:00,0.13711794
2019-04-16 03:15:00,0.13518715
2019-04-16 03:30:00,0.13243367
2019-04-16 03:45:00,0.12842569
2019-04-16 04:00:00,0.12244816
2019-04-16 04:15:00,0.11328311
2019-04-16 04:30:00,0.098797984
2019-04-16 04:45:00,0.0751656
2019-04-16 05:00:00,0.035439104
2019-04-16 05:15:00,0.0
2019-04-16 05:30:00,0.0
2019-04-16 05:45:00,0.0
2019-04-16 06:00:00,0.0
2019-04-16 06:15:00,5.4371443
2019-04-16 06:30:00,9.177975
2019-04-16 06:45:00,9.830734
2019-04-16 07:00:00,0.73090494
2019-04-16 07:15:00,135.58607
2019-04-16 07:30:00,147.71753
2019-04-16 07:45:00,426.16074
2019-04-16 08:00:00,422.8874
2019-04-16 08:15:00,821.87317
2019-04-16 08:30:00,957.9724
2019-04-16 08:45:00,1214.4636
2019-04-16 09:00:00,1292.5157
2019-04-16 09:15:00,1277.11
2019-04-16 09:30:00,1162.491
2019-04-16 09:45:00,1336.9556
2019-04-16 10:00:00,1197.5605
2019-04-16 10:15:00,814.8962
2019-04-16 10:30:00,914.3558
2019-04-16 10:45:00,700.34717
2019-04-16 11:00:00,704.7134
2019-04-16 11:15:00,1023.71075
2019-04-16 11:30:00,1019.59546
2019-04-16 11:45:00,1230.724
2019-04-16 12:00:00,1222.7739
2019-04-16 12:15:00,1995.4023
2019-04-16 12:30:00,1989.4517
2019-04-16 12:45:00,2177.7705
2019-04-16 13:00:00,2177.1953
2019-04-16 13:15:00,2398.953
2019-04-16 13:30:00,2402.7156
2019-04-16 13:45:00,2330.5354
2019-04-16 14:00:00,2332.8645
2019-04-16 14:15:00,2160.2246
2019-04-16 14:30:00,2159.7568
2019-04-16 14:45:00,2106.3955
2019-04-16 15:00:00,2099.1736
2019-04-16 15:15:00,1561.2205
2019-04-16 15:30:00,1632.57
2019-04-16 15:45:00,1658.0968
2019-04-16 16:00:00,1708.1543
2019-04-16 16:15:00,688.7792
2019-04-16 16:30:00,754.86633
2019-04-16 16:45:00,721.772
2019-04-16 17:00:00,827.06396
2019-04-16 17:15:00,652.84033
2019-04-16 17:30:00,706.6474
2019-04-16 17:45:00,459.42694
2019-04-16 18:00:00,462.42514
2019-04-16 18:15:00,319.64825
2019-04-16 18:30:00,309.90683
2019-04-16 18:45:00,140.17644
2019-04-16 19:00:00,112.95587
2019-04-16 19:15:00,12.3117075
2019-04-16 19:30:00,18.120186
2019-04-16 19:45:00,5.4371443
2019-04-16 20:00:00,0.0
2019-04-16 20:15:00,0.0
2019-04-16 20:30:00,0.0
2019-04-16 20:45:00,0.0
2019-04-16 21:00:00,0.035439104
2019-04-16 21:15:00,0.0751656
2019-04-16 21:30:00,0.098797984
2019-04-16 21:45:00,0.11328311
2019-04-16 22:00:00,0.12244816
2019-04-16 22:15:00,0.12842569
2019-04-16 22:30:00,0.13243367
2019-04-16 22:45:00,0.13518715
2019-04-16 23:00:00,0.13711794
2019-04-16 23:15:00,0.1384933
2019-04-16 23:30:00,0.13948402
2019-04-16 23:45:00,0.14020017
2019-04-17 00:00:00,0.14071389
2019-04-17 00:15:00,0.14107469
2019-04-17 00:30:00,0.23537491
2019-04-17 00:45:00,0.40143728
2019-04-17 01:00:00,0.4563652
2019-04-17 01:15:00,0.40143728
2019-04-17 01:30:00,0.23537491
2019-04-17 01:45:00,0.14107469
2019-04-17 02:00:00,0.14071389
2019-04-17 02:15:00,0.1402
2019-04-17 02:30:00,0.13948412
2019-04-17 02:45:00,0.1384933
2019-04-17 03:00:00,0.13711794
2019-04-17 03:15:00,0.13518715
2019-04-17 03:30:00,0.13243367
2019-04-17 03:45:00,0.12842569
2019-04-17 04:00:00,0.12244816
2019-04-17 04:15:00,0.11328311
2019-04-17 04:30:00,0.098797984
2019-04-17 04:45:00,0.0751656
2019-04-17 05:00:00,0.035439104
2019-04-17 05:15:00,0.0
2019-04-17 05:30:00,0.0
2019-04-17 05:45:00,0.0
2019-04-17 06:00:00,0.0
2019-04-17 06:15:00,5.4371443
2019-04-17 06:30:00,9.177975
2019-04-17 06:45:00,9.830734
2019-04-17 07:00:00,0.73090494
2019-04-17 07:15:00,137.88646
2019-04-17 07:30:00,150.78795
2019-04-17 07:45:00,392.9965
2019-04-17 08:00:00,381.80157
2019-04-17 08:15:00,747.114
2019-04-17 08:30:00,779.2351
2019-04-17 08:45:00,1131.8325
2019-04-17 09:00:00,1108.0964
2019-04-17 09:15:00,1519.2163
2019-04-17 09:30:00,1700.6478
2019-04-17 09:45:00,1691.2161
2019-04-17 10:00:00,1657.6499
2019-04-17 10:15:00,1987.3065
2019-04-17 10:30:00,2002.5145
2019-04-17 10:45:00,2486.0117
2019-04-17 11:00:00,2486.2266
2019-04-17 11:15:00,2233.7532
2019-04-17 11:30:00,2245.0723
2019-04-17 11:45:00,2879.2678
2019-04-17 12:00:00,2879.8203
2019-04-17 12:15:00,2857.458
2019-04-17 12:30:00,2855.3738
2019-04-17 12:45:00,2843.1208
2019-04-17 13:00:00,2842.425
2019-04-17 13:15:00,2874.4922
2019-04-17 13:30:00,2876.3218
2019-04-17 13:45:00,2666.2925
2019-04-17 14:00:00,2669.3164
2019-04-17 14:15:00,2717.8472
2019-04-17 14:30:00,2714.7441
2019-04-17 14:45:00,2477.0688
2019-04-17 15:00:00,2475.8218
2019-04-17 15:15:00,2468.2651
2019-04-17 15:30:00,2471.749
2019-04-17 15:45:00,2468.5828
2019-04-17 16:00:00,2525.0752
2019-04-17 16:15:00,2233.0486
2019-04-17 16:30:00,2409.9863
2019-04-17 16:45:00,1556.3704
2019-04-17 17:00:00,1513.6638
2019-04-17 17:15:00,1179.5609
2019-04-17 17:30:00,1093.4509
2019-04-17 17:45:00,894.3111
2019-04-17 18:00:00,940.6308
2019-04-17 18:15:00,555.1704
2019-04-17 18:30:00,577.1691
2019-04-17 18:45:00,212.19252
2019-04-17 19:00:00,192.6808
2019-04-17 19:15:00,29.402014
2019-04-17 19:30:00,22.491219
2019-04-17 19:45:00,5.4371443
2019-04-17 20:00:00,0.0
2019-04-17 20:15:00,0.0
2019-04-17 20:30:00,0.0
2019-04-17 20:45:00,0.0
2019-04-17 21:00:00,0.035439104
2019-04-17 21:15:00,0.0751656
2019-04-17 21:30:00,0.098797984
2019-04-17 21:45:00,0.11328311
2019-04-17 22:00:00,0.12244816
2019-04-17 22:15:00,0.12842569
2019-04-17 22:30:00,0.13243367
2019-04-17 22:45:00,0.13518715
2019-04-17 23:00:00,0.13711794
2019-04-17 23:15:00,0.1384933
2019-04-17 23:30:00,0.13948402
2019-04-17 23:45:00,0.14020017
2019-04-18 00:00:00,0.14071389
2019-04-18 00:15:00,0.14107469
2019-04-18 00:30:00,0.23537491
2019-04-18 00:45:00,0.40143728
2019-04-18 01:00:00,0.4563652
2019-04-18 01:15:00,0.40143728
2019-04-18 01:30:00,0.23537491
2019-04-18 01:45:00,0.14107469
2019-04-18 02:00:00,0.14071389
2019-04-18 02:15:00,0.1402
2019-04-18 02:30:00,0.13948412
2019-04-18 02:45:00,0.1384933
2019-04-18 03:00:00,0.13711794
2019-04-18 03:15:00,0.13518715
2019-04-18 03:30:00,0.13243367
2019-04-18 03:45:00,0.12842569
2019-04-18 04:00:00,0.12244816
2019-04-18 04:15:00,0.11328311
2019-04-18 04:30:00,0.098797984
2019-04-18 04:45:00,0.0751656
2019-04-18 05:00:00,0.035439104
2019-04-18 05:15:00,0.0
2019-04-18 05:30:00,0.0
2019-04-18 05:45:00,0.0
2019-04-18 06:00:00,0.0
2019-04-18 06:15:00,5.4371443
2019-04-18 06:30:00,9.177975
2019-04-18 06:45:00,8.767376
2019-04-18 07:00:00,0.0
2019-04-18 07:15:00,126.28647
2019-04-18 07:30:00,137.62462
2019-04-18 07:45:00,402.4272
2019-04-18 08:00:00,393.24152
2019-04-18 08:15:00,783.38904
2019-04-18 08:30:00,850.6176
2019-04-18 08:45:00,1214.4636
2019-04-18 09:00:00,1292.5157
2019-04-18 09:15:00,1559.9993
2019-04-18 09:30:00,1618.2385
2019-04-18 09:45:00,1818.2117
2019-04-18 10:00:00,1844.8103
2019-04-18 10:15:00,2165.951
2019-04-18 10:30:00,2184.411
2019-04-18 10:45:00,2747.694
2019-04-18 11:00:00,2729.2944
2019-04-18 11:15:00,3037.4043
2019-04-18 11:30:00,3026.0984
2019-04-18 11:45:00,3226.4512
2019-04-18 12:00:00,3215.6653
2019-04-18 12:15:00,3353.3704
2019-04-18 12:30:00,3344.417
2019-04-18 12:45:00,3415.0503
2019-04-18 13:00:00,3413.0767
2019-04-18 13:15:00,3405.0386
2019-04-18 13:30:00,3410.9663
2019-04-18 13:45:00,3404.0505
2019-04-18 14:00:00,3429.1228
2019-04-18 14:15:00,3326.7488
2019-04-18 14:30:00,3397.1348
2019-04-18 14:45:00,3183.1196
2019-04-18 15:00:00,3334.2783
2019-04-18 15:15:00,2994.356
2019-04-18 15:30:00,3212.6167
2019-04-18 15:45:00,2783.9219
2019-04-18 16:00:00,3026.1797
2019-04-18 16:15:00,2438.169
2019-04-18 16:30:00,2751.9678
2019-04-18 16:45:00,1926.9636
2019-04-18 17:00:00,2416.458
2019-04-18 17:15:00,1458.8115
2019-04-18 17:30:00,1961.6611
2019-04-18 17:45:00,1033.5933
2019-04-18 18:00:00,1446.044
2019-04-18 18:15:00,666.5719
2019-04-18 18:30:00,810.03784
2019-04-18 18:45:00,316.33386
2019-04-18 19:00:00,326.46204
2019-04-18 19:15:00,57.34044
2019-04-18 19:30:00,40.279892
2019-04-18 19:45:00,5.541324
2019-04-18 20:00:00,0.0
2019-04-18 20:15:00,0.0
2019-04-18 20:30:00,0.0
2019-04-18 20:45:00,0.0
2019-04-18 21:00:00,0.035439104
2019-04-18 21:15:00,0.0751656
2019-04-18 21:30:00,0.098797984
2019-04-18 21:45:00,0.11328311
2019-04-18 22:00:00,0.12244816
2019-04-18 22:15:00,0.12842569
2019-04-18 22:30:00,0.13243367
2019-04-18 22:45:00,0.13518715
2019-04-18 23:00:00,0.13711794
2019-04-18 23:15:00,0.1384933
2019-04-18 23:30:00,0.13948402
2019-04-18 23:45:00,0.14020017
2019-04-19 00:00:00,0.14071389
2019-04-19 00:15:00,0.14107469
2019-04-19 00:30:00,0.23537491
2019-04-19 00:45:00,0.40143728
2019-04-19 01:00:00,0.4563652
2019-04-19 01:15:00,0.40143728
2019-04-19 01:30:00,0.23537491
2019-04-19 01:45:00,0.14107469
2019-04-19 02:00:00,0.14071389
2019-04-19 02:15:00,0.1402
2019-04-19 02:30:00,0.13948412
2019-04-19 02:45:00,0.1384933
2019-04-19 03:00:00,0.13711794
2019-04-19 03:15:00,0.13518715
2019-04-19 03:30:00,0.13243367
2019-04-19 03:45:00,0.12842569
2019-04-19 04:00:00,0.12244816
2019-04-19 04:15:00,0.11328311
2019-04-19 04:30:00,0.098797984
2019-04-19 04:45:00,0.0751656
2019-04-19 05:00:00,0.035439104
2019-04-19 05:15:00,0.0
2019-04-19 05:30:00,0.0
2019-04-19 05:45:00,0.0
2019-04-19 06:00:00,0.0
2019-04-19 06:15:00,5.4371443
2019-04-19 06:30:00,9.177975
2019-04-19 06:45:00,10.168033
2019-04-19 07:00:00,1.3413883
2019-04-19 07:15:00,144.7245
2019-04-19 07:30:00,159.95218
2019-04-19 07:45:00,431.73364
2019-04-19 08:00:00,430.08698
2019-04-19 08:15:00,719.0015
2019-04-19 08:30:00,732.05206
2019-04-19 08:45:00,1207.7234
2019-04-19 09:00:00,1265.3936
2019-04-19 09:15:00,1536.977
2019-04-19 09:30:00,1558.5002
2019-04-19 09:45:00,1672.248
2019-04-19 10:00:00,1632.0424
2019-04-19 10:15:00,1920.4796
2019-04-19 10:30:00,1918.037
2019-04-19 10:45:00,1939.8046
2019-04-19 11:00:00,1928.4681
2019-04-19 11:15:00,2136.2212
2019-04-19 11:30:00,2139.8677
2019-04-19 11:45:00,2326.048
2019-04-19 12:00:00,2325.5312
2019-04-19 12:15:00,2386.4448
2019-04-19 12:30:00,2381.647
2019-04-19 12:45:00,2280.5723
2019-04-19 13:00:00,2280.1663
2019-04-19 13:15:00,2367.8943
2019-04-19 13:30:00,2370.5066
2019-04-19 13:45:00,2850.4604
2019-04-19 14:00:00,2851.6697
2019-04-19 14:15:00,3173.5
2019-04-19 14:30:00,3189.8315
2019-04-19 14:45:00,3207.8633
2019-04-19 15:00:00,3381.0706
2019-04-19 15:15:00,3022.184
2019-04-19 15:30:00,3270.3135
2019-04-19 15:45:00,2816.464
2019-04-19 16:00:00,3083.7676
2019-04-19 16:15:00,2465.207
2019-04-19 16:30:00,2777.211
2019-04-19 16:45:00,1820.9388
2019-04-19 17:00:00,2101.2053
2019-04-19 17:15:00,1395.4927
2019-04-19 17:30:00,1711.0491
2019-04-19 17:45:00,1080.2351
2019-04-19 18:00:00,1585.5444
2019-04-19 18:15:00,696.11884
2019-04-19 18:30:00,976.6171
2019-04-19 18:45:00,323.59546
2019-04-19 19:00:00,339.07593
2019-04-19 19:15:00,65.68909
2019-04-19 19:30:00,51.253193
2019-04-19 19:45:00,5.541324
2019-04-19 20:00:00,0.0
2019-04-19 20:15:00,0.0
2019-04-19 20:30:00,0.0
2019-04-19 20:45:00,0.0
2019-04-19 21:00:00,0.035439104
2019-04-19 21:15:00,0.0751656
2019-04-19 21:30:00,0.098797984
2019-04-19 21:45:00,0.11328311
2019-04-19 22:00:00,0.12244816
2019-04-19 22:15:00,0.12842569
2019-04-19 22:30:00,0.13243367
2019-04-19 22:45:00,0.13518715
2019-04-19 23:00:00,0.13711794
2019-04-19 23:15:00,0.1384933
2019-04-19 23:30:00,0.13948402
2019-04-19 23:45:00,0.14020017
2019-04-20 00:00:00,0.14071389
2019-04-20 00:15:00,0.14107469
2019-04-20 00:30:00,0.23537491
2019-04-20 00:45:00,0.40143728
2019-04-20 01:00:00,0.4563652
2019-04-20 01:15:00,0.40143728
2019-04-20 01:30:00,0.23537491
2019-04-20 01:45:00,0.14107469
2019-04-20 02:00:00,0.14071389
2019-04-20 02:15:00,0.1402
2019-04-20 02:30:00,0.13948412
2019-04-20 02:45:00,0.1384933
2019-04-20 03:00:00,0.13711794
2019-04-20 03:15:00,0.13518715
2019-04-20 03:30:00,0.13243367
2019-04-20 03:45:00,0.12842569
2019-04-20 04:00:00,0.12244816
2019-04-20 04:15:00,0.11328311
2019-04-20 04:30:00,0.098797984
2019-04-20 04:45:00,0.0751656
2019-04-20 05:00:00,0.035439104
2019-04-20 05:15:00,0.0
2019-04-20 05:30:00,0.0
2019-04-20 05:45:00,0.0
2019-04-20 06:00:00,0.0
2019-04-20 06:15:00,5.4371443
2019-04-20 06:30:00,9.177975
2019-04-20 06:45:00,9.130604
2019-04-20 07:00:00,0.0
2019-04-20 07:15:00,77.76538
2019-04-20 07:30:00,89.82667
2019-04-20 07:45:00,181.36188
2019-04-20 08:00:00,157.20512
2019-04-20 08:15:00,226.6524
2019-04-20 08:30:00,206.36406
2019-04-20 08:45:00,188.1606
2019-04-20 09:00:00,167.84627
2019-04-20 09:15:00,177.73189
2019-04-20 09:30:00,209.98839
2019-04-20 09:45:00,312.60605
2019-04-20 10:00:00,357.97525
2019-04-20 10:15:00,664.5486
2019-04-20 10:30:00,699.4334
2019-04-20 10:45:00,1658.2014
2019-04-20 11:00:00,1608.5952
2019-04-20 11:15:00,2022.1664
2019-04-20 11:30:00,2016.1199
2019-04-20 11:45:00,1349.4718
2019-04-20 12:00:00,1340.2555
2019-04-20 12:15:00,1713.4519
2019-04-20 12:30:00,1694.8555
2019-04-20 12:45:00,1935.9583
2019-04-20 13:00:00,1933.7937
2019-04-20 13:15:00,2109.3174
2019-04-20 13:30:00,2111.762
2019-04-20 13:45:00,2212.8257
2019-04-20 14:00:00,2214.3335
2019-04-20 14:15:00,2232.151
2019-04-20 14:30:00,2228.4795
2019-04-20 14:45:00,2265.4482
2019-04-20 15:00:00,2263.6245
2019-04-20 15:15:00,2205.5044
2019-04-20 15:30:00,2203.2905
2019-04-20 15:45:00,1796.9001
2019-04-20 16:00:00,1814.5403
2019-04-20 16:15:00,1318.7922
2019-04-20 16:30:00,1419.7535
2019-04-20 16:45:00,894.14746
2019-04-20 17:00:00,1057.6223
2019-04-20 17:15:00,889.6656
2019-04-20 17:30:00,899.4726
2019-04-20 17:45:00,601.706
2019-04-20 18:00:00,578.6973
2019-04-20 18:15:00,423.31772
2019-04-20 18:30:00,376.72098
2019-04-20 18:45:00,205.46951
2019-04-20 19:00:00,185.00331
2019-04-20 19:15:00,44.60219
2019-04-20 19:30:00,26.824036
2019-04-20 19:45:00,5.6429534
2019-04-20 20:00:00,0.0
2019-04-20 20:15:00,0.0
2019-04-20 20:30:00,0.0
2019-04-20 20:45:00,0.0
2019-04-20 21:00:00,0.035439104
2019-04-20 21:15:00,0.0751656
2019-04-20 21:30:00,0.098797984
2019-04-20 21:45:00,0.11328311
2019-04-20 22:00:00,0.12244816
2019-04-20 22:15:00,0.12842569
2019-04-20 22:30:00,0.13243367
2019-04-20 22:45:00,0.13518715
2019-04-20 23:00:00,0.13711794
2019-04-20 23:15:00,0.1384933
2019-04-20 23:30:00,0.13948402
2019-04-20 23:45:00,0.14020017
2019-04-21 00:00:00,0.14071389
2019-04-21 00:15:00,0.14107469
2019-04-21 00:30:00,0.23537491
2019-04-21 00:45:00,0.40143728
2019-04-21 01:00:00,0.4563652
2019-04-21 01:15:00,0.40143728
2019-04-21 01:30:00,0.23537491
2019-04-21 01:45:00,0.14107469
2019-04-21 02:00:00,0.14071389
2019-04-21 02:15:00,0.1402
2019-04-21 02:30:00,0.13948412
2019-04-21 02:45:00,0.1384933
2019-04-21 03:00:00,0.13711794
2019-04-21 03:15:00,0.13518715
2019-04-21 03:30:00,0.13243367
2019-04-21 03:45:00,0.12842569
2019-04-21 04:00:00,0.12244816
2019-04-21 04:15:00,0.11328311
2019-04-21 04:30:00,0.098797984
2019-04-21 04:45:00,0.0751656
2019-04-21 05:00:00,0.035439104
2019-04-21 05:15:00,0.0
2019-04-21 05:30:00,0.0
2019-04-21 05:45:00,0.0
2019-04-21 06:00:00,0.0
2019-04-21 06:15:00,5.4371443
2019-04-21 06:30:00,9.177975
2019-04-21 06:45:00,10.818143
2019-04-21 07:00:00,3.5041199
2019-04-21 07:15:00,158.0865
2019-04-21 07:30:00,178.04509
2019-04-21 07:45:00,465.69702
2019-04-21 08:00:00,481.7846
2019-04-21 08:15:00,821.0312
2019-04-21 08:30:00,954.8278
2019-04-21 08:45:00,1182.4382
2019-04-21 09:00:00,1385.2511
2019-04-21 09:15:00,1558.8237
2019-04-21 09:30:00,1660.2888
2019-04-21 09:45:00,1978.5645
2019-04-21 10:00:00,2042.1862
2019-04-21 10:15:00,2405.843
2019-04-21 10:30:00,2403.4026
2019-04-21 10:45:00,2706.8896
2019-04-21 11:00:00,2692.188
2019-04-21 11:15:00,2941.6074
2019-04-21 11:30:00,2938.2053
2019-04-21 11:45:00,3131.119
2019-04-21 12:00:00,3128.1558
2019-04-21 12:15:00,3253.3735
2019-04-21 12:30:00,3248.4414
2019-04-21 12:45:00,3314.7788
2019-04-21 13:00:00,3313.334
2019-04-21 13:15:00,3321.7783
2019-04-21 13:30:00,3326.4429
2019-04-21 13:45:00,3278.9775
2019-04-21 14:00:00,3289.2434
2019-04-21 14:15:00,3177.46
2019-04-21 14:30:00,3194.2803
2019-04-21 14:45:00,3028.913
2019-04-21 15:00:00,3065.8584
2019-04-21 15:15:00,2864.6665
2019-04-21 15:30:00,2935.9082
2019-04-21 15:45:00,2631.5625
2019-04-21 16:00:00,2746.8855
2019-04-21 16:15:00,2226.223
2019-04-21 16:30:00,2399.6309
2019-04-21 16:45:00,1749.6776
2019-04-21 17:00:00,1911.4535
2019-04-21 17:15:00,1315.93
2019-04-21 17:30:00,1452.4946
2019-04-21 17:45:00,923.33826
2019-04-21 18:00:00,994.38983
2019-04-21 18:15:00,552.90875
2019-04-21 18:30:00,573.34924
2019-04-21 18:45:00,243.93982
2019-04-21 19:00:00,230.65468
2019-04-21 19:15:00,46.74343
2019-04-21 19:30:00,28.859806
2019-04-21 19:45:00,5.6429534
2019-04-21 20:00:00,0.0
2019-04-21 20:15:00,0.0
2019-04-21 20:30:00,0.0
2019-04-21 20:45:00,0.0
2019-04-21 21:00:00,0.035439104
2019-04-21 21:15:00,0.0751656
2019-04-21 21:30:00,0.098797984
2019-04-21 21:45:00,0.11328311
2019-04-21 22:00:00,0.12244816
2019-04-21 22:15:00,0.12842569
2019-04-21 22:30:00,0.13243367
2019-04-21 22:45:00,0.13518715
2019-04-21 23:00:00,0.13711794
2019-04-21 23:15:00,0.1384933
2019-04-21 23:30:00,0.13948402
2019-04-21 23:45:00,0.14020017
2019-04-22 00:00:00,0.14071389
2019-04-22 00:15:00,0.14107469
2019-04-22 00:30:00,0.23537491
2019-04-22 00:45:00,0.40143728
2019-04-22 01:00:00,0.4563652
2019-04-22 01:15:00,0.40143728
2019-04-22 01:30:00,0.23537491
2019-04-22 01:45:00,0.14107469
2019-04-22 02:00:00,0.14071389
2019-04-22 02:15:00,0.1402
2019-04-22 02:30:00,0.13948412
2019-04-22 02:45:00,0.1384933
2019-04-22 03:00:00,0.13711794
2019-04-22 03:15:00,0.13518715
2019-04-22 03:30:00,0.13243367
2019-04-22 03:45:00,0.12842569
2019-04-22 04:00:00,0.12244816
2019-04-22 04:15:00,0.11328311
2019-04-22 04:30:00,0.098797984
2019-04-22 04:45:00,0.0751656
2019-04-22 05:00:00,0.035439104
2019-04-22 05:15:00,0.0
2019-04-22 05:30:00,0.0
2019-04-22 05:45:00,0.0
2019-04-22 06:00:00,0.0
2019-04-22 06:15:00,5.4371443
2019-04-22 06:30:00,9.177975
2019-04-22 06:45:00,11.437154
2019-04-22 07:00:00,7.7949915
2019-04-22 07:15:00,164.58778
2019-04-22 07:30:00,186.96034
2019-04-22 07:45:00,434.4615
2019-04-22 08:00:00,433.6533
2019-04-22 08:15:00,806.94714
2019-04-22 08:30:00,907.6526
2019-04-22 08:45:00,1213.8882
2019-04-22 09:00:00,1337.8063
2019-04-22 09:15:00,1534.8306
2019-04-22 09:30:00,1688.3816
2019-04-22 09:45:00,1888.0901
2019-04-22 10:00:00,1969.8599
2019-04-22 10:15:00,2397.2144
2019-04-22 10:30:00,2396.0793
2019-04-22 10:45:00,2698.8167
2019-04-22 11:00:00,2684.8335
2019-04-22 11:15:00,2934.0244
2019-04-22 11:30:00,2930.9854
2019-04-22 11:45:00,3127.3574
2019-04-22 12:00:00,3124.5786
2019-04-22 12:15:00,3228.1685
2019-04-22 12:30:00,3224.0183
2019-04-22 12:45:00,3207.4897
2019-04-22 13:00:00,3206.5483
2019-04-22 13:15:00,3186.7131
2019-04-22 13:30:00,3189.1895
2019-04-22 13:45:00,2374.6235
2019-04-22 14:00:00,2379.9766
2019-04-22 14:15:00,2283.949
2019-04-22 14:30:00,2279.0193
2019-04-22 14:45:00,2606.5256
2019-04-22 15:00:00,2605.349
2019-04-22 15:15:00,2670.789
2019-04-22 15:30:00,2702.8843
2019-04-22 15:45:00,2555.7773
2019-04-22 16:00:00,2659.1692
2019-04-22 16:15:00,2363.3691
2019-04-22 16:30:00,2657.0308
2019-04-22 16:45:00,1874.4175
2019-04-22 17:00:00,2317.2573
2019-04-22 17:15:00,1408.0881
2019-04-22 17:30:00,1764.4414
2019-04-22 17:45:00,949.9177
2019-04-22 18:00:00,1048.6583
2019-04-22 18:15:00,534.0277
2019-04-22 18:30:00,538.7076
2019-04-22 18:45:00,246.052
2019-04-22 19:00:00,233.17184
2019-04-22 19:15:00,61.528847
2019-04-22 19:30:00,45.54468
2019-04-22 19:45:00,5.7420835
2019-04-22 20:00:00,0.0
2019-04-22 20:15:00,0.0
2019-04-22 20:30:00,0.0
2019-04-22 20:45:00,0.0
2019-04-22 21:00:00,0.035439104
2019-04-22 21:15:00,0.0751656
2019-04-22 21:30:00,0.098797984
2019-04-22 21:45:00,0.11328311
2019-04-22 22:00:00,0.12244816
2019-04-22 22:15:00,0.12842569
2019-04-22 22:30:00,0.13243367
2019-04-22 22:45:00,0.13518715
2019-04-22 23:00:00,0.13711794
2019-04-22 23:15:00,0.1384933
2019-04-22 23:30:00,0.13948402
2019-04-22 23:45:00,0.14020017
2019-04-23 00:00:00,0.14071389
2019-04-23 00:15:00,0.14107469
2019-04-23 00:30:00,0.23537491
2019-04-23 00:45:00,0.40143728
2019-04-23 01:00:00,0.4563652
2019-04-23 01:15:00,0.40143728
2019-04-23 01:30:00,0.23537491
2019-04-23 01:45:00,0.14107469
2019-04-23 02:00:00,0.14071389
2019-04-23 02:15:00,0.1402
2019-04-23 02:30:00,0.13948412
2019-04-23 02:45:00,0.1384933
2019-04-23 03:00:00,0.13711794
2019-04-23 03:15:00,0.13518715
2019-04-23 03:30:00,0.13243367
2019-04-23 03:45:00,0.12842569
2019-04-23 04:00:00,0.12244816
2019-04-23 04:15:00,0.11328311
2019-04-23 04:30:00,0.098797984
2019-04-23 04:45:00,0.0751656
2019-04-23 05:00:00,0.035439104
2019-04-23 05:15:00,0.0
2019-04-23 05:30:00,0.0
2019-04-23 05:45:00,0.0
2019-04-23 06:00:00,0.0
2019-04-23 06:15:00,5.4371443
2019-04-23 06:30:00,9.177975
2019-04-23 06:45:00,9.484997
2019-04-23 07:00:00,0.112930275
2019-04-23 07:15:00,90.182
2019-04-23 07:30:00,101.66635
2019-04-23 07:45:00,326.04587
2019-04-23 08:00:00,307.36804
2019-04-23 08:15:00,750.0239
2019-04-23 08:30:00,784.6843
2019-04-23 08:45:00,1204.513
2019-04-23 09:00:00,1255.7148
2019-04-23 09:15:00,1558.4221
2019-04-23 09:30:00,1611.1213
2019-04-23 09:45:00,939.6331
2019-04-23 10:00:00,875.6075
2019-04-23 10:15:00,818.6072
2019-04-23 10:30:00,918.76685
2019-04-23 10:45:00,2126.0132
2019-04-23 11:00:00,2145.3574
2019-04-23 11:15:00,1569.156
2019-04-23 11:30:00,1566.7036
2019-04-23 11:45:00,1327.7506
2019-04-23 12:00:00,1318.6831
2019-04-23 12:15:00,2426.904
2019-04-23 12:30:00,2419.245
2019-04-23 12:45:00,1916.6761
2019-04-23 13:00:00,1914.2711
2019-04-23 13:15:00,954.0857
2019-04-23 13:30:00,956.5609
2019-04-23 13:45:00,1531.4333
2019-04-23 14:00:00,1555.7144
2019-04-23 14:15:00,1804.8857
2019-04-23 14:30:00,1811.926
2019-04-23 14:45:00,2143.2263
2019-04-23 15:00:00,2131.5576
2019-04-23 15:15:00,1618.1707
2019-04-23 15:30:00,1681.2567
2019-04-23 15:45:00,1462.5574
2019-04-23 16:00:00,1556.2903
2019-04-23 16:15:00,992.5569
2019-04-23 16:30:00,1162.491
2019-04-23 16:45:00,1010.5615
2019-04-23 17:00:00,1135.0758
2019-04-23 17:15:00,1202.738
2019-04-23 17:30:00,1000.4535
2019-04-23 17:45:00,738.1223
2019-04-23 18:00:00,656.8286
2019-04-23 18:15:00,494.01706
2019-04-23 18:30:00,462.98706
2019-04-23 18:45:00,225.1253
2019-04-23 19:00:00,207.9583
2019-04-23 19:15:00,46.74343
2019-04-23 19:30:00,28.859806
2019-04-23 19:45:00,5.6429534
2019-04-23 20:00:00,0.0
2019-04-23 20:15:00,0.0
2019-04-23 20:30:00,0.0
2019-04-23 20:45:00,0.0
2019-04-23 21:00:00,0.035439104
2019-04-23 21:15:00,0.0751656
2019-04-23 21:30:00,0.098797984
2019-04-23 21:45:00,0.11328311
2019-04-23 22:00:00,0.12244816
2019-04-23 22:15:00,0.12842569
2019-04-23 22:30:00,0.13243367
2019-04-23 22:45:00,0.13518715
2019-04-23 23:00:00,0.13711794
2019-04-23 23:15:00,0.1384933
2019-04-23 23:30:00,0.13948402
2019-04-23 23:45:00,0.14020017
2019-04-24 00:00:00,0.14071389
2019-04-24 00:15:00,0.14107469
2019-04-24 00:30:00,0.23537491
2019-04-24 00:45:00,0.40143728
2019-04-24 01:00:00,0.4563652
2019-04-24 01:15:00,0.40143728
2019-04-24 01:30:00,0.23537491
2019-04-24 01:45:00,0.14107469
2019-04-24 02:00:00,0.14071389
2019-04-24 02:15:00,0.1402
2019-04-24 02:30:00,0.13948412
2019-04-24 02:45:00,0.1384933
2019-04-24 03:00:00,0.13711794
2019-04-24 03:15:00,0.13518715
2019-04-24 03:30:00,0.13243367
2019-04-24 03:45:00,0.12842569
2019-04-24 04:00:00,0.12244816
2019-04-24 04:15:00,0.11328311
2019-04-24 04:30:00,0.098797984
2019-04-24 04:45:00,0.0751656
2019-04-24 05:00:00,0.035439104
2019-04-24 05:15:00,0.0
2019-04-24 05:30:00,0.0
2019-04-24 05:45:00,0.0
2019-04-24 06:00:00,0.0
2019-04-24 06:15:00,5.4371443
2019-04-24 06:30:00,9.177975
2019-04-24 06:45:00,10.818143
2019-04-24 07:00:00,3.5041199
2019-04-24 07:15:00,168.84637
2019-04-24 07:30:00,192.85089
2019-04-24 07:45:00,417.52463
2019-04-24 08:00:00,411.92484
2019-04-24 08:15:00,806.94714
2019-04-24 08:30:00,907.6526
2019-04-24 08:45:00,1176.4824
2019-04-24 09:00:00,1191.0388
2019-04-24 09:15:00,1163.7638
2019-04-24 09:30:00,1005.46515
2019-04-24 09:45:00,1420.3765
2019-04-24 10:00:00,1299.6411
2019-04-24 10:15:00,1990.7178
2019-04-24 10:30:00,2006.929
2019-04-24 10:45:00,2199.2913
2019-04-24 11:00:00,2204.1948
2019-04-24 11:15:00,2182.224
2019-04-24 11:30:00,2189.859
2019-04-24 11:45:00,2172.6963
2019-04-24 12:00:00,2171.234
2019-04-24 12:15:00,1564.0452
2019-04-24 12:30:00,1545.8389
2019-04-24 12:45:00,2269.8826
2019-04-24 13:00:00,2269.4912
2019-04-24 13:15:00,2299.9072
2019-04-24 13:30:00,2301.192
2019-04-24 13:45:00,2335.341
2019-04-24 14:00:00,2337.875
2019-04-24 14:15:00,1938.2585
2019-04-24 14:30:00,1947.1199
2019-04-24 14:45:00,2354.241
2019-04-24 15:00:00,2360.1235
2019-04-24 15:15:00,2144.3833
2019-04-24 15:30:00,2134.274
2019-04-24 15:45:00,2028.373
2019-04-24 16:00:00,1973.9004
2019-04-24 16:15:00,1964.3772
2019-04-24 16:30:00,1936.2715
2019-04-24 16:45:00,1558.1692
2019-04-24 17:00:00,1351.7466
2019-04-24 17:15:00,1207.2755
2019-04-24 17:30:00,1025.7466
2019-04-24 17:45:00,825.1418
2019-04-24 18:00:00,757.6113
2019-04-24 18:15:00,498.3189
2019-04-24 18:30:00,470.07727
2019-04-24 18:45:00,203.18466
2019-04-24 19:00:00,182.44151
2019-04-24 19:15:00,38.133686
2019-04-24 19:30:00,23.735226
2019-04-24 19:45:00,5.6429534
2019-04-24 20:00:00,0.0
2019-04-24 20:15:00,0.0
2019-04-24 20:30:00,0.0
2019-04-24 20:45:00,0.0
2019-04-24 21:00:00,0.035439104
2019-04-24 21:15:00,0.0751656
2019-04-24 21:30:00,0.098797984
2019-04-24 21:45:00,0.11328311
2019-04-24 22:00:00,0.12244816
2019-04-24 22:15:00,0.12842569
2019-04-24 22:30:00,0.13243367
2019-04-24 22:45:00,0.13518715
2019-04-24 23:00:00,0.13711794
2019-04-24 23:15:00,0.1384933
2019-04-24 23:30:00,0.13948402
2019-04-24 23:45:00,0.14020017
2019-04-25 00:00:00,0.14071389
2019-04-25 00:15:00,0.14107469
2019-04-25 00:30:00,0.23537491
2019-04-25 00:45:00,0.40143728
2019-04-25 01:00:00,0.4563652
2019-04-25 01:15:00,0.40143728
2019-04-25 01:30:00,0.23537491
2019-04-25 01:45:00,0.14107469
2019-04-25 02:00:00,0.14071389
2019-04-25 02:15:00,0.1402
2019-04-25 02:30:00,0.13948412
2019-04-25 02:45:00,0.1384933
2019-04-25 03:00:00,0.13711794
2019-04-25 03:15:00,0.13518715
2019-04-25 03:30:00,0.13243367
2019-04-25 03:45:00,0.12842569
2019-04-25 04:00:00,0.12244816
2019-04-25 04:15:00,0.11328311
2019-04-25 04:30:00,0.098797984
2019-04-25 04:45:00,0.0751656
2019-04-25 05:00:00,0.035439104
2019-04-25 05:15:00,0.0
2019-04-25 05:30:00,0.0
2019-04-25 05:45:00,0.0
2019-04-25 06:00:00,0.0
2019-04-25 06:15:00,5.4371443
2019-04-25 06:30:00,9.177975
2019-04-25 06:45:00,11.131407
2019-04-25 07:00:00,5.651185
2019-04-25 07:15:00,170.95113
2019-04-25 07:30:00,195.7795
2019-04-25 07:45:00,467.72043
2019-04-25 08:00:00,485.56213
2019-04-25 08:15:00,826.7831
2019-04-25 08:30:00,975.11365
2019-04-25 08:45:00,1180.5146
2019-04-25 09:00:00,1387.285
2019-04-25 09:15:00,1529.8981
2019-04-25 09:30:00,1672.0609
2019-04-25 09:45:00,1928.2623
2019-04-25 10:00:00,2001.5116
2019-04-25 10:15:00,2188.3188
2019-04-25 10:30:00,2206.4705
2019-04-25 10:45:00,2165.5002
2019-04-25 11:00:00,2179.2798
2019-04-25 11:15:00,2361.8677
2019-04-25 11:30:00,2354.585
2019-04-25 11:45:00,2342.1309
2019-04-25 12:00:00,2340.4214
2019-04-25 12:15:00,2073.3757
2019-04-25 12:30:00,2069.0164
2019-04-25 12:45:00,1740.3774
2019-04-25 13:00:00,1736.4207
2019-04-25 13:15:00,1976.5371
2019-04-25 13:30:00,1981.1218
2019-04-25 13:45:00,2152.7908
2019-04-25 14:00:00,2155.6704
2019-04-25 14:15:00,2290.585
2019-04-25 14:30:00,2285.8232
2019-04-25 14:45:00,2620.4746
2019-04-25 15:00:00,2619.6162
2019-04-25 15:15:00,2547.7407
2019-04-25 15:30:00,2561.3433
2019-04-25 15:45:00,2304.1035
2019-04-25 16:00:00,2295.0498
2019-04-25 16:15:00,1885.4666
2019-04-25 16:30:00,1822.0767
2019-04-25 16:45:00,1585.0935
2019-04-25 17:00:00,1562.6326
2019-04-25 17:15:00,1279.3672
2019-04-25 17:30:00,1371.4121
2019-04-25 17:45:00,949.9177
2019-04-25 18:00:00,1048.6583
2019-04-25 18:15:00,620.5867
2019-04-25 18:30:00,678.1064
2019-04-25 18:45:00,259.12332
2019-04-25 19:00:00,251.1776
2019-04-25 19:15:00,67.75889
2019-04-25 19:30:00,54.27216
2019-04-25 19:45:00,5.8386846
2019-04-25 20:00:00,0.0
2019-04-25 20:15:00,0.0
2019-04-25 20:30:00,0.0
2019-04-25 20:45:00,0.0
2019-04-25 21:00:00,0.035439104
2019-04-25 21:15:00,0.0751656
2019-04-25 21:30:00,0.098797984
2019-04-25 21:45:00,0.11328311
2019-04-25 22:00:00,0.12244816
2019-04-25 22:15:00,0.12842569
2019-04-25 22:30:00,0.13243367
2019-04-25 22:45:00,0.13518715
2019-04-25 23:00:00,0.13711794
2019-04-25 23:15:00,0.1384933
2019-04-25 23:30:00,0.13948402
2019-04-25 23:45:00,0.14020017
2019-04-26 00:00:00,0.14071389
2019-04-26 00:15:00,0.14107469
2019-04-26 00:30:00,0.23537491
2019-04-26 00:45:00,0.40143728
2019-04-26 01:00:00,0.4563652
2019-04-26 01:15:00,0.40143728
2019-04-26 01:30:00,0.23537491
2019-04-26 01:45:00,0.14107469
2019-04-26 02:00:00,0.14071389
2019-04-26 02:15:00,0.1402
2019-04-26 02:30:00,0.13948412
2019-04-26 02:45:00,0.1384933
2019-04-26 03:00:00,0.13711794
2019-04-26 03:15:00,0.13518715
2019-04-26 03:30:00,0.13243367
2019-04-26 03:45:00,0.12842569
2019-04-26 04:00:00,0.12244816
2019-04-26 04:15:00,0.11328311
2019-04-26 04:30:00,0.098797984
2019-04-26 04:45:00,0.0751656
2019-04-26 05:00:00,0.035439104
2019-04-26 05:15:00,0.0
2019-04-26 05:30:00,0.0
2019-04-26 05:45:00,0.0
2019-04-26 06:00:00,0.0
2019-04-26 06:15:00,5.4371443
2019-04-26 06:30:00,9.177975
2019-04-26 06:45:00,14.375406
2019-04-26 07:00:00,20.582762
2019-04-26 07:15:00,225.1253
2019-04-26 07:30:00,262.0902
2019-04-26 07:45:00,544.225
2019-04-26 08:00:00,603.15393
2019-04-26 08:15:00,874.043
2019-04-26 08:30:00,1005.33734
2019-04-26 08:45:00,1179.4885
2019-04-26 09:00:00,1388.8599
2019-04-26 09:15:00,1528.705
2019-04-26 09:30:00,1693.5883
2019-04-26 09:45:00,1819.2561
2019-04-26 10:00:00,1847.3658
2019-04-26 10:15:00,1902.5221
2019-04-26 10:30:00,1895.3843
2019-04-26 10:45:00,1748.4429
2019-04-26 11:00:00,1706.7036
2019-04-26 11:15:00,1492.8956
2019-04-26 11:30:00,1484.4468
2019-04-26 11:45:00,1504.3906
2019-04-26 12:00:00,1476.8271
2019-04-26 12:15:00,1550.9773
2019-04-26 12:30:00,1532.9888
2019-04-26 12:45:00,1715.0364
2019-04-26 13:00:00,1711.0269
2019-04-26 13:15:00,1819.5696
2019-04-26 13:30:00,1829.3413
2019-04-26 13:45:00,1694.3762
2019-04-26 14:00:00,1717.0042
2019-04-26 14:15:00,1773.6296
2019-04-26 14:30:00,1780.491
2019-04-26 14:45:00,1871.199
2019-04-26 15:00:00,1889.5764
2019-04-26 15:15:00,1950.0688
2019-04-26 15:30:00,1953.0979
2019-04-26 15:45:00,1982.031
2019-04-26 16:00:00,1935.0046
2019-04-26 16:15:00,1863.4419
2019-04-26 16:30:00,1789.9492
2019-04-26 16:45:00,1626.9397
2019-04-26 17:00:00,1652.9065
2019-04-26 17:15:00,1196.5161
2019-04-26 17:30:00,1152.4471
2019-04-26 17:45:00,821.87317
2019-04-26 18:00:00,745.18677
2019-04-26 18:15:00,520.39124
2019-04-26 18:30:00,511.47595
2019-04-26 18:45:00,248.17883
2019-04-26 19:00:00,235.69171
2019-04-26 19:15:00,65.68909
2019-04-26 19:30:00,51.253193
2019-04-26 19:45:00,5.8386846
2019-04-26 20:00:00,0.0
2019-04-26 20:15:00,0.0
2019-04-26 20:30:00,0.0
2019-04-26 20:45:00,0.0
2019-04-26 21:00:00,0.035439104
2019-04-26 21:15:00,0.0751656
2019-04-26 21:30:00,0.098797984
2019-04-26 21:45:00,0.11328311
2019-04-26 22:00:00,0.12244816
2019-04-26 22:15:00,0.12842569
2019-04-26 22:30:00,0.13243367
2019-04-26 22:45:00,0.13518715
2019-04-26 23:00:00,0.13711794
2019-04-26 23:15:00,0.1384933
2019-04-26 23:30:00,0.13948402
2019-04-26 23:45:00,0.14020017
2019-04-27 00:00:00,0.14071389
2019-04-27 00:15:00,0.14107469
2019-04-27 00:30:00,0.23537491
2019-04-27 00:45:00,0.40143728
2019-04-27 01:00:00,0.4563652
2019-04-27 01:15:00,0.40143728
2019-04-27 01:30:00,0.23537491
2019-04-27 01:45:00,0.14107469
2019-04-27 02:00:00,0.14071389
2019-04-27 02:15:00,0.1402
2019-04-27 02:30:00,0.13948412
2019-04-27 02:45:00,0.1384933
2019-04-27 03:00:00,0.13711794
2019-04-27 03:15:00,0.13518715
2019-04-27 03:30:00,0.13243367
2019-04-27 03:45:00,0.12842569
2019-04-27 04:00:00,0.12244816
2019-04-27 04:15:00,0.11328311
2019-04-27 04:30:00,0.098797984
2019-04-27 04:45:00,0.0751656
2019-04-27 05:00:00,0.035439104
2019-04-27 05:15:00,0.0
2019-04-27 05:30:00,0.0
2019-04-27 05:45:00,0.0
2019-04-27 06:00:00,0.0
2019-04-27 06:15:00,5.4371443
2019-04-27 06:30:00,9.177975
2019-04-27 06:45:00,22.76886
2019-04-27 07:00:00,31.12615
2019-04-27 07:15:00,239.74779
2019-04-27 07:30:00,279.7842
2019-04-27 07:45:00,559.8142
2019-04-27 08:00:00,619.9848
2019-04-27 08:15:00,902.59045
2019-04-27 08:30:00,1001.0208
2019-04-27 08:45:00,1291.8977
2019-04-27 09:00:00,1363.0134
2019-04-27 09:15:00,1707.8301
2019-04-27 09:30:00,1739.8931
2019-04-27 09:45:00,2101.0415
2019-04-27 10:00:00,2136.0273
2019-04-27 10:15:00,2463.9644
2019-04-27 10:30:00,2452.3125
2019-04-27 10:45:00,2647.0562
2019-04-27 11:00:00,2637.56
2019-04-27 11:15:00,2786.7812
2019-04-27 11:30:00,2788.494
2019-04-27 11:45:00,2928.8667
2019-04-27 12:00:00,2929.2637
2019-04-27 12:15:00,3164.3906
2019-04-27 12:30:00,3161.279
2019-04-27 12:45:00,3451.9429
2019-04-27 13:00:00,3449.3613
2019-04-27 13:15:00,3470.27
2019-04-27 13:30:00,3483.73
2019-04-27 13:45:00,3443.5322
2019-04-27 14:00:00,3490.1655
2019-04-27 14:15:00,3369.1116
2019-04-27 14:30:00,3468.166
2019-04-27 14:45:00,3236.6763
2019-04-27 15:00:00,3410.2268
2019-04-27 15:15:00,3064.901
2019-04-27 15:30:00,3311.1855
2019-04-27 15:45:00,2863.374
2019-04-27 16:00:00,3138.953
2019-04-27 16:15:00,2569.567
2019-04-27 16:30:00,2862.616
2019-04-27 16:45:00,2072.58
2019-04-27 17:00:00,2534.044
2019-04-27 17:15:00,1367.561
2019-04-27 17:30:00,1597.7605
2019-04-27 17:45:00,841.68994
2019-04-27 18:00:00,817.4807
2019-04-27 18:15:00,662.4655
2019-04-27 18:30:00,792.5506
2019-04-27 18:45:00,356.52756
2019-04-27 19:00:00,421.06946
2019-04-27 19:15:00,67.75889
2019-04-27 19:30:00,54.27216
2019-04-27 19:45:00,5.932754
2019-04-27 20:00:00,0.0
2019-04-27 20:15:00,0.0
2019-04-27 20:30:00,0.0
2019-04-27 20:45:00,0.0
2019-04-27 21:00:00,0.035439104
2019-04-27 21:15:00,0.0751656
2019-04-27 21:30:00,0.098797984
2019-04-27 21:45:00,0.11328311
2019-04-27 22:00:00,0.12244816
2019-04-27 22:15:00,0.12842569
2019-04-27 22:30:00,0.13243367
2019-04-27 22:45:00,0.13518715
2019-04-27 23:00:00,0.13711794
2019-04-27 23:15:00,0.1384933
2019-04-27 23:30:00,0.13948402
2019-04-27 23:45:00,0.14020017
2019-04-28 00:00:00,0.14071389
2019-04-28 00:15:00,0.14107469
2019-04-28 00:30:00,0.23537491
2019-04-28 00:45:00,0.40143728
2019-04-28 01:00:00,0.4563652
2019-04-28 01:15:00,0.40143728
2019-04-28 01:30:00,0.23537491
2019-04-28 01:45:00,0.14107469
2019-04-28 02:00:00,0.14071389
2019-04-28 02:15:00,0.1402
2019-04-28 02:30:00,0.13948412
2019-04-28 02:45:00,0.1384933
2019-04-28 03:00:00,0.13711794
2019-04-28 03:15:00,0.13518715
2019-04-28 03:30:00,0.13243367
2019-04-28 03:45:00,0.12842569
2019-04-28 04:00:00,0.12244816
2019-04-28 04:15:00,0.11328311
2019-04-28 04:30:00,0.098797984
2019-04-28 04:45:00,0.0751656
2019-04-28 05:00:00,0.035439104
2019-04-28 05:15:00,0.0
2019-04-28 05:30:00,0.0
2019-04-28 05:45:00,0.0
2019-04-28 06:00:00,0.0
2019-04-28 06:15:00,5.541324
2019-04-28 06:30:00,9.723947
2019-04-28 06:45:00,27.199284
2019-04-28 07:00:00,35.309654
2019-04-28 07:15:00,243.93982
2019-04-28 07:30:00,285.5038
2019-04-28 07:45:00,564.6292
2019-04-28 08:00:00,624.41565
2019-04-28 08:15:00,908.30994
2019-04-28 08:30:00,1000.5879
2019-04-28 08:45:00,1305.2479
2019-04-28 09:00:00,1369.1842
2019-04-28 09:15:00,1744.6438
2019-04-28 09:30:00,1763.8489
2019-04-28 09:45:00,2240.0125
2019-04-28 10:00:00,2231.0076
2019-04-28 10:15:00,2667.3726
2019-04-28 10:30:00,2612.7915
2019-04-28 10:45:00,2932.3835
2019-04-28 11:00:00,2887.3418
2019-04-28 11:15:00,3150.6387
2019-04-28 11:30:00,3124.4
2019-04-28 11:45:00,3335.4316
2019-04-28 12:00:00,3316.7778
2019-04-28 12:15:00,3452.6753
2019-04-28 12:30:00,3435.1663
2019-04-28 12:45:00,3514.6914
2019-04-28 13:00:00,3508.625
2019-04-28 13:15:00,3529.5938
2019-04-28 13:30:00,3548.6392
2019-04-28 13:45:00,3511.8804
2019-04-28 14:00:00,3550.5562
2019-04-28 14:15:00,3456.415
2019-04-28 14:30:00,3516.2908
2019-04-28 14:45:00,3322.4143
2019-04-28 15:00:00,3442.4648
2019-04-28 15:15:00,3103.592
2019-04-28 15:30:00,3328.2808
2019-04-28 15:45:00,2880.7866
2019-04-28 16:00:00,3153.6484
2019-04-28 16:15:00,2592.6165
2019-04-28 16:30:00,2880.5698
2019-04-28 16:45:00,2108.4487
2019-04-28 17:00:00,2556.7593
2019-04-28 17:15:00,1619.9329
2019-04-28 17:30:00,2173.0703
2019-04-28 17:45:00,1162.5859
2019-04-28 18:00:00,1707.436
2019-04-28 18:15:00,760.343
2019-04-28 18:30:00,1229.7183
2019-04-28 18:45:00,396.3476
2019-04-28 19:00:00,562.19617
2019-04-28 19:15:00,96.11609
2019-04-28 19:30:00,104.6878
2019-04-28 19:45:00,5.932754
2019-04-28 20:00:00,0.0
2019-04-28 20:15:00,0.0
2019-04-28 20:30:00,0.0
2019-04-28 20:45:00,0.0
2019-04-28 21:00:00,0.035439104
2019-04-28 21:15:00,0.0751656
2019-04-28 21:30:00,0.098797984
2019-04-28 21:45:00,0.11328311
2019-04-28 22:00:00,0.12244816
2019-04-28 22:15:00,0.12842569
2019-04-28 22:30:00,0.13243367
2019-04-28 22:45:00,0.13518715
2019-04-28 23:00:00,0.13711794
2019-04-28 23:15:00,0.1384933
2019-04-28 23:30:00,0.13948402
2019-04-28 23:45:00,0.14020017
2019-04-29 00:00:00,0.14071389
2019-04-29 00:15:00,0.14107469
2019-04-29 00:30:00,0.23537491
2019-04-29 00:45:00,0.40143728
2019-04-29 01:00:00,0.4563652
2019-04-29 01:15:00,0.40143728
2019-04-29 01:30:00,0.23537491
2019-04-29 01:45:00,0.14107469
2019-04-29 02:00:00,0.14071389
2019-04-29 02:15:00,0.1402
2019-04-29 02:30:00,0.13948412
2019-04-29 02:45:00,0.1384933
2019-04-29 03:00:00,0.13711794
2019-04-29 03:15:00,0.13518715
2019-04-29 03:30:00,0.13243367
2019-04-29 03:45:00,0.12842569
2019-04-29 04:00:00,0.12244816
2019-04-29 04:15:00,0.11328311
2019-04-29 04:30:00,0.098797984
2019-04-29 04:45:00,0.0751656
2019-04-29 05:00:00,0.035439104
2019-04-29 05:15:00,0.0
2019-04-29 05:30:00,0.0
2019-04-29 05:45:00,0.0
2019-04-29 06:00:00,0.0
2019-04-29 06:15:00,5.541324
2019-04-29 06:30:00,9.723947
2019-04-29 06:45:00,31.596704
2019-04-29 07:00:00,39.471474
2019-04-29 07:15:00,248.17883
2019-04-29 07:30:00,291.12314
2019-04-29 07:45:00,577.4794
2019-04-29 08:00:00,634.72754
2019-04-29 08:15:00,923.33826
2019-04-29 08:30:00,1000.566
2019-04-29 08:45:00,1315.93
2019-04-29 09:00:00,1374.4585
2019-04-29 09:15:00,1749.6776
2019-04-29 09:30:00,1766.9916
2019-04-29 09:45:00,2247.1216
2019-04-29 10:00:00,2235.3599
2019-04-29 10:15:00,2667.3726
2019-04-29 10:30:00,2612.7915
2019-04-29 10:45:00,2902.9473
2019-04-29 11:00:00,2863.4277
2019-04-29 11:15:00,2892.8193
2019-04-29 11:30:00,2891.4673
2019-04-29 11:45:00,3061.22
2019-04-29 12:00:00,3060.4712
2019-04-29 12:15:00,3267.9531
2019-04-29 12:30:00,3262.4526
2019-04-29 12:45:00,3474.196
2019-04-29 13:00:00,3470.5488
2019-04-29 13:15:00,3491.0547
2019-04-29 13:30:00,3508.8262
2019-04-29 13:45:00,3472.7734
2019-04-29 14:00:00,3523.9597
2019-04-29 14:15:00,3405.4316
2019-04-29 14:30:00,3496.5562
2019-04-29 14:45:00,3265.5054
2019-04-29 15:00:00,3425.7441
2019-04-29 15:15:00,3071.5083
2019-04-29 15:30:00,3314.9238
2019-04-29 15:45:00,2863.374
2019-04-29 16:00:00,3138.953
2019-04-29 16:15:00,2569.567
2019-04-29 16:30:00,2862.616
2019-04-29 16:45:00,2081.4626
2019-04-29 17:00:00,2539.8066
2019-04-29 17:15:00,1604.889
2019-04-29 17:30:00,2158.2808
2019-04-29 17:45:00,1124.3204
2019-04-29 18:00:00,1658.429
2019-04-29 18:15:00,696.11884
2019-04-29 18:30:00,976.6171
2019-04-29 18:45:00,323.59546
2019-04-29 19:00:00,339.07593
2019-04-29 19:15:00,88.10991
2019-04-29 19:30:00,88.518425
2019-04-29 19:45:00,6.0242677
2019-04-29 20:00:00,0.0
2019-04-29 20:15:00,0.0
2019-04-29 20:30:00,0.0
2019-04-29 20:45:00,0.0
2019-04-29 21:00:00,0.035439104
2019-04-29 21:15:00,0.0751656
2019-04-29 21:30:00,0.098797984
2019-04-29 21:45:00,0.11328311
2019-04-29 22:00:00,0.12244816
2019-04-29 22:15:00,0.12842569
2019-04-29 22:30:00,0.13243367
2019-04-29 22:45:00,0.13518715
2019-04-29 23:00:00,0.13711794
2019-04-29 23:15:00,0.1384933
2019-04-29 23:30:00,0.13948402
2019-04-29 23:45:00,0.14020017
2019-04-30 00:00:00,0.14071389
2019-04-30 00:15:00,0.14107469
2019-04-30 00:30:00,0.23537491
2019-04-30 00:45:00,0.40143728
2019-04-30 01:00:00,0.4563652
2019-04-30 01:15:00,0.40143728
2019-04-30 01:30:00,0.23537491
2019-04-30 01:45:00,0.14107469
2019-04-30 02:00:00,0.14071389
2019-04-30 02:15:00,0.1402
2019-04-30 02:30:00,0.13948412
2019-04-30 02:45:00,0.1384933
2019-04-30 03:00:00,0.13711794
2019-04-30 03:15:00,0.13518715
2019-04-30 03:30:00,0.13243367
2019-04-30 03:45:00,0.12842569
2019-04-30 04:00:00,0.12244816
2019-04-30 04:15:00,0.11328311
2019-04-30 04:30:00,0.098797984
2019-04-30 04:45:00,0.0751656
2019-04-30 05:00:00,0.035439104
2019-04-30 05:15:00,0.0
2019-04-30 05:30:00,0.0
2019-04-30 05:45:00,0.0
2019-04-30 06:00:00,0.0
2019-04-30 06:15:00,5.541324
2019-04-30 06:30:00,9.723947
2019-04-30 06:45:00,38.133686
2019-04-30 07:00:00,45.66943
2019-04-30 07:15:00,254.67322
2019-04-30 07:30:00,299.3506
2019-04-30 07:45:00,569.62524
2019-04-30 08:00:00,628.67206
2019-04-30 08:15:00,949.9177
2019-04-30 08:30:00,1004.5117
2019-04-30 08:45:00,1348.35
2019-04-30 09:00:00,1390.7102
2019-04-30 09:15:00,1794.6196
2019-04-30 09:30:00,1793.3689
2019-04-30 09:45:00,2309.7942
2019-04-30 10:00:00,2271.394
2019-04-30 10:15:00,2717.4688
2019-04-30 10:30:00,2648.0637
2019-04-30 10:45:00,2961.5159
2019-04-30 11:00:00,2911.823
2019-04-30 11:15:00,3173.7246
2019-04-30 11:30:00,3145.755
2019-04-30 11:45:00,3349.0713
2019-04-30 12:00:00,3328.4573
2019-04-30 12:15:00,3457.4697
2019-04-30 12:30:00,3438.7378
2019-04-30 12:45:00,3514.6914
2019-04-30 13:00:00,3508.625
2019-04-30 13:15:00,3529.5938
2019-04-30 13:30:00,3548.6392
2019-04-30 13:45:00,3511.8804
2019-04-30 14:00:00,3550.5562
2019-04-30 14:15:00,3456.415
2019-04-30 14:30:00,3516.2908
2019-04-30 14:45:00,3311.8806
2019-04-30 15:00:00,3440.0305
2019-04-30 15:15:00,3086.255
2019-04-30 15:30:00,3321.8818
2019-04-30 15:45:00,2863.374
2019-04-30 16:00:00,3138.953
2019-04-30 16:15:00,2569.567
2019-04-30 16:30:00,2862.616
2019-04-30 16:45:00,2081.4626
2019-04-30 17:00:00,2539.8066
2019-04-30 17:15:00,1612.4309
2019-04-30 17:30:00,2165.711
2019-04-30 17:45:00,1162.5859
2019-04-30 18:00:00,1707.436
2019-04-30 18:15:00,756.06256
2019-04-30 18:30:00,1221.4001
2019-04-30 18:45:00,363.82495
2019-04-30 19:00:00,444.77658
2019-04-30 19:15:00,90.116165
2019-04-30 19:30:00,92.11575
2019-04-30 19:45:00,6.0242677
2019-04-30 20:00:00,0.0
2019-04-30 20:15:00,0.0
2019-04-30 20:30:00,0.0
2019-04-30 20:45:00,0.0
2019-04-30 21:00:00,0.035439104
2019-04-30 21:15:00,0.0751656
2019-04-30 21:30:00,0.098797984
2019-04-30 21:45:00,0.11328311
2019-04-30 22:00:00,0.12244816
2019-04-30 22:15:00,0.12842569
2019-04-30 22:30:00,0.13243367
2019-04-30 22:45:00,0.13518715
2019-04-30 23:00:00,0.13711794
2019-04-30 23:15:00,0.1384933
2019-04-30 23:30:00,0.13948402
2019-04-30 23:45:00,0.14020017
2019-05-01 00:00:00,0.14071389
2019-05-01 00:15:00,0.14107469
2019-05-01 00:30:00,0.23537491
2019-05-01 00:45:00,0.40143728
2019-05-01 01:00:00,0.4563652
2019-05-01 01:15:00,0.40143728
2019-05-01 01:30:00,0.23537491
2019-05-01 01:45:00,0.14107469
2019-05-01 02:00:00,0.14071389
2019-05-01 02:15:00,0.1402
2019-05-01 02:30:00,0.13948412
2019-05-01 02:45:00,0.1384933
2019-05-01 03:00:00,0.13711794
2019-05-01 03:15:00,0.13518715
2019-05-01 03:30:00,0.13243367
2019-05-01 03:45:00,0.12842569
2019-05-01 04:00:00,0.12244816
2019-05-01 04:15:00,0.11328311
2019-05-01 04:30:00,0.098797984
2019-05-01 04:45:00,0.0751656
2019-05-01 05:00:00,0.035439104
2019-05-01 05:15:00,0.0
2019-05-01 05:30:00,0.0
2019-05-01 05:45:00,0.0
2019-05-01 06:00:00,0.0
2019-05-01 06:15:00,5.541324
2019-05-01 06:30:00,9.723947
2019-05-01 06:45:00,27.199284
2019-05-01 07:00:00,35.309654
2019-05-01 07:15:00,250.32272
2019-05-01 07:30:00,293.89334
2019-05-01 07:45:00,588.6677
2019-05-01 08:00:00,642.1972
2019-05-01 08:15:00,926.4772
2019-05-01 08:30:00,1000.7743
2019-05-01 08:45:00,1288.6951
2019-05-01 09:00:00,1361.643
2019-05-01 09:15:00,1707.8301
2019-05-01 09:30:00,1739.8931
2019-05-01 09:45:00,2175.9365
2019-05-01 10:00:00,2189.276
2019-05-01 10:15:00,2597.8765
2019-05-01 10:30:00,2561.3433
2019-05-01 10:45:00,2846.2505
2019-05-01 11:00:00,2816.6382
2019-05-01 11:15:00,3020.54
2019-05-01 11:30:00,3011.2217
2019-05-01 11:45:00,3209.851
2019-05-01 12:00:00,3200.7397
2019-05-01 12:15:00,3360.6963
2019-05-01 12:30:00,3351.5908
2019-05-01 12:45:00,3421.6829
2019-05-01 13:00:00,3419.671
2019-05-01 13:15:00,3421.6829
2019-05-01 13:30:00,3428.1426
2019-05-01 13:45:00,3360.6963
2019-05-01 14:00:00,3374.8628
2019-05-01 14:15:00,3185.4414
2019-05-01 14:30:00,3203.1743
2019-05-01 14:45:00,3059.1562
2019-05-01 15:00:00,3098.439
2019-05-01 15:15:00,2883.5898
2019-05-01 15:30:00,2955.5776
2019-05-01 15:45:00,2608.878
2019-05-01 16:00:00,2722.3086
2019-05-01 16:15:00,2131.521
2019-05-01 16:30:00,2248.1006
2019-05-01 16:45:00,1611.2959
2019-05-01 17:00:00,1616.1228
2019-05-01 17:15:00,1186.3865
2019-05-01 17:30:00,1125.811
2019-05-01 17:45:00,856.7796
2019-05-01 18:00:00,859.1858
2019-05-01 18:15:00,564.6292
2019-05-01 18:30:00,592.4706
2019-05-01 18:45:00,268.38858
2019-05-01 19:00:00,264.09134
2019-05-01 19:15:00,82.064644
2019-05-01 19:30:00,77.7831
2019-05-01 19:45:00,6.0242677
2019-05-01 20:00:00,0.0
2019-05-01 20:15:00,0.0
2019-05-01 20:30:00,0.0
2019-05-01 20:45:00,0.0
2019-05-01 21:00:00,0.035439104
2019-05-01 21:15:00,0.0751656
2019-05-01 21:30:00,0.098797984
2019-05-01 21:45:00,0.11328311
2019-05-01 22:00:00,0.12244816
2019-05-01 22:15:00,0.12842569
2019-05-01 22:30:00,0.13243367
2019-05-01 22:45:00,0.13518715
2019-05-01 23:00:00,0.13711794
2019-05-01 23:15:00,0.1384933
2019-05-01 23:30:00,0.13948402
2019-05-01 23:45:00,0.14020017
2019-05-02 00:00:00,0.14071389
2019-05-02 00:15:00,0.14107469
2019-05-02 00:30:00,0.23537491
2019-05-02 00:45:00,0.40143728
2019-05-02 01:00:00,0.4563652
2019-05-02 01:15:00,0.40143728
2019-05-02 01:30:00,0.23537491
2019-05-02 01:45:00,0.14107469
2019-05-02 02:00:00,0.14071389
2019-05-02 02:15:00,0.1402
2019-05-02 02:30:00,0.13948412
2019-05-02 02:45:00,0.1384933
2019-05-02 03:00:00,0.13711794
2019-05-02 03:15:00,0.13518715
2019-05-02 03:30:00,0.13243367
2019-05-02 03:45:00,0.12842569
2019-05-02 04:00:00,0.12244816
2019-05-02 04:15:00,0.11328311
2019-05-02 04:30:00,0.098797984
2019-05-02 04:45:00,0.0751656
2019-05-02 05:00:00,0.035439104
2019-05-02 05:15:00,0.0
2019-05-02 05:30:00,0.0
2019-05-02 05:45:00,0.0
2019-05-02 06:00:00,0.0
2019-05-02 06:15:00,5.541324
2019-05-02 06:30:00,9.723947
2019-05-02 06:45:00,24.988297
2019-05-02 07:00:00,33.22055
2019-05-02 07:15:00,212.19252
2019-05-02 07:30:00,246.33464
2019-05-02 07:45:00,526.196
2019-05-02 08:00:00,578.6973
2019-05-02 08:15:00,829.3605
2019-05-02 08:30:00,982.46716
2019-05-02 08:45:00,1204.4617
2019-05-02 09:00:00,1360.8025
2019-05-02 09:15:00,1534.8306
2019-05-02 09:30:00,1688.3816
2019-05-02 09:45:00,1826.5305
2019-05-02 10:00:00,1932.1029
2019-05-02 10:15:00,1897.1421
2019-05-02 10:30:00,1888.5874
2019-05-02 10:45:00,1523.6179
2019-05-02 11:00:00,1477.1504
2019-05-02 11:15:00,1306.9792
2019-05-02 11:30:00,1309.7168
2019-05-02 11:45:00,1191.7537
2019-05-02 12:00:00,1184.2114
2019-05-02 12:15:00,1460.6506
2019-05-02 12:30:00,1444.4927
2019-05-02 12:45:00,1586.1367
2019-05-02 13:00:00,1582.3169
2019-05-02 13:15:00,1447.2059
2019-05-02 13:30:00,1456.9595
2019-05-02 13:45:00,1129.1007
2019-05-02 14:00:00,1135.4062
2019-05-02 14:15:00,1044.7773
2019-05-02 14:30:00,1051.035
2019-05-02 14:45:00,1034.1475
2019-05-02 15:00:00,1031.9144
2019-05-02 15:15:00,970.0812
2019-05-02 15:30:00,920.93256
2019-05-02 15:45:00,813.121
2019-05-02 16:00:00,772.3381
2019-05-02 16:15:00,790.0825
2019-05-02 16:30:00,867.5856
2019-05-02 16:45:00,828.5984
2019-05-02 17:00:00,977.8566
2019-05-02 17:15:00,808.98694
2019-05-02 17:30:00,850.6176
2019-05-02 17:45:00,664.81384
2019-05-02 18:00:00,617.70514
2019-05-02 18:15:00,447.46344
2019-05-02 18:30:00,399.4601
2019-05-02 18:45:00,227.23033
2019-05-02 19:00:00,210.49152
2019-05-02 19:15:00,78.00807
2019-05-02 19:30:00,70.750946
2019-05-02 19:45:00,6.113226
2019-05-02 20:00:00,0.0
2019-05-02 20:15:00,0.0
2019-05-02 20:30:00,0.0
2019-05-02 20:45:00,0.0
2019-05-02 21:00:00,0.035439104
2019-05-02 21:15:00,0.0751656
2019-05-02 21:30:00,0.098797984
2019-05-02 21:45:00,0.11328311
2019-05-02 22:00:00,0.12244816
2019-05-02 22:15:00,0.12842569
2019-05-02 22:30:00,0.13243367
2019-05-02 22:45:00,0.13518715
2019-05-02 23:00:00,0.13711794
2019-05-02 23:15:00,0.1384933
2019-05-02 23:30:00,0.13948402
2019-05-02 23:45:00,0.14020017
2019-05-03 00:00:00,0.14071389
2019-05-03 00:15:00,0.14107469
2019-05-03 00:30:00,0.23537491
2019-05-03 00:45:00,0.40143728
2019-05-03 01:00:00,0.4563652
2019-05-03 01:15:00,0.40143728
2019-05-03 01:30:00,0.23537491
2019-05-03 01:45:00,0.14107469
2019-05-03 02:00:00,0.14071389
2019-05-03 02:15:00,0.1402
2019-05-03 02:30:00,0.13948412
2019-05-03 02:45:00,0.1384933
2019-05-03 03:00:00,0.13711794
2019-05-03 03:15:00,0.13518715
2019-05-03 03:30:00,0.13243367
2019-05-03 03:45:00,0.12842569
2019-05-03 04:00:00,0.12244816
2019-05-03 04:15:00,0.11328311
2019-05-03 04:30:00,0.098797984
2019-05-03 04:45:00,0.0751656
2019-05-03 05:00:00,0.035439104
2019-05-03 05:15:00,0.0
2019-05-03 05:30:00,0.0
2019-05-03 05:45:00,0.0
2019-05-03 06:00:00,0.0
2019-05-03 06:15:00,5.6429534
2019-05-03 06:30:00,10.263989
2019-05-03 06:45:00,33.783394
2019-05-03 07:00:00,41.543655
2019-05-03 07:15:00,189.00117
2019-05-03 07:30:00,218.78282
2019-05-03 07:45:00,411.58426
2019-05-03 08:00:00,404.5113
2019-05-03 08:15:00,664.81384
2019-05-03 08:30:00,664.682
2019-05-03 08:45:00,959.5309
2019-05-03 09:00:00,842.32074
2019-05-03 09:15:00,947.95996
2019-05-03 09:30:00,814.8377
2019-05-03 09:45:00,826.84033
2019-05-03 10:00:00,782.4821
2019-05-03 10:15:00,927.8025
2019-05-03 10:30:00,977.46466
2019-05-03 10:45:00,1304.8705
2019-05-03 11:00:00,1307.3824
2019-05-03 11:15:00,1316.4202
2019-05-03 11:30:00,1320.4602
2019-05-03 11:45:00,1198.8169
2019-05-03 12:00:00,1191.2058
2019-05-03 12:15:00,1544.4539
2019-05-03 12:30:00,1526.5803
2019-05-03 12:45:00,1624.8596
2019-05-03 13:00:00,1620.9219
2019-05-03 13:15:00,1682.9949
2019-05-03 13:30:00,1694.8555
2019-05-03 13:45:00,1557.508
2019-05-03 14:00:00,1582.1287
2019-05-03 14:15:00,1804.8857
2019-05-03 14:30:00,1811.926
2019-05-03 14:45:00,2015.173
2019-05-03 15:00:00,2018.4376
2019-05-03 15:15:00,2033.748
2019-05-03 15:30:00,2021.756
2019-05-03 15:45:00,2028.373
2019-05-03 16:00:00,1973.9004
2019-05-03 16:15:00,1820.649
2019-05-03 16:30:00,1708.0114
2019-05-03 16:45:00,1555.967
2019-05-03 17:00:00,1351.5865
2019-05-03 17:15:00,1157.5554
2019-05-03 17:30:00,1006.2728
2019-05-03 17:45:00,698.42065
2019-05-03 18:00:00,636.6586
2019-05-03 18:15:00,444.95258
2019-05-03 18:30:00,396.8555
2019-05-03 18:45:00,229.32591
2019-05-03 19:00:00,213.02097
2019-05-03 19:15:00,82.064644
2019-05-03 19:30:00,77.7831
2019-05-03 19:45:00,6.1996098
2019-05-03 20:00:00,0.0
2019-05-03 20:15:00,0.0
2019-05-03 20:30:00,0.0
2019-05-03 20:45:00,0.0
2019-05-03 21:00:00,0.035439104
2019-05-03 21:15:00,0.0751656
2019-05-03 21:30:00,0.098797984
2019-05-03 21:45:00,0.11328311
2019-05-03 22:00:00,0.12244816
2019-05-03 22:15:00,0.12842569
2019-05-03 22:30:00,0.13243367
2019-05-03 22:45:00,0.13518715
2019-05-03 23:00:00,0.13711794
2019-05-03 23:15:00,0.1384933
2019-05-03 23:30:00,0.13948402
2019-05-03 23:45:00,0.14020017
2019-05-04 00:00:00,0.14071389
2019-05-04 00:15:00,0.14107469
2019-05-04 00:30:00,0.23537491
2019-05-04 00:45:00,0.40143728
2019-05-04 01:00:00,0.4563652
2019-05-04 01:15:00,0.40143728
2019-05-04 01:30:00,0.23537491
2019-05-04 01:45:00,0.14107469
2019-05-04 02:00:00,0.14071389
2019-05-04 02:15:00,0.1402
2019-05-04 02:30:00,0.13948412
2019-05-04 02:45:00,0.1384933
2019-05-04 03:00:00,0.13711794
2019-05-04 03:15:00,0.13518715
2019-05-04 03:30:00,0.13243367
2019-05-04 03:45:00,0.12842569
2019-05-04 04:00:00,0.12244816
2019-05-04 04:15:00,0.11328311
2019-05-04 04:30:00,0.098797984
2019-05-04 04:45:00,0.0751656
2019-05-04 05:00:00,0.035439104
2019-05-04 05:15:00,0.0
2019-05-04 05:30:00,0.0
2019-05-04 05:45:00,0.0
2019-05-04 06:00:00,0.0
2019-05-04 06:15:00,5.6429534
2019-05-04 06:30:00,10.263989
2019-05-04 06:45:00,40.297356
2019-05-04 07:00:00,47.722435
2019-05-04 07:15:00,207.73196
2019-05-04 07:30:00,240.94687
2019-05-04 07:45:00,423.3178
2019-05-04 08:00:00,419.255
2019-05-04 08:15:00,668.71326
2019-05-04 08:30:00,669.566
2019-05-04 08:45:00,1119.6578
2019-05-04 09:00:00,1086.9825
2019-05-04 09:15:00,1060.7942
2019-05-04 09:30:00,887.9476
2019-05-04 09:45:00,1167.002
2019-05-04 10:00:00,1007.45325
2019-05-04 10:15:00,1768.9438
2019-05-04 10:30:00,1725.6288
2019-05-04 10:45:00,2031.2759
2019-05-04 11:00:00,2036.6345
2019-05-04 11:15:00,2109.001
2019-05-04 11:30:00,2110.3394
2019-05-04 11:45:00,2177.5652
2019-05-04 12:00:00,2176.2693
2019-05-04 12:15:00,2205.8267
2019-05-04 12:30:00,2204.0244
2019-05-04 12:45:00,2313.034
2019-05-04 13:00:00,2312.5247
2019-05-04 13:15:00,2696.4236
2019-05-04 13:30:00,2699.5547
2019-05-04 13:45:00,2717.3115
2019-05-04 14:00:00,2718.8384
2019-05-04 14:15:00,2738.7656
2019-05-04 14:30:00,2735.7512
2019-05-04 14:45:00,2651.9377
2019-05-04 15:00:00,2652.0083
2019-05-04 15:15:00,2395.2664
2019-05-04 15:30:00,2392.4368
2019-05-04 15:45:00,2031.7454
2019-05-04 16:00:00,1978.1182
2019-05-04 16:15:00,1754.8754
2019-05-04 16:30:00,1707.1206
2019-05-04 16:45:00,1529.605
2019-05-04 17:00:00,1383.501
2019-05-04 17:15:00,1215.6873
2019-05-04 17:30:00,1003.7257
2019-05-04 17:45:00,787.7011
2019-05-04 18:00:00,685.8263
2019-05-04 18:15:00,482.72955
2019-05-04 18:30:00,446.0617
2019-05-04 18:45:00,250.32272
2019-05-04 19:00:00,238.57378
2019-05-04 19:15:00,92.11878
2019-05-04 19:30:00,96.06096
2019-05-04 19:45:00,6.283402
2019-05-04 20:00:00,0.0
2019-05-04 20:15:00,0.0
2019-05-04 20:30:00,0.0
2019-05-04 20:45:00,0.0
2019-05-04 21:00:00,0.035439104
2019-05-04 21:15:00,0.0751656
2019-05-04 21:30:00,0.098797984
2019-05-04 21:45:00,0.11328311
2019-05-04 22:00:00,0.12244816
2019-05-04 22:15:00,0.12842569
2019-05-04 22:30:00,0.13243367
2019-05-04 22:45:00,0.13518715
2019-05-04 23:00:00,0.13711794
2019-05-04 23:15:00,0.1384933
2019-05-04 23:30:00,0.13948402
2019-05-04 23:45:00,0.14020017
2019-05-05 00:00:00,0.14071389
2019-05-05 00:15:00,0.14107469
2019-05-05 00:30:00,0.23537491
2019-05-05 00:45:00,0.40143728
2019-05-05 01:00:00,0.4563652
2019-05-05 01:15:00,0.40143728
2019-05-05 01:30:00,0.23537491
2019-05-05 01:45:00,0.14107469
2019-05-05 02:00:00,0.14071389
2019-05-05 02:15:00,0.1402
2019-05-05 02:30:00,0.13948412
2019-05-05 02:45:00,0.1384933
2019-05-05 03:00:00,0.13711794
2019-05-05 03:15:00,0.13518715
2019-05-05 03:30:00,0.13243367
2019-05-05 03:45:00,0.12842569
2019-05-05 04:00:00,0.12244816
2019-05-05 04:15:00,0.11328311
2019-05-05 04:30:00,0.098797984
2019-05-05 04:45:00,0.0751656
2019-05-05 05:00:00,0.035439104
2019-05-05 05:15:00,0.0
2019-05-05 05:30:00,0.0
2019-05-05 05:45:00,0.0
2019-05-05 06:00:00,0.0
2019-05-05 06:15:00,5.6429534
2019-05-05 06:30:00,10.263989
2019-05-05 06:45:00,59.43816
2019-05-05 07:00:00,65.85915
2019-05-05 07:15:00,327.24176
2019-05-05 07:30:00,353.42792
2019-05-05 07:45:00,691.84015
2019-05-05 08:00:00,685.8263
2019-05-05 08:15:00,1068.047
2019-05-05 08:30:00,1047.5541
2019-05-05 08:45:00,1508.2186
2019-05-05 09:00:00,1452.9867
2019-05-05 09:15:00,1982.3307
2019-05-05 09:30:00,1883.314
2019-05-05 09:45:00,2499.3892
2019-05-05 10:00:00,2377.433
2019-05-05 10:15:00,2826.832
2019-05-05 10:30:00,2736.5269
2019-05-05 10:45:00,3047.2886
2019-05-05 11:00:00,2990.8457
2019-05-05 11:15:00,3265.5054
2019-05-05 11:30:00,3216.4858
2019-05-05 11:45:00,3434.079
2019-05-05 12:00:00,3382.8848
2019-05-05 12:15:00,3527.959
2019-05-05 12:30:00,3493.471
2019-05-05 12:45:00,3565.1797
2019-05-05 13:00:00,3560.1226
2019-05-05 13:15:00,3572.1528
2019-05-05 13:30:00,3581.4106
2019-05-05 13:45:00,3557.6372
2019-05-05 14:00:00,3571.5051
2019-05-05 14:15:00,3511.226
2019-05-05 14:30:00,3532.383
2019-05-05 14:45:00,3420.9766
2019-05-05 15:00:00,3462.5024
2019-05-05 15:15:00,3250.2578
2019-05-05 15:30:00,3357.1775
2019-05-05 15:45:00,2998.1533
2019-05-05 16:00:00,3203.375
2019-05-05 16:15:00,2714.6074
2019-05-05 16:30:00,2951.6113
2019-05-05 16:45:00,2275.8223
2019-05-05 17:00:00,2627.6328
2019-05-05 17:15:00,1753.7805
2019-05-05 17:30:00,2277.1895
2019-05-05 17:45:00,1296.635
2019-05-05 18:00:00,1833.2913
2019-05-05 18:15:00,849.72943
2019-05-05 18:30:00,1328.6746
2019-05-05 18:45:00,425.12167
2019-05-05 19:00:00,650.85486
2019-05-05 19:15:00,108.11677
2019-05-05 19:30:00,127.976166
2019-05-05 19:45:00,6.364602
2019-05-05 20:00:00,0.0
2019-05-05 20:15:00,0.0
2019-05-05 20:30:00,0.0
2019-05-05 20:45:00,0.0
2019-05-05 21:00:00,0.035439104
2019-05-05 21:15:00,0.0751656
2019-05-05 21:30:00,0.098797984
2019-05-05 21:45:00,0.11328311
2019-05-05 22:00:00,0.12244816
2019-05-05 22:15:00,0.12842569
2019-05-05 22:30:00,0.13243367
2019-05-05 22:45:00,0.13518715
2019-05-05 23:00:00,0.13711794
2019-05-05 23:15:00,0.1384933
2019-05-05 23:30:00,0.13948402
2019-05-05 23:45:00,0.14020017
2019-05-06 00:00:00,0.14071389
2019-05-06 00:15:00,0.14107469
2019-05-06 00:30:00,0.23537491
2019-05-06 00:45:00,0.40143728
2019-05-06 01:00:00,0.4563652
2019-05-06 01:15:00,0.40143728
2019-05-06 01:30:00,0.23537491
2019-05-06 01:45:00,0.14107469
2019-05-06 02:00:00,0.14071389
2019-05-06 02:15:00,0.1402
2019-05-06 02:30:00,0.13948412
2019-05-06 02:45:00,0.1384933
2019-05-06 03:00:00,0.13711794
2019-05-06 03:15:00,0.13518715
2019-05-06 03:30:00,0.13243367
2019-05-06 03:45:00,0.12842569
2019-05-06 04:00:00,0.12244816
2019-05-06 04:15:00,0.11328311
2019-05-06 04:30:00,0.098797984
2019-05-06 04:45:00,0.0751656
2019-05-06 05:00:00,0.035439104
2019-05-06 05:15:00,0.0
2019-05-06 05:30:00,0.0
2019-05-06 05:45:00,0.0
2019-05-06 06:00:00,0.0
2019-05-06 06:15:00,5.7420835
2019-05-06 06:30:00,10.798216
2019-05-06 06:45:00,71.87804
2019-05-06 07:00:00,77.563614
2019-05-06 07:15:00,330.89554
2019-05-06 07:30:00,355.14377
2019-05-06 07:45:00,666.5719
2019-05-06 08:00:00,675.93115
2019-05-06 08:15:00,1017.82715
2019-05-06 08:30:00,1027.7041
2019-05-06 08:45:00,1414.7104
2019-05-06 09:00:00,1419.6184
2019-05-06 09:15:00,1866.1989
2019-05-06 09:30:00,1829.6499
2019-05-06 09:45:00,2335.9924
2019-05-06 10:00:00,2285.4797
2019-05-06 10:15:00,2496.7527
2019-05-06 10:30:00,2479.6213
2019-05-06 10:45:00,2429.77
2019-05-06 11:00:00,2430.6694
2019-05-06 11:15:00,2138.5747
2019-05-06 11:30:00,2142.4211
2019-05-06 11:45:00,1968.44
2019-05-06 12:00:00,1960.9911
2019-05-06 12:15:00,1570.5876
2019-05-06 12:30:00,1552.2804
2019-05-06 12:45:00,1367.266
2019-05-06 13:00:00,1365.8424
2019-05-06 13:15:00,1434.9105
2019-05-06 13:30:00,1444.4927
2019-05-06 13:45:00,1404.0789
2019-05-06 14:00:00,1425.1201
2019-05-06 14:15:00,1621.9274
2019-05-06 14:30:00,1638.0312
2019-05-06 14:45:00,1688.0396
2019-05-06 15:00:00,1712.9026
2019-05-06 15:15:00,1719.882
2019-05-06 15:30:00,1766.0593
2019-05-06 15:45:00,1705.3442
2019-05-06 16:00:00,1744.3391
2019-05-06 16:15:00,1749.3201
2019-05-06 16:30:00,1706.1111
2019-05-06 16:45:00,1512.1755
2019-05-06 17:00:00,1438.5398
2019-05-06 17:15:00,1279.3672
2019-05-06 17:30:00,1371.4121
2019-05-06 17:45:00,908.30994
2019-05-06 18:00:00,966.79895
2019-05-06 18:15:00,607.11
2019-05-06 18:30:00,655.5839
2019-05-06 18:45:00,338.21786
2019-05-06 19:00:00,370.13568
2019-05-06 19:15:00,116.25821
2019-05-06 19:30:00,140.9908
2019-05-06 19:45:00,6.364602
2019-05-06 20:00:00,0.0
2019-05-06 20:15:00,0.0
2019-05-06 20:30:00,0.0
2019-05-06 20:45:00,0.0
2019-05-06 21:00:00,0.035439104
2019-05-06 21:15:00,0.0751656
2019-05-06 21:30:00,0.098797984
2019-05-06 21:45:00,0.11328311
2019-05-06 22:00:00,0.12244816
2019-05-06 22:15:00,0.12842569
2019-05-06 22:30:00,0.13243367
2019-05-06 22:45:00,0.13518715
2019-05-06 23:00:00,0.13711794
2019-05-06 23:15:00,0.1384933
2019-05-06 23:30:00,0.13948402
2019-05-06 23:45:00,0.14020017
2019-05-07 00:00:00,0.14071389
2019-05-07 00:15:00,0.14107469
2019-05-07 00:30:00,0.23537491
2019-05-07 00:45:00,0.40143728
2019-05-07 01:00:00,0.4563652
2019-05-07 01:15:00,0.40143728
2019-05-07 01:30:00,0.23537491
2019-05-07 01:45:00,0.14107469
2019-05-07 02:00:00,0.14071389
2019-05-07 02:15:00,0.1402
2019-05-07 02:30:00,0.13948412
2019-05-07 02:45:00,0.1384933
2019-05-07 03:00:00,0.13711794
2019-05-07 03:15:00,0.13518715
2019-05-07 03:30:00,0.13243367
2019-05-07 03:45:00,0.12842569
2019-05-07 04:00:00,0.12244816
2019-05-07 04:15:00,0.11328311
2019-05-07 04:30:00,0.098797984
2019-05-07 04:45:00,0.0751656
2019-05-07 05:00:00,0.035439104
2019-05-07 05:15:00,0.0
2019-05-07 05:30:00,0.0
2019-05-07 05:45:00,0.0
2019-05-07 06:00:00,0.0
2019-05-07 06:15:00,5.7420835
2019-05-07 06:30:00,10.798216
2019-05-07 06:45:00,65.68909
2019-05-07 07:00:00,71.75194
2019-05-07 07:15:00,254.67322
2019-05-07 07:30:00,299.3506
2019-05-07 07:45:00,459.26947
2019-05-07 08:00:00,470.26324
2019-05-07 08:15:00,708.8919
2019-05-07 08:30:00,719.612
2019-05-07 08:45:00,1088.6042
2019-05-07 09:00:00,1034.6674
2019-05-07 09:15:00,1118.3534
2019-05-07 09:30:00,945.55597
2019-05-07 09:45:00,1782.3308
2019-05-07 10:00:00,1783.3357
2019-05-07 10:15:00,1822.657
2019-05-07 10:30:00,1794.0173
2019-05-07 10:45:00,1929.1941
2019-05-07 11:00:00,1915.9224
2019-05-07 11:15:00,1814.0992
2019-05-07 11:30:00,1801.5126
2019-05-07 11:45:00,2031.6659
2019-05-07 12:00:00,2025.156
2019-05-07 12:15:00,2163.535
2019-05-07 12:30:00,2160.9934
2019-05-07 12:45:00,2239.5127
2019-05-07 13:00:00,2239.1138
2019-05-07 13:15:00,2740.8623
2019-05-07 13:30:00,2743.1729
2019-05-07 13:45:00,2881.9902
2019-05-07 14:00:00,2883.3457
2019-05-07 14:15:00,2971.5554
2019-05-07 14:30:00,2970.848
2019-05-07 14:45:00,2885.399
2019-05-07 15:00:00,2899.4956
2019-05-07 15:15:00,2764.2515
2019-05-07 15:30:00,2819.9602
2019-05-07 15:45:00,2631.5625
2019-05-07 16:00:00,2746.8855
2019-05-07 16:15:00,2309.7942
2019-05-07 16:30:00,2552.2876
2019-05-07 16:45:00,1936.1085
2019-05-07 17:00:00,2427.2559
2019-05-07 17:15:00,1298.4579
2019-05-07 17:30:00,1414.77
2019-05-07 17:45:00,1195.093
2019-05-07 18:00:00,1744.8766
2019-05-07 18:15:00,679.09534
2019-05-07 18:30:00,872.838
2019-05-07 18:45:00,381.95505
2019-05-07 19:00:00,509.36926
2019-05-07 19:15:00,108.11677
2019-05-07 19:30:00,127.976166
2019-05-07 19:45:00,6.4431844
2019-05-07 20:00:00,0.0
2019-05-07 20:15:00,0.0
2019-05-07 20:30:00,0.0
2019-05-07 20:45:00,0.0
2019-05-07 21:00:00,0.035439104
2019-05-07 21:15:00,0.0751656
2019-05-07 21:30:00,0.098797984
2019-05-07 21:45:00,0.11328311
2019-05-07 22:00:00,0.12244816
2019-05-07 22:15:00,0.12842569
2019-05-07 22:30:00,0.13243367
2019-05-07 22:45:00,0.13518715
2019-05-07 23:00:00,0.13711794
2019-05-07 23:15:00,0.1384933
2019-05-07 23:30:00,0.13948402
2019-05-07 23:45:00,0.14020017
2019-05-08 00:00:00,0.14071389
2019-05-08 00:15:00,0.14107469
2019-05-08 00:30:00,0.23537491
2019-05-08 00:45:00,0.40143728
2019-05-08 01:00:00,0.4563652
2019-05-08 01:15:00,0.40143728
2019-05-08 01:30:00,0.23537491
2019-05-08 01:45:00,0.14107469
2019-05-08 02:00:00,0.14071389
2019-05-08 02:15:00,0.1402
2019-05-08 02:30:00,0.13948412
2019-05-08 02:45:00,0.1384933
2019-05-08 03:00:00,0.13711794
2019-05-08 03:15:00,0.13518715
2019-05-08 03:30:00,0.13243367
2019-05-08 03:45:00,0.12842569
2019-05-08 04:00:00,0.12244816
2019-05-08 04:15:00,0.11328311
2019-05-08 04:30:00,0.098797984
2019-05-08 04:45:00,0.0751656
2019-05-08 05:00:00,0.035439104
2019-05-08 05:15:00,0.0
2019-05-08 05:30:00,0.0
2019-05-08 05:45:00,0.0
2019-05-08 06:00:00,0.0
2019-05-08 06:15:00,5.8386846
2019-05-08 06:30:00,11.3266735
2019-05-08 06:45:00,84.08465
2019-05-08 07:00:00,91.416405
2019-05-08 07:15:00,360.17938
2019-05-08 07:30:00,367.57904
2019-05-08 07:45:00,700.4061
2019-05-08 08:00:00,689.44696
2019-05-08 08:15:00,1062.0662
2019-05-08 08:30:00,1045.1731
2019-05-08 08:45:00,1466.793
2019-05-08 09:00:00,1438.5398
2019-05-08 09:15:00,1926.9636
2019-05-08 09:30:00,1857.5266
2019-05-08 09:45:00,2428.9414
2019-05-08 10:00:00,2334.8547
2019-05-08 10:15:00,2778.2288
2019-05-08 10:30:00,2693.5386
2019-05-08 10:45:00,3003.5723
2019-05-08 11:00:00,2950.1414
2019-05-08 11:15:00,3207.8633
2019-05-08 11:30:00,3176.4995
2019-05-08 11:45:00,3374.5798
2019-05-08 12:00:00,3347.7354
2019-05-08 12:15:00,3467.5234
2019-05-08 12:30:00,3446.0522
2019-05-08 12:45:00,3514.6914
2019-05-08 13:00:00,3508.625
2019-05-08 13:15:00,3524.6265
2019-05-08 13:30:00,3544.143
2019-05-08 13:45:00,3506.268
2019-05-08 14:00:00,3547.552
2019-05-08 14:15:00,3449.0117
2019-05-08 14:30:00,3514.0137
2019-05-08 14:45:00,3322.4143
2019-05-08 15:00:00,3442.4648
2019-05-08 15:15:00,3124.1533
2019-05-08 15:30:00,3334.234
2019-05-08 15:45:00,2908.7122
2019-05-08 16:00:00,3171.6353
2019-05-08 16:15:00,2644.708
2019-05-08 16:30:00,2916.2249
2019-05-08 16:45:00,2206.3066
2019-05-08 17:00:00,2605.9194
2019-05-08 17:15:00,1729.6464
2019-05-08 17:30:00,2263.9683
2019-05-08 17:45:00,1296.635
2019-05-08 18:00:00,1833.2913
2019-05-08 18:15:00,872.5322
2019-05-08 18:30:00,1341.789
2019-05-08 18:45:00,491.30127
2019-05-08 19:00:00,759.3978
2019-05-08 19:15:00,144.35124
2019-05-08 19:30:00,172.43608
2019-05-08 19:45:00,6.51914
2019-05-08 20:00:00,0.0
2019-05-08 20:15:00,0.0
2019-05-08 20:30:00,0.0
2019-05-08 20:45:00,0.0
2019-05-08 21:00:00,0.035439104
2019-05-08 21:15:00,0.0751656
2019-05-08 21:30:00,0.098797984
2019-05-08 21:45:00,0.11328311
2019-05-08 22:00:00,0.12244816
2019-05-08 22:15:00,0.12842569
2019-05-08 22:30:00,0.13243367
2019-05-08 22:45:00,0.13518715
2019-05-08 23:00:00,0.13711794
2019-05-08 23:15:00,0.1384933
2019-05-08 23:30:00,0.13948402
2019-05-08 23:45:00,0.14020017
2019-05-09 00:00:00,0.14071389
2019-05-09 00:15:00,0.14107469
2019-05-09 00:30:00,0.23537491
2019-05-09 00:45:00,0.40143728
2019-05-09 01:00:00,0.4563652
2019-05-09 01:15:00,0.40143728
2019-05-09 01:30:00,0.23537491
2019-05-09 01:45:00,0.14107469
2019-05-09 02:00:00,0.14071389
2019-05-09 02:15:00,0.1402
2019-05-09 02:30:00,0.13948412
2019-05-09 02:45:00,0.1384933
2019-05-09 03:00:00,0.13711794
2019-05-09 03:15:00,0.13518715
2019-05-09 03:30:00,0.13243367
2019-05-09 03:45:00,0.12842569
2019-05-09 04:00:00,0.12244816
2019-05-09 04:15:00,0.11328311
2019-05-09 04:30:00,0.098797984
2019-05-09 04:45:00,0.0751656
2019-05-09 05:00:00,0.035439104
2019-05-09 05:15:00,0.0
2019-05-09 05:30:00,0.0
2019-05-09 05:45:00,0.0
2019-05-09 06:00:00,0.0
2019-05-09 06:15:00,5.8386846
2019-05-09 06:30:00,11.3266735
2019-05-09 06:45:00,90.116165
2019-05-09 07:00:00,98.63216
2019-05-09 07:15:00,378.34277
2019-05-09 07:30:00,379.19116
2019-05-09 07:45:00,721.87415
2019-05-09 08:00:00,699.3264
2019-05-09 08:15:00,1092.665
2019-05-09 08:30:00,1057.4557
2019-05-09 08:45:00,1525.0203
2019-05-09 09:00:00,1459.0033
2019-05-09 09:15:00,1991.5543
2019-05-09 09:30:00,1887.8025
2019-05-09 09:45:00,2499.3892
2019-05-09 10:00:00,2377.433
2019-05-09 10:15:00,2826.832
2019-05-09 10:30:00,2736.5269
2019-05-09 10:45:00,3003.5723
2019-05-09 11:00:00,2950.1414
2019-05-09 11:15:00,3169.0776
2019-05-09 11:30:00,3141.437
2019-05-09 11:45:00,3392.358
2019-05-09 12:00:00,3359.2715
2019-05-09 12:15:00,3407.7168
2019-05-09 12:30:00,3397.2788
2019-05-09 12:45:00,3384.6775
2019-05-09 13:00:00,3382.7832
2019-05-09 13:15:00,3415.0503
2019-05-09 13:30:00,3421.2322
2019-05-09 13:45:00,3371.5967
2019-05-09 14:00:00,3386.9863
2019-05-09 14:15:00,3185.4414
2019-05-09 14:30:00,3203.1743
2019-05-09 14:45:00,3050.3647
2019-05-09 15:00:00,3089.0525
2019-05-09 15:15:00,2841.7266
2019-05-09 15:30:00,2912.3105
2019-05-09 15:45:00,2692.2473
2019-05-09 16:00:00,2825.5903
2019-05-09 16:15:00,2382.0474
2019-05-09 16:30:00,2685.772
2019-05-09 16:45:00,1679.4998
2019-05-09 17:00:00,1780.4943
2019-05-09 17:15:00,1185.2605
2019-05-09 17:30:00,1122.3242
2019-05-09 17:45:00,828.47986
2019-05-09 18:00:00,770.9513
2019-05-09 18:15:00,544.225
2019-05-09 18:30:00,558.0266
2019-05-09 18:45:00,287.99786
2019-05-09 19:00:00,288.78775
2019-05-09 19:15:00,112.16086
2019-05-09 19:30:00,134.72955
2019-05-09 19:45:00,6.592508
2019-05-09 20:00:00,0.0
2019-05-09 20:15:00,0.0
2019-05-09 20:30:00,0.0
2019-05-09 20:45:00,0.0
2019-05-09 21:00:00,0.035439104
2019-05-09 21:15:00,0.0751656
2019-05-09 21:30:00,0.098797984
2019-05-09 21:45:00,0.11328311
2019-05-09 22:00:00,0.12244816
2019-05-09 22:15:00,0.12842569
2019-05-09 22:30:00,0.13243367
2019-05-09 22:45:00,0.13518715
2019-05-09 23:00:00,0.13711794
2019-05-09 23:15:00,0.1384933
2019-05-09 23:30:00,0.13948402
2019-05-09 23:45:00,0.14020017
2019-05-10 00:00:00,0.14071389
2019-05-10 00:15:00,0.14107469
2019-05-10 00:30:00,0.23537491
2019-05-10 00:45:00,0.40143728
2019-05-10 01:00:00,0.4563652
2019-05-10 01:15:00,0.40143728
2019-05-10 01:30:00,0.23537491
2019-05-10 01:45:00,0.14107469
2019-05-10 02:00:00,0.14071389
2019-05-10 02:15:00,0.1402
2019-05-10 02:30:00,0.13948412
2019-05-10 02:45:00,0.1384933
2019-05-10 03:00:00,0.13711794
2019-05-10 03:15:00,0.13518715
2019-05-10 03:30:00,0.13243367
2019-05-10 03:45:00,0.12842569
2019-05-10 04:00:00,0.12244816
2019-05-10 04:15:00,0.11328311
2019-05-10 04:30:00,0.098797984
2019-05-10 04:45:00,0.0751656
2019-05-10 05:00:00,0.035439104
2019-05-10 05:15:00,0.0
2019-05-10 05:30:00,0.0
2019-05-10 05:45:00,0.0
2019-05-10 06:00:00,0.0
2019-05-10 06:15:00,5.8386846
2019-05-10 06:30:00,11.3266735
2019-05-10 06:45:00,96.11609
2019-05-10 07:00:00,105.80264
2019-05-10 07:15:00,392.75647
2019-05-10 07:30:00,389.18204
2019-05-10 07:45:00,747.52136
2019-05-10 08:00:00,712.8235
2019-05-10 08:15:00,1137.064
2019-05-10 08:30:00,1076.1176
2019-05-10 08:45:00,1581.8591
2019-05-10 09:00:00,1481.2961
2019-05-10 09:15:00,1835.237
2019-05-10 09:30:00,1814.6674
2019-05-10 09:45:00,1967.8699
2019-05-10 10:00:00,2033.6001
2019-05-10 10:15:00,1987.3065
2019-05-10 10:30:00,2002.5145
2019-05-10 10:45:00,1611.2747
2019-05-10 11:00:00,1560.3474
2019-05-10 11:15:00,1533.9763
2019-05-10 11:30:00,1529.2762
2019-05-10 11:45:00,1825.1226
2019-05-10 12:00:00,1814.4187
2019-05-10 12:15:00,1917.6548
2019-05-10 12:30:00,1908.6292
2019-05-10 12:45:00,1734.0725
2019-05-10 13:00:00,1730.1001
2019-05-10 13:15:00,1859.3209
2019-05-10 13:30:00,1867.8079
2019-05-10 13:45:00,1596.7964
2019-05-10 14:00:00,1621.572
2019-05-10 14:15:00,1309.6594
2019-05-10 14:30:00,1316.8772
2019-05-10 14:45:00,1746.827
2019-05-10 15:00:00,1772.2113
2019-05-10 15:15:00,1903.0198
2019-05-10 15:30:00,1914.906
2019-05-10 15:45:00,1852.9048
2019-05-10 16:00:00,1857.269
2019-05-10 16:15:00,1676.1501
2019-05-10 16:30:00,1671.3423
2019-05-10 16:45:00,1518.5221
2019-05-10 17:00:00,1386.691
2019-05-10 17:15:00,1190.9235
2019-05-10 17:30:00,1049.9746
2019-05-10 17:45:00,929.6643
2019-05-10 18:00:00,1006.29224
2019-05-10 18:15:00,662.4655
2019-05-10 18:30:00,792.5506
2019-05-10 18:45:00,389.1613
2019-05-10 19:00:00,536.047
2019-05-10 19:15:00,129.20311
2019-05-10 19:30:00,157.24615
2019-05-10 19:45:00,6.6632023
2019-05-10 20:00:00,0.0
2019-05-10 20:15:00,0.0
2019-05-10 20:30:00,0.0
2019-05-10 20:45:00,0.0
2019-05-10 21:00:00,0.035439104
2019-05-10 21:15:00,0.0751656
2019-05-10 21:30:00,0.098797984
2019-05-10 21:45:00,0.11328311
2019-05-10 22:00:00,0.12244816
2019-05-10 22:15:00,0.12842569
2019-05-10 22:30:00,0.13243367
2019-05-10 22:45:00,0.13518715
2019-05-10 23:00:00,0.13711794
2019-05-10 23:15:00,0.1384933
2019-05-10 23:30:00,0.13948402
2019-05-10 23:45:00,0.14020017
2019-05-11 00:00:00,0.14071389
2019-05-11 00:15:00,0.14107469
2019-05-11 00:30:00,0.23537491
2019-05-11 00:45:00,0.40143728
2019-05-11 01:00:00,0.4563652
2019-05-11 01:15:00,0.40143728
2019-05-11 01:30:00,0.23537491
2019-05-11 01:45:00,0.14107469
2019-05-11 02:00:00,0.14071389
2019-05-11 02:15:00,0.1402
2019-05-11 02:30:00,0.13948412
2019-05-11 02:45:00,0.1384933
2019-05-11 03:00:00,0.13711794
2019-05-11 03:15:00,0.13518715
2019-05-11 03:30:00,0.13243367
2019-05-11 03:45:00,0.12842569
2019-05-11 04:00:00,0.12244816
2019-05-11 04:15:00,0.11328311
2019-05-11 04:30:00,0.098797984
2019-05-11 04:45:00,0.0751656
2019-05-11 05:00:00,0.035439104
2019-05-11 05:15:00,0.0
2019-05-11 05:30:00,0.0
2019-05-11 05:45:00,0.0
2019-05-11 06:00:00,0.0
2019-05-11 06:15:00,5.8386846
2019-05-11 06:30:00,11.3266735
2019-05-11 06:45:00,88.10991
2019-05-11 07:00:00,96.233154
2019-05-11 07:15:00,371.09763
2019-05-11 07:30:00,374.25726
2019-05-11 07:45:00,726.1597
2019-05-11 08:00:00,701.4502
2019-05-11 08:15:00,1050.3718
2019-05-11 08:30:00,1040.5321
2019-05-11 08:45:00,1372.7689
2019-05-11 09:00:00,1402.179
2019-05-11 09:15:00,1691.2766
2019-05-11 09:30:00,1728.708
2019-05-11 09:45:00,2447.2993
2019-05-11 10:00:00,2345.2146
2019-05-11 10:15:00,2837.1033
2019-05-11 10:30:00,2746.4546
2019-05-11 10:45:00,3058.704
2019-05-11 11:00:00,3000.169
2019-05-11 11:15:00,3282.6318
2019-05-11 11:30:00,3225.339
2019-05-11 11:45:00,3441.541
2019-05-11 12:00:00,3386.9863
2019-05-11 12:15:00,3500.6
2019-05-11 12:30:00,3470.0918
2019-05-11 12:45:00,3529.5938
2019-05-11 13:00:00,3523.1108
2019-05-11 13:15:00,3539.3591
2019-05-11 13:30:00,3556.9731
2019-05-11 13:45:00,3517.392
2019-05-11 14:00:00,3553.3418
2019-05-11 14:15:00,3463.689
2019-05-11 14:30:00,3518.4365
2019-05-11 14:45:00,3365.791
2019-05-11 15:00:00,3451.269
2019-05-11 15:15:00,3250.2578
2019-05-11 15:30:00,3357.1775
2019-05-11 15:45:00,3045.8083
2019-05-11 16:00:00,3214.0234
2019-05-11 16:15:00,2783.4148
2019-05-11 16:30:00,2980.579
2019-05-11 16:45:00,2398.8071
2019-05-11 17:00:00,2655.287
2019-05-11 17:15:00,1860.2036
2019-05-11 17:30:00,2315.5142
2019-05-11 17:45:00,1418.73
2019-05-11 18:00:00,1885.5708
2019-05-11 18:15:00,927.5239
2019-05-11 18:30:00,1363.1721
2019-05-11 18:45:00,515.5322
2019-05-11 19:00:00,780.1633
2019-05-11 19:15:00,150.32591
2019-05-11 19:30:00,177.51562
2019-05-11 19:45:00,6.7312746
2019-05-11 20:00:00,0.0
2019-05-11 20:15:00,0.0
2019-05-11 20:30:00,0.0
2019-05-11 20:45:00,0.0
2019-05-11 21:00:00,0.035439104
2019-05-11 21:15:00,0.0751656
2019-05-11 21:30:00,0.098797984
2019-05-11 21:45:00,0.11328311
2019-05-11 22:00:00,0.12244816
2019-05-11 22:15:00,0.12842569
2019-05-11 22:30:00,0.13243367
2019-05-11 22:45:00,0.13518715
2019-05-11 23:00:00,0.13711794
2019-05-11 23:15:00,0.1384933
2019-05-11 23:30:00,0.13948402
2019-05-11 23:45:00,0.14020017
2019-05-12 00:00:00,0.14071389
2019-05-12 00:15:00,0.14107469
2019-05-12 00:30:00,0.23537491
2019-05-12 00:45:00,0.40143728
2019-05-12 01:00:00,0.4563652
2019-05-12 01:15:00,0.40143728
2019-05-12 01:30:00,0.23537491
2019-05-12 01:45:00,0.14107469
2019-05-12 02:00:00,0.14071389
2019-05-12 02:15:00,0.1402
2019-05-12 02:30:00,0.13948412
2019-05-12 02:45:00,0.1384933
2019-05-12 03:00:00,0.13711794
2019-05-12 03:15:00,0.13518715
2019-05-12 03:30:00,0.13243367
2019-05-12 03:45:00,0.12842569
2019-05-12 04:00:00,0.12244816
2019-05-12 04:15:00,0.11328311
2019-05-12 04:30:00,0.098797984
2019-05-12 04:45:00,0.0751656
2019-05-12 05:00:00,0.035439104
2019-05-12 05:15:00,0.0
2019-05-12 05:30:00,0.0
2019-05-12 05:45:00,0.0
2019-05-12 06:00:00,0.0
2019-05-12 06:15:00,5.932754
2019-05-12 06:30:00,11.8494
2019-05-12 06:45:00,92.11878
2019-05-12 07:00:00,101.025986
2019-05-12 07:15:00,385.5609
2019-05-12 07:30:00,384.16
2019-05-12 07:45:00,734.71545
2019-05-12 08:00:00,705.849
2019-05-12 08:15:00,1124.3204
2019-05-12 08:30:00,1070.6179
2019-05-12 08:45:00,1566.0658
2019-05-12 09:00:00,1474.7123
2019-05-12 09:15:00,2036.988
2019-05-12 09:30:00,1911.16
2019-05-12 09:45:00,2539.1558
2019-05-12 10:00:00,2405.8115
2019-05-12 10:15:00,2847.4119
2019-05-12 10:30:00,2756.538
2019-05-12 10:45:00,3071.5083
2019-05-12 11:00:00,3009.5552
2019-05-12 11:15:00,3301.6943
2019-05-12 11:30:00,3234.1875
2019-05-12 11:45:00,3463.689
2019-05-12 12:00:00,3399.8193
2019-05-12 12:15:00,3542.2043
2019-05-12 12:30:00,3508.8262
2019-05-12 12:45:00,3575.3145
2019-05-12 13:00:00,3571.3381
2019-05-12 13:15:00,3581.0269
2019-05-12 13:30:00,3587.603
2019-05-12 13:45:00,3566.6711
2019-05-12 14:00:00,3575.7866
2019-05-12 14:15:00,3523.2402
2019-05-12 14:30:00,3536.6084
2019-05-12 14:45:00,3445.8726
2019-05-12 15:00:00,3469.0698
2019-05-12 15:15:00,3326.7795
2019-05-12 15:30:00,3371.9556
2019-05-12 15:45:00,3135.4075
2019-05-12 16:00:00,3233.4624
2019-05-12 16:15:00,2850.001
2019-05-12 16:30:00,3008.6333
2019-05-12 16:45:00,2527.8916
2019-05-12 17:00:00,2689.9146
2019-05-12 17:15:00,2015.9114
2019-05-12 17:30:00,2345.9006
2019-05-12 17:45:00,1550.8298
2019-05-12 18:00:00,1923.0305
2019-05-12 18:15:00,942.51636
2019-05-12 18:30:00,1367.4148
2019-05-12 18:45:00,491.30127
2019-05-12 19:00:00,759.3978
2019-05-12 19:15:00,160.62128
2019-05-12 19:30:00,184.89589
2019-05-12 19:45:00,6.796627
2019-05-12 20:00:00,0.0
2019-05-12 20:15:00,0.0
2019-05-12 20:30:00,0.0
2019-05-12 20:45:00,0.0
2019-05-12 21:00:00,0.035439104
2019-05-12 21:15:00,0.0751656
2019-05-12 21:30:00,0.098797984
2019-05-12 21:45:00,0.11328311
2019-05-12 22:00:00,0.12244816
2019-05-12 22:15:00,0.12842569
2019-05-12 22:30:00,0.13243367
2019-05-12 22:45:00,0.13518715
2019-05-12 23:00:00,0.13711794
2019-05-12 23:15:00,0.1384933
2019-05-12 23:30:00,0.13948402
2019-05-12 23:45:00,0.14020017
2019-05-13 00:00:00,0.14071389
2019-05-13 00:15:00,0.14107469
2019-05-13 00:30:00,0.23537491
2019-05-13 00:45:00,0.40143728
2019-05-13 01:00:00,0.4563652
2019-05-13 01:15:00,0.40143728
2019-05-13 01:30:00,0.23537491
2019-05-13 01:45:00,0.14107469
2019-05-13 02:00:00,0.14071389
2019-05-13 02:15:00,0.1402
2019-05-13 02:30:00,0.13948412
2019-05-13 02:45:00,0.1384933
2019-05-13 03:00:00,0.13711794
2019-05-13 03:15:00,0.13518715
2019-05-13 03:30:00,0.13243367
2019-05-13 03:45:00,0.12842569
2019-05-13 04:00:00,0.12244816
2019-05-13 04:15:00,0.11328311
2019-05-13 04:30:00,0.098797984
2019-05-13 04:45:00,0.0751656
2019-05-13 05:00:00,0.035439104
2019-05-13 05:15:00,0.0
2019-05-13 05:30:00,0.0
2019-05-13 05:45:00,0.0
2019-05-13 06:00:00,0.0
2019-05-13 06:15:00,5.8386846
2019-05-13 06:30:00,11.3266735
2019-05-13 06:45:00,94.11843
2019-05-13 07:00:00,103.41586
2019-05-13 07:15:00,392.75647
2019-05-13 07:30:00,389.18204
2019-05-13 07:45:00,738.9867
2019-05-13 08:00:00,708.12366
2019-05-13 08:15:00,1117.9552
2019-05-13 08:30:00,1067.9185
2019-05-13 08:45:00,1558.0233
2019-05-13 09:00:00,1471.488
2019-05-13 09:15:00,2028.0026
2019-05-13 09:30:00,1906.3589
2019-05-13 09:45:00,2523.585
2019-05-13 10:00:00,2394.2715
2019-05-13 10:15:00,2800.5166
2019-05-13 10:30:00,2712.3384
2019-05-13 10:45:00,3047.2886
2019-05-13 11:00:00,2990.8457
2019-05-13 11:15:00,3236.6763
2019-05-13 11:30:00,3198.7288
2019-05-13 11:45:00,3449.0117
2019-05-13 12:00:00,3391.1692
2019-05-13 12:15:00,3532.9448
2019-05-13 12:30:00,3498.5083
2019-05-13 12:45:00,3568.776
2019-05-13 13:00:00,3564.073
2019-05-13 13:15:00,3575.3145
2019-05-13 13:30:00,3583.6143
2019-05-13 13:45:00,3560.8696
2019-05-13 14:00:00,3572.9998
2019-05-13 14:15:00,3519.5527
2019-05-13 14:30:00,3535.2449
2019-05-13 14:45:00,3445.8726
2019-05-13 15:00:00,3469.0698
2019-05-13 15:15:00,3326.7795
2019-05-13 15:30:00,3371.9556
2019-05-13 15:45:00,3135.4075
2019-05-13 16:00:00,3233.4624
2019-05-13 16:15:00,2850.001
2019-05-13 16:30:00,3008.6333
2019-05-13 16:45:00,2510.9539
2019-05-13 17:00:00,2684.0059
2019-05-13 17:15:00,2015.9114
2019-05-13 17:30:00,2345.9006
2019-05-13 17:45:00,1550.8298
2019-05-13 18:00:00,1923.0305
2019-05-13 18:15:00,1022.6642
2019-05-13 18:30:00,1384.3967
2019-05-13 18:45:00,547.95056
2019-05-13 19:00:00,799.92786
2019-05-13 19:15:00,168.59851
2019-05-13 19:30:00,189.69843
2019-05-13 19:45:00,6.8593826
2019-05-13 20:00:00,0.0
2019-05-13 20:15:00,0.0
2019-05-13 20:30:00,0.0
2019-05-13 20:45:00,0.0
2019-05-13 21:00:00,0.035439104
2019-05-13 21:15:00,0.0751656
2019-05-13 21:30:00,0.098797984
2019-05-13 21:45:00,0.11328311
2019-05-13 22:00:00,0.12244816
2019-05-13 22:15:00,0.12842569
2019-05-13 22:30:00,0.13243367
2019-05-13 22:45:00,0.13518715
2019-05-13 23:00:00,0.13711794
2019-05-13 23:15:00,0.1384933
2019-05-13 23:30:00,0.13948402
2019-05-13 23:45:00,0.14020017
2019-05-14 00:00:00,0.14071389
2019-05-14 00:15:00,0.14107469
2019-05-14 00:30:00,0.23537491
2019-05-14 00:45:00,0.40143728
2019-05-14 01:00:00,0.4563652
2019-05-14 01:15:00,0.40143728
2019-05-14 01:30:00,0.23537491
2019-05-14 01:45:00,0.14107469
2019-05-14 02:00:00,0.14071389
2019-05-14 02:15:00,0.1402
2019-05-14 02:30:00,0.13948412
2019-05-14 02:45:00,0.1384933
2019-05-14 03:00:00,0.13711794
2019-05-14 03:15:00,0.13518715
2019-05-14 03:30:00,0.13243367
2019-05-14 03:45:00,0.12842569
2019-05-14 04:00:00,0.12244816
2019-05-14 04:15:00,0.11328311
2019-05-14 04:30:00,0.098797984
2019-05-14 04:45:00,0.0751656
2019-05-14 05:00:00,0.035439104
2019-05-14 05:15:00,0.0
2019-05-14 05:30:00,0.0
2019-05-14 05:45:00,0.0
2019-05-14 06:00:00,0.0
2019-05-14 06:15:00,5.8386846
2019-05-14 06:30:00,11.3266735
2019-05-14 06:45:00,78.00807
2019-05-14 07:00:00,84.13322
2019-05-14 07:15:00,363.82495
2019-05-14 07:30:00,369.3411
2019-05-14 07:45:00,734.71545
2019-05-14 08:00:00,705.849
2019-05-14 08:15:00,1111.5999
2019-05-14 08:30:00,1065.2522
2019-05-14 08:45:00,1549.8875
2019-05-14 09:00:00,1468.3066
2019-05-14 09:15:00,2018.967
2019-05-14 09:30:00,1901.6249
2019-05-14 09:45:00,2515.6443
2019-05-14 10:00:00,2388.5986
2019-05-14 10:15:00,2831.974
2019-05-14 10:30:00,2741.4717
2019-05-14 10:45:00,3047.2886
2019-05-14 11:00:00,2990.8457
2019-05-14 11:15:00,3265.5054
2019-05-14 11:30:00,3216.4858
2019-05-14 11:45:00,3426.6875
2019-05-14 12:00:00,3378.8464
2019-05-14 12:15:00,3517.392
2019-05-14 12:30:00,3483.73
2019-05-14 12:45:00,3557.336
2019-05-14 13:00:00,3551.6343
2019-05-14 13:15:00,3568.776
2019-05-14 13:30:00,3579.048
2019-05-14 13:45:00,3554.1628
2019-05-14 14:00:00,3569.9326
2019-05-14 14:15:00,3506.5447
2019-05-14 14:30:00,3530.8765
2019-05-14 14:45:00,3413.2534
2019-05-14 15:00:00,3460.7563
2019-05-14 15:15:00,3220.8423
2019-05-14 15:30:00,3352.517
2019-05-14 15:45:00,2925.9573
2019-05-14 16:00:00,3180.0598
2019-05-14 16:15:00,2714.6074
2019-05-14 16:30:00,2951.6113
2019-05-14 16:45:00,2297.766
2019-05-14 17:00:00,2633.103
2019-05-14 17:15:00,1782.524
2019-05-14 17:30:00,2290.1895
2019-05-14 17:45:00,1296.635
2019-05-14 18:00:00,1833.2913
2019-05-14 18:15:00,836.9409
2019-05-14 18:30:00,1319.731
2019-05-14 18:45:00,481.1693
2019-05-14 19:00:00,748.48505
2019-05-14 19:15:00,144.35124
2019-05-14 19:30:00,172.43608
2019-05-14 19:45:00,6.796627
2019-05-14 20:00:00,0.0
2019-05-14 20:15:00,0.0
2019-05-14 20:30:00,0.0
2019-05-14 20:45:00,0.0
2019-05-14 21:00:00,0.035439104
2019-05-14 21:15:00,0.0751656
2019-05-14 21:30:00,0.098797984
2019-05-14 21:45:00,0.11328311
2019-05-14 22:00:00,0.12244816
2019-05-14 22:15:00,0.12842569
2019-05-14 22:30:00,0.13243367
2019-05-14 22:45:00,0.13518715
2019-05-14 23:00:00,0.13711794
2019-05-14 23:15:00,0.1384933
2019-05-14 23:30:00,0.13948402
2019-05-14 23:45:00,0.14020017
2019-05-15 00:00:00,0.14071389
2019-05-15 00:15:00,0.14107469
2019-05-15 00:30:00,0.23537491
2019-05-15 00:45:00,0.40143728
2019-05-15 01:00:00,0.4563652
2019-05-15 01:15:00,0.40143728
2019-05-15 01:30:00,0.23537491
2019-05-15 01:45:00,0.14107469
2019-05-15 02:00:00,0.14071389
2019-05-15 02:15:00,0.1402
2019-05-15 02:30:00,0.13948412
2019-05-15 02:45:00,0.1384933
2019-05-15 03:00:00,0.13711794
2019-05-15 03:15:00,0.13518715
2019-05-15 03:30:00,0.13243367
2019-05-15 03:45:00,0.12842569
2019-05-15 04:00:00,0.12244816
2019-05-15 04:15:00,0.11328311
2019-05-15 04:30:00,0.098797984
2019-05-15 04:45:00,0.0751656
2019-05-15 05:00:00,0.035439104
2019-05-15 05:15:00,0.0
2019-05-15 05:30:00,0.0
2019-05-15 05:45:00,0.0
2019-05-15 06:00:00,0.0
2019-05-15 06:15:00,6.113226
2019-05-15 06:30:00,12.87788
2019-05-15 06:45:00,104.10457
2019-05-15 07:00:00,115.34166
2019-05-15 07:15:00,403.52246
2019-05-15 07:30:00,396.85553
2019-05-15 07:45:00,751.7898
2019-05-15 08:00:00,715.2481
2019-05-15 08:15:00,1143.4377
2019-05-15 08:30:00,1078.918
2019-05-15 08:45:00,1581.8591
2019-05-15 09:00:00,1481.2961
2019-05-15 09:15:00,1954.5547
2019-05-15 09:30:00,1870.1848
2019-05-15 09:45:00,2254.3833
2019-05-15 10:00:00,2239.7446
2019-05-15 10:15:00,2766.5977
2019-05-15 10:30:00,2684.2876
2019-05-15 10:45:00,3064.901
2019-05-15 11:00:00,3004.8557
2019-05-15 11:15:00,3291.9282
2019-05-15 11:30:00,3229.7622
2019-05-15 11:45:00,3463.689
2019-05-15 12:00:00,3399.8193
2019-05-15 12:15:00,3546.4517
2019-05-15 12:30:00,3514.0498
2019-05-15 12:45:00,3578.2695
2019-05-15 13:00:00,3574.6492
2019-05-15 13:15:00,3583.5984
2019-05-15 13:30:00,3589.4111
2019-05-15 13:45:00,3566.6711
2019-05-15 14:00:00,3575.7866
2019-05-15 14:15:00,3523.2402
2019-05-15 14:30:00,3536.6084
2019-05-15 14:45:00,3434.56
2019-05-15 15:00:00,3465.8647
2019-05-15 15:15:00,3205.688
2019-05-15 15:30:00,3350.104
2019-05-15 15:45:00,2826.8335
2019-05-15 16:00:00,3098.1882
2019-05-15 16:15:00,2625.893
2019-05-15 16:30:00,2904.3628
2019-05-15 16:45:00,2117.6802
2019-05-15 17:00:00,2562.3193
2019-05-15 17:15:00,1378.1584
2019-05-15 17:30:00,1639.1313
2019-05-15 17:45:00,856.7796
2019-05-15 18:00:00,859.1858
2019-05-15 18:15:00,555.1704
2019-05-15 18:30:00,577.1691
2019-05-15 18:45:00,305.5504
2019-05-15 19:00:00,310.3861
2019-05-15 19:15:00,106.10782
2019-05-15 19:30:00,124.40728
2019-05-15 19:45:00,6.796627
2019-05-15 20:00:00,0.0
2019-05-15 20:15:00,0.0
2019-05-15 20:30:00,0.0
2019-05-15 20:45:00,0.0
2019-05-15 21:00:00,0.035439104
2019-05-15 21:15:00,0.0751656
2019-05-15 21:30:00,0.098797984
2019-05-15 21:45:00,0.11328311
2019-05-15 22:00:00,0.12244816
2019-05-15 22:15:00,0.12842569
2019-05-15 22:30:00,0.13243367
2019-05-15 22:45:00,0.13518715
2019-05-15 23:00:00,0.13711794
2019-05-15 23:15:00,0.1384933
2019-05-15 23:30:00,0.13948402
2019-05-15 23:45:00,0.14020017
2019-05-16 00:00:00,0.14071389
2019-05-16 00:15:00,0.14107469
2019-05-16 00:30:00,0.23537491
2019-05-16 00:45:00,0.40143728
2019-05-16 01:00:00,0.4563652
2019-05-16 01:15:00,0.40143728
2019-05-16 01:30:00,0.23537491
2019-05-16 01:45:00,0.14107469
2019-05-16 02:00:00,0.14071389
2019-05-16 02:15:00,0.1402
2019-05-16 02:30:00,0.13948412
2019-05-16 02:45:00,0.1384933
2019-05-16 03:00:00,0.13711794
2019-05-16 03:15:00,0.13518715
2019-05-16 03:30:00,0.13243367
2019-05-16 03:45:00,0.12842569
2019-05-16 04:00:00,0.12244816
2019-05-16 04:15:00,0.11328311
2019-05-16 04:30:00,0.098797984
2019-05-16 04:45:00,0.0751656
2019-05-16 05:00:00,0.035439104
2019-05-16 05:15:00,0.0
2019-05-16 05:30:00,0.0
2019-05-16 05:45:00,0.0
2019-05-16 06:00:00,0.0
2019-05-16 06:15:00,6.113226
2019-05-16 06:30:00,12.87788
2019-05-16 06:45:00,96.11609
2019-05-16 07:00:00,105.80264
2019-05-16 07:15:00,371.09763
2019-05-16 07:30:00,374.25726
2019-05-16 07:45:00,708.99493
2019-05-16 08:00:00,693.25287
2019-05-16 08:15:00,1068.047
2019-05-16 08:30:00,1047.5541
2019-05-16 08:45:00,1483.1349
2019-05-16 09:00:00,1444.2217
2019-05-16 09:15:00,1936.1085
2019-05-16 09:30:00,1861.6963
2019-05-16 09:45:00,2438.169
2019-05-16 10:00:00,2340.0122
2019-05-16 10:15:00,2778.2288
2019-05-16 10:30:00,2693.5386
2019-05-16 10:45:00,2998.965
2019-05-16 11:00:00,2945.769
2019-05-16 11:15:00,3197.6638
2019-05-16 11:30:00,3167.642
2019-05-16 11:45:00,3363.8462
2019-05-16 12:00:00,3340.0435
2019-05-16 12:15:00,3462.4202
2019-05-16 12:30:00,3442.3633
2019-05-16 12:45:00,3504.9473
2019-05-16 13:00:00,3499.3672
2019-05-16 13:15:00,3514.6914
2019-05-16 13:30:00,3534.586
2019-05-16 13:45:00,3483.6616
2019-05-16 14:00:00,3532.9856
2019-05-16 14:15:00,3412.3206
2019-05-16 14:30:00,3500.0408
2019-05-16 14:45:00,3273.8232
2019-05-16 15:00:00,3428.9531
2019-05-16 15:15:00,3086.255
2019-05-16 15:30:00,3321.8818
2019-05-16 15:45:00,2880.7866
2019-05-16 16:00:00,3153.6484
2019-05-16 16:15:00,2592.6165
2019-05-16 16:30:00,2880.5698
2019-05-16 16:45:00,2117.6802
2019-05-16 17:00:00,2562.3193
2019-05-16 17:15:00,1642.428
2019-05-16 17:30:00,2194.7988
2019-05-16 17:45:00,1195.093
2019-05-16 18:00:00,1744.8766
2019-05-16 18:15:00,795.58374
2019-05-16 18:30:00,1280.9033
2019-05-16 18:45:00,436.10754
2019-05-16 19:00:00,676.51105
2019-05-16 19:15:00,126.94478
2019-05-16 19:30:00,154.76389
2019-05-16 19:45:00,6.796627
2019-05-16 20:00:00,0.0
2019-05-16 20:15:00,0.0
2019-05-16 20:30:00,0.0
2019-05-16 20:45:00,0.0
2019-05-16 21:00:00,0.035439104
2019-05-16 21:15:00,0.0751656
2019-05-16 21:30:00,0.098797984
2019-05-16 21:45:00,0.11328311
2019-05-16 22:00:00,0.12244816
2019-05-16 22:15:00,0.12842569
2019-05-16 22:30:00,0.13243367
2019-05-16 22:45:00,0.13518715
2019-05-16 23:00:00,0.13711794
2019-05-16 23:15:00,0.1384933
2019-05-16 23:30:00,0.13948402
2019-05-16 23:45:00,0.14020017
2019-05-17 00:00:00,0.14071389
2019-05-17 00:15:00,0.14107469
2019-05-17 00:30:00,0.23537491
2019-05-17 00:45:00,0.40143728
2019-05-17 01:00:00,0.4563652
2019-05-17 01:15:00,0.40143728
2019-05-17 01:30:00,0.23537491
2019-05-17 01:45:00,0.14107469
2019-05-17 02:00:00,0.14071389
2019-05-17 02:15:00,0.1402
2019-05-17 02:30:00,0.13948412
2019-05-17 02:45:00,0.1384933
2019-05-17 03:00:00,0.13711794
2019-05-17 03:15:00,0.13518715
2019-05-17 03:30:00,0.13243367
2019-05-17 03:45:00,0.12842569
2019-05-17 04:00:00,0.12244816
2019-05-17 04:15:00,0.11328311
2019-05-17 04:30:00,0.098797984
2019-05-17 04:45:00,0.0751656
2019-05-17 05:00:00,0.035439104
2019-05-17 05:15:00,0.0
2019-05-17 05:30:00,0.0
2019-05-17 05:45:00,0.0
2019-05-17 06:00:00,0.0
2019-05-17 06:15:00,6.113226
2019-05-17 06:30:00,12.87788
2019-05-17 06:45:00,86.09958
2019-05-17 07:00:00,93.828186
2019-05-17 07:15:00,305.5504
2019-05-17 07:30:00,342.20447
2019-05-17 07:45:00,582.968
2019-05-17 08:00:00,638.54694
2019-05-17 08:15:00,998.4306
2019-05-17 08:30:00,1020.22485
2019-05-17 08:45:00,1401.6829
2019-05-17 09:00:00,1414.4811
2019-05-17 09:15:00,1820.9388
2019-05-17 09:30:00,1807.416
2019-05-17 09:45:00,2212.9692
2019-05-17 10:00:00,2213.9277
2019-05-17 10:15:00,2560.895
2019-05-17 10:30:00,2532.1416
2019-05-17 10:45:00,2855.3945
2019-05-17 11:00:00,2824.3662
2019-05-17 11:15:00,3127.6118
2019-05-17 11:30:00,3103.6846
2019-05-17 11:45:00,3289.184
2019-05-17 12:00:00,3273.4717
2019-05-17 12:15:00,3386.0005
2019-05-17 12:30:00,3376.4424
2019-05-17 12:45:00,3434.9487
2019-05-17 13:00:00,3432.7886
2019-05-17 13:15:00,3445.0464
2019-05-17 13:30:00,3453.6616
2019-05-17 13:45:00,3382.4062
2019-05-17 14:00:00,3399.8193
2019-05-17 14:15:00,2996.5396
2019-05-17 14:30:00,2996.462
2019-05-17 14:45:00,2964.6016
2019-05-17 15:00:00,2990.8457
2019-05-17 15:15:00,2855.3945
2019-05-17 15:30:00,2926.455
2019-05-17 15:45:00,2783.9219
2019-05-17 16:00:00,3026.1797
2019-05-17 16:15:00,2554.4211
2019-05-17 16:30:00,2850.532
2019-05-17 16:45:00,2108.4487
2019-05-17 17:00:00,2556.7593
2019-05-17 17:15:00,1458.8115
2019-05-17 17:30:00,1961.6611
2019-05-17 17:45:00,908.30994
2019-05-17 18:00:00,966.79895
2019-05-17 18:15:00,805.0026
2019-05-17 18:30:00,1291.2595
2019-05-17 18:45:00,439.82697
2019-05-17 19:00:00,684.30414
2019-05-17 19:15:00,147.26227
2019-05-17 19:30:00,174.9943
2019-05-17 19:45:00,6.976799
2019-05-17 20:00:00,0.0
2019-05-17 20:15:00,0.0
2019-05-17 20:30:00,0.0
2019-05-17 20:45:00,0.0
2019-05-17 21:00:00,0.035439104
2019-05-17 21:15:00,0.0751656
2019-05-17 21:30:00,0.098797984
2019-05-17 21:45:00,0.11328311
2019-05-17 22:00:00,0.12244816
2019-05-17 22:15:00,0.12842569
2019-05-17 22:30:00,0.13243367
2019-05-17 22:45:00,0.13518715
2019-05-17 23:00:00,0.13711794
2019-05-17 23:15:00,0.1384933
2019-05-17 23:30:00,0.13948402
2019-05-17 23:45:00,0.14020017
2019-05-18 00:00:00,0.14071389
2019-05-18 00:15:00,0.14107469
2019-05-18 00:30:00,0.23537491
2019-05-18 00:45:00,0.40143728
2019-05-18 01:00:00,0.4563652
2019-05-18 01:15:00,0.40143728
2019-05-18 01:30:00,0.23537491
2019-05-18 01:45:00,0.14107469
2019-05-18 02:00:00,0.14071389
2019-05-18 02:15:00,0.1402
2019-05-18 02:30:00,0.13948412
2019-05-18 02:45:00,0.1384933
2019-05-18 03:00:00,0.13711794
2019-05-18 03:15:00,0.13518715
2019-05-18 03:30:00,0.13243367
2019-05-18 03:45:00,0.12842569
2019-05-18 04:00:00,0.12244816
2019-05-18 04:15:00,0.11328311
2019-05-18 04:30:00,0.098797984
2019-05-18 04:45:00,0.0751656
2019-05-18 05:00:00,0.035439104
2019-05-18 05:15:00,0.0
2019-05-18 05:30:00,0.0
2019-05-18 05:45:00,0.0
2019-05-18 06:00:00,0.0
2019-05-18 06:15:00,6.0242677
2019-05-18 06:30:00,12.366449
2019-05-18 06:45:00,94.11843
2019-05-18 07:00:00,103.41586
2019-05-18 07:15:00,385.5609
2019-05-18 07:30:00,384.16
2019-05-18 07:45:00,751.7898
2019-05-18 08:00:00,715.2481
2019-05-18 08:15:00,1143.4377
2019-05-18 08:30:00,1078.918
2019-05-18 08:45:00,1581.8591
2019-05-18 09:00:00,1481.2961
2019-05-18 09:15:00,2054.8306
2019-05-18 09:30:00,1920.9741
2019-05-18 09:45:00,2546.8157
2019-05-18 10:00:00,2411.6875
2019-05-18 10:15:00,2852.6362
2019-05-18 10:30:00,2761.6384
2019-05-18 10:45:00,3071.5083
2019-05-18 11:00:00,3009.5552
2019-05-18 11:15:00,3301.6943
2019-05-18 11:30:00,3234.1875
2019-05-18 11:45:00,3426.6875
2019-05-18 12:00:00,3378.8464
2019-05-18 12:15:00,3338.585
2019-05-18 12:30:00,3330.0388
2019-05-18 12:45:00,3300.821
2019-05-18 13:00:00,3299.4834
2019-05-18 13:15:00,3221.3086
2019-05-18 13:30:00,3224.0183
2019-05-18 13:45:00,3055.0151
2019-05-18 14:00:00,3056.917
2019-05-18 14:15:00,2921.7678
2019-05-18 14:30:00,2920.1768
2019-05-18 14:45:00,3230.4004
2019-05-18 15:00:00,3405.4556
2019-05-18 15:15:00,3309.709
2019-05-18 15:30:00,3367.9556
2019-05-18 15:45:00,3094.0576
2019-05-18 16:00:00,3224.044
2019-05-18 16:15:00,2837.204
2019-05-18 16:30:00,3003.1177
2019-05-18 16:45:00,2527.8916
2019-05-18 17:00:00,2689.9146
2019-05-18 17:15:00,2113.7883
2019-05-18 17:30:00,2363.4922
2019-05-18 17:45:00,1651.0396
2019-05-18 18:00:00,1952.85
2019-05-18 18:15:00,1168.3019
2019-05-18 18:30:00,1405.9214
2019-05-18 18:45:00,580.00574
2019-05-18 19:00:00,814.3137
2019-05-18 19:15:00,172.97545
2019-05-18 19:30:00,192.07426
2019-05-18 19:45:00,6.8593826
2019-05-18 20:00:00,0.0
2019-05-18 20:15:00,0.0
2019-05-18 20:30:00,0.0
2019-05-18 20:45:00,0.0
2019-05-18 21:00:00,0.035439104
2019-05-18 21:15:00,0.0751656
2019-05-18 21:30:00,0.098797984
2019-05-18 21:45:00,0.11328311
2019-05-18 22:00:00,0.12244816
2019-05-18 22:15:00,0.12842569
2019-05-18 22:30:00,0.13243367
2019-05-18 22:45:00,0.13518715
2019-05-18 23:00:00,0.13711794
2019-05-18 23:15:00,0.1384933
2019-05-18 23:30:00,0.13948402
2019-05-18 23:45:00,0.14020017
2019-05-19 00:00:00,0.14071389
2019-05-19 00:15:00,0.14107469
2019-05-19 00:30:00,0.23537491
2019-05-19 00:45:00,0.40143728
2019-05-19 01:00:00,0.4563652
2019-05-19 01:15:00,0.40143728
2019-05-19 01:30:00,0.23537491
2019-05-19 01:45:00,0.14107469
2019-05-19 02:00:00,0.14071389
2019-05-19 02:15:00,0.1402
2019-05-19 02:30:00,0.13948412
2019-05-19 02:45:00,0.1384933
2019-05-19 03:00:00,0.13711794
2019-05-19 03:15:00,0.13518715
2019-05-19 03:30:00,0.13243367
2019-05-19 03:45:00,0.12842569
2019-05-19 04:00:00,0.12244816
2019-05-19 04:15:00,0.11328311
2019-05-19 04:30:00,0.098797984
2019-05-19 04:45:00,0.0751656
2019-05-19 05:00:00,0.035439104
2019-05-19 05:15:00,0.0
2019-05-19 05:30:00,0.0
2019-05-19 05:45:00,0.0
2019-05-19 06:00:00,0.0
2019-05-19 06:15:00,6.283402
2019-05-19 06:30:00,13.883786
2019-05-19 06:45:00,114.201324
2019-05-19 07:00:00,127.33049
2019-05-19 07:15:00,403.52246
2019-05-19 07:30:00,396.85553
2019-05-19 07:45:00,662.4656
2019-05-19 08:00:00,674.39685
2019-05-19 08:15:00,926.4772
2019-05-19 08:30:00,1000.7743
2019-05-19 08:45:00,1253.4756
2019-05-19 09:00:00,1351.8495
2019-05-19 09:15:00,1882.8124
2019-05-19 09:30:00,1837.3911
2019-05-19 09:45:00,2482.5815
2019-05-19 10:00:00,2366.4907
2019-05-19 10:15:00,2795.064
2019-05-19 10:30:00,2707.5972
2019-05-19 10:45:00,2980.4326
2019-05-19 11:00:00,2928.5786
2019-05-19 11:15:00,3072.5488
2019-05-19 11:30:00,3056.3442
2019-05-19 11:45:00,3301.6082
2019-05-19 12:00:00,3285.2974
2019-05-19 12:15:00,3430.7966
2019-05-19 12:30:00,3417.8018
2019-05-19 12:45:00,3509.7837
2019-05-19 13:00:00,3503.9446
2019-05-19 13:15:00,3524.6265
2019-05-19 13:30:00,3544.143
2019-05-19 13:45:00,3375.207
2019-05-19 14:00:00,3391.1692
2019-05-19 14:15:00,2579.5925
2019-05-19 14:30:00,2578.5632
2019-05-19 14:45:00,2196.295
2019-05-19 15:00:00,2179.2798
2019-05-19 15:15:00,2170.6758
2019-05-19 15:30:00,2165.9958
2019-05-19 15:45:00,2181.8582
2019-05-19 16:00:00,2146.9568
2019-05-19 16:15:00,1890.7471
2019-05-19 16:30:00,1829.6499
2019-05-19 16:45:00,1664.533
2019-05-19 17:00:00,1746.2858
2019-05-19 17:15:00,1837.6333
2019-05-19 17:30:00,2309.268
2019-05-19 17:45:00,1758.8452
2019-05-19 18:00:00,1989.6617
2019-05-19 18:15:00,1324.4685
2019-05-19 18:30:00,1432.8259
2019-05-19 18:45:00,746.5222
2019-05-19 19:00:00,860.9951
2019-05-19 19:15:00,245.73773
2019-05-19 19:30:00,220.31421
2019-05-19 19:45:00,23.883123
2019-05-19 20:00:00,0.0
2019-05-19 20:15:00,0.0
2019-05-19 20:30:00,0.0
2019-05-19 20:45:00,0.0
2019-05-19 21:00:00,0.035439104
2019-05-19 21:15:00,0.0751656
2019-05-19 21:30:00,0.098797984
2019-05-19 21:45:00,0.11328311
2019-05-19 22:00:00,0.12244816
2019-05-19 22:15:00,0.12842569
2019-05-19 22:30:00,0.13243367
2019-05-19 22:45:00,0.13518715
2019-05-19 23:00:00,0.13711794
2019-05-19 23:15:00,0.1384933
2019-05-19 23:30:00,0.13948402
2019-05-19 23:45:00,0.14020017
2019-05-20 00:00:00,0.14071389
2019-05-20 00:15:00,0.14107469
2019-05-20 00:30:00,0.23537491
2019-05-20 00:45:00,0.40143728
2019-05-20 01:00:00,0.4563652
2019-05-20 01:15:00,0.40143728
2019-05-20 01:30:00,0.23537491
2019-05-20 01:45:00,0.14107469
2019-05-20 02:00:00,0.14071389
2019-05-20 02:15:00,0.1402
2019-05-20 02:30:00,0.13948412
2019-05-20 02:45:00,0.1384933
2019-05-20 03:00:00,0.13711794
2019-05-20 03:15:00,0.13518715
2019-05-20 03:30:00,0.13243367
2019-05-20 03:45:00,0.12842569
2019-05-20 04:00:00,0.12244816
2019-05-20 04:15:00,0.11328311
2019-05-20 04:30:00,0.098797984
2019-05-20 04:45:00,0.0751656
2019-05-20 05:00:00,0.035439104
2019-05-20 05:15:00,0.0
2019-05-20 05:30:00,0.0
2019-05-20 05:45:00,0.0
2019-05-20 06:00:00,0.0
2019-05-20 06:15:00,6.51914
2019-05-20 06:30:00,15.349892
2019-05-20 06:45:00,131.5195
2019-05-20 07:00:00,146.91986
2019-05-20 07:15:00,439.82697
2019-05-20 07:30:00,424.35938
2019-05-20 07:45:00,872.5322
2019-05-20 08:00:00,785.30975
2019-05-20 08:15:00,1323.4243
2019-05-20 08:30:00,1152.4471
2019-05-20 08:45:00,1767.4889
2019-05-20 09:00:00,1567.8529
2019-05-20 09:15:00,2275.8223
2019-05-20 09:30:00,2034.6472
2019-05-20 09:45:00,2688.999
2019-05-20 10:00:00,2517.646
2019-05-20 10:15:00,2831.974
2019-05-20 10:30:00,2741.4717
2019-05-20 10:45:00,2698.8167
2019-05-20 11:00:00,2684.8335
2019-05-20 11:15:00,2317.354
2019-05-20 11:30:00,2316.3228
2019-05-20 11:45:00,2247.2595
2019-05-20 12:00:00,2247.597
2019-05-20 12:15:00,2377.5127
2019-05-20 12:30:00,2373.2378
2019-05-20 12:45:00,2355.0686
2019-05-20 13:00:00,2354.2932
2019-05-20 13:15:00,2230.5847
2019-05-20 13:30:00,2231.715
2019-05-20 13:45:00,2205.8267
2019-05-20 14:00:00,2207.4536
2019-05-20 14:15:00,2575.8743
2019-05-20 14:30:00,2575.0366
2019-05-20 14:45:00,2687.0776
2019-05-20 15:00:00,2688.5093
2019-05-20 15:15:00,2493.1602
2019-05-20 15:30:00,2499.5479
2019-05-20 15:45:00,2263.4
2019-05-20 16:00:00,2244.1638
2019-05-20 16:15:00,1880.3235
2019-05-20 16:30:00,1814.6674
2019-05-20 16:45:00,1509.178
2019-05-20 17:00:00,1384.283
2019-05-20 17:15:00,1209.833
2019-05-20 17:30:00,1022.00415
2019-05-20 17:45:00,800.8402
2019-05-20 18:00:00,699.3264
2019-05-20 18:15:00,510.61368
2019-05-20 18:30:00,492.26367
2019-05-20 18:45:00,275.70197
2019-05-20 19:00:00,274.20538
2019-05-20 19:15:00,118.335526
2019-05-20 19:30:00,143.9483
2019-05-20 19:45:00,19.23095
2019-05-20 20:00:00,0.0
2019-05-20 20:15:00,0.0
2019-05-20 20:30:00,0.0
2019-05-20 20:45:00,0.0
2019-05-20 21:00:00,0.035439104
2019-05-20 21:15:00,0.0751656
2019-05-20 21:30:00,0.098797984
2019-05-20 21:45:00,0.11328311
2019-05-20 22:00:00,0.12244816
2019-05-20 22:15:00,0.12842569
2019-05-20 22:30:00,0.13243367
2019-05-20 22:45:00,0.13518715
2019-05-20 23:00:00,0.13711794
2019-05-20 23:15:00,0.1384933
2019-05-20 23:30:00,0.13948402
2019-05-20 23:45:00,0.14020017
2019-05-21 00:00:00,0.14071389
2019-05-21 00:15:00,0.14107469
2019-05-21 00:30:00,0.23537491
2019-05-21 00:45:00,0.40143728
2019-05-21 01:00:00,0.4563652
2019-05-21 01:15:00,0.40143728
2019-05-21 01:30:00,0.23537491
2019-05-21 01:45:00,0.14107469
2019-05-21 02:00:00,0.14071389
2019-05-21 02:15:00,0.1402
2019-05-21 02:30:00,0.13948412
2019-05-21 02:45:00,0.1384933
2019-05-21 03:00:00,0.13711794
2019-05-21 03:15:00,0.13518715
2019-05-21 03:30:00,0.13243367
2019-05-21 03:45:00,0.12842569
2019-05-21 04:00:00,0.12244816
2019-05-21 04:15:00,0.11328311
2019-05-21 04:30:00,0.098797984
2019-05-21 04:45:00,0.0751656
2019-05-21 05:00:00,0.035439104
2019-05-21 05:15:00,0.0
2019-05-21 05:30:00,0.0
2019-05-21 05:45:00,0.0
2019-05-21 06:00:00,0.0
2019-05-21 06:15:00,6.283402
2019-05-21 06:30:00,13.883786
2019-05-21 06:45:00,90.116165
2019-05-21 07:00:00,98.63216
2019-05-21 07:15:00,214.39186
2019-05-21 07:30:00,249.00215
2019-05-21 07:45:00,588.6677
2019-05-21 08:00:00,642.1972
2019-05-21 08:15:00,1201.8254
2019-05-21 08:30:00,1105.7898
2019-05-21 08:45:00,1673.5668
2019-05-21 09:00:00,1525.7402
2019-05-21 09:15:00,1936.1085
2019-05-21 09:30:00,1861.6963
2019-05-21 09:45:00,2200.199
2019-05-21 10:00:00,2205.5833
2019-05-21 10:15:00,2030.0437
2019-05-21 10:30:00,2056.6743
2019-05-21 10:45:00,2084.228
2019-05-21 11:00:00,2099.1736
2019-05-21 11:15:00,1640.2964
2019-05-21 11:30:00,1638.0312
2019-05-21 11:45:00,2139.2705
2019-05-21 12:00:00,2136.5513
2019-05-21 12:15:00,2268.1108
2019-05-21 12:30:00,2266.6687
2019-05-21 12:45:00,2200.2773
2019-05-21 13:00:00,2199.7842
2019-05-21 13:15:00,1496.9951
2019-05-21 13:30:00,1507.4272
2019-05-21 13:45:00,1473.3977
2019-05-21 14:00:00,1496.4368
2019-05-21 14:15:00,1849.8337
2019-05-21 14:30:00,1857.7854
2019-05-21 14:45:00,1592.7396
2019-05-21 15:00:00,1608.5952
2019-05-21 15:15:00,1508.1732
2019-05-21 15:30:00,1586.1392
2019-05-21 15:45:00,1733.9604
2019-05-21 16:00:00,1766.264
2019-05-21 16:15:00,925.7488
2019-05-21 16:30:00,1086.3865
2019-05-21 16:45:00,776.731
2019-05-21 17:00:00,897.83057
2019-05-21 17:15:00,1184.7886
2019-05-21 17:30:00,1002.8082
2019-05-21 17:45:00,825.1418
2019-05-21 18:00:00,757.6113
2019-05-21 18:15:00,518.45355
2019-05-21 18:30:00,507.6019
2019-05-21 18:45:00,220.8789
2019-05-21 19:00:00,202.8802
2019-05-21 19:15:00,100.1084
2019-05-21 19:30:00,112.93238
2019-05-21 19:45:00,6.796627
2019-05-21 20:00:00,0.0
2019-05-21 20:15:00,0.0
2019-05-21 20:30:00,0.0
2019-05-21 20:45:00,0.0
2019-05-21 21:00:00,0.035439104
2019-05-21 21:15:00,0.0751656
2019-05-21 21:30:00,0.098797984
2019-05-21 21:45:00,0.11328311
2019-05-21 22:00:00,0.12244816
2019-05-21 22:15:00,0.12842569
2019-05-21 22:30:00,0.13243367
2019-05-21 22:45:00,0.13518715
2019-05-21 23:00:00,0.13711794
2019-05-21 23:15:00,0.1384933
2019-05-21 23:30:00,0.13948402
2019-05-21 23:45:00,0.14020017
2019-05-22 00:00:00,0.14071389
2019-05-22 00:15:00,0.14107469
2019-05-22 00:30:00,0.23537491
2019-05-22 00:45:00,0.40143728
2019-05-22 01:00:00,0.4563652
2019-05-22 01:15:00,0.40143728
2019-05-22 01:30:00,0.23537491
2019-05-22 01:45:00,0.14107469
2019-05-22 02:00:00,0.14071389
2019-05-22 02:15:00,0.1402
2019-05-22 02:30:00,0.13948412
2019-05-22 02:45:00,0.1384933
2019-05-22 03:00:00,0.13711794
2019-05-22 03:15:00,0.13518715
2019-05-22 03:30:00,0.13243367
2019-05-22 03:45:00,0.12842569
2019-05-22 04:00:00,0.12244816
2019-05-22 04:15:00,0.11328311
2019-05-22 04:30:00,0.098797984
2019-05-22 04:45:00,0.0751656
2019-05-22 05:00:00,0.035439104
2019-05-22 05:15:00,0.0
2019-05-22 05:30:00,0.0
2019-05-22 05:45:00,0.0
2019-05-22 06:00:00,0.0
2019-05-22 06:15:00,6.592508
2019-05-22 06:30:00,15.826954
2019-05-22 06:45:00,136.36563
2019-05-22 07:00:00,151.91414
2019-05-22 07:15:00,425.12167
2019-05-22 07:30:00,412.92963
2019-05-22 07:45:00,683.3246
2019-05-22 08:00:00,682.37823
2019-05-22 08:15:00,993.8638
2019-05-22 08:30:00,1018.50977
2019-05-22 08:45:00,1225.4368
2019-05-22 09:00:00,1355.4956
2019-05-22 09:15:00,1509.8845
2019-05-22 09:30:00,1694.5625
2019-05-22 09:45:00,1734.669
2019-05-22 10:00:00,1716.5637
2019-05-22 10:15:00,1565.9889
2019-05-22 10:30:00,1473.7156
2019-05-22 10:45:00,1452.5448
2019-05-22 11:00:00,1417.1285
2019-05-22 11:15:00,1352.902
2019-05-22 11:30:00,1348.8671
2019-05-22 11:45:00,1202.3524
2019-05-22 12:00:00,1194.7057
2019-05-22 12:15:00,1219.2428
2019-05-22 12:30:00,1213.8677
2019-05-22 12:45:00,1416.5933
2019-05-22 13:00:00,1413.5226
2019-05-22 13:15:00,1740.3774
2019-05-22 13:30:00,1751.8201
2019-05-22 13:45:00,1970.703
2019-05-22 14:00:00,1977.7224
2019-05-22 14:15:00,2210.104
2019-05-22 14:30:00,2207.3508
2019-05-22 14:45:00,2138.5747
2019-05-22 15:00:00,2127.4797
2019-05-22 15:15:00,1981.94
2019-05-22 15:30:00,1979.0815
2019-05-22 15:45:00,1829.6453
2019-05-22 16:00:00,1839.6033
2019-05-22 16:15:00,1814.6693
2019-05-22 16:30:00,1677.0171
2019-05-22 16:45:00,1505.7405
2019-05-22 17:00:00,1392.932
2019-05-22 17:15:00,1188.8955
2019-05-22 17:30:00,1132.9963
2019-05-22 17:45:00,1007.8991
2019-05-22 18:00:00,1299.5171
2019-05-22 18:15:00,831.06006
2019-05-22 18:30:00,1315.1792
2019-05-22 18:45:00,496.7928
2019-05-22 19:00:00,764.708
2019-05-22 19:15:00,252.9069
2019-05-22 19:30:00,222.71304
2019-05-22 19:45:00,32.39092
2019-05-22 20:00:00,0.0
2019-05-22 20:15:00,0.0
2019-05-22 20:30:00,0.0
2019-05-22 20:45:00,0.0
2019-05-22 21:00:00,0.035439104
2019-05-22 21:15:00,0.0751656
2019-05-22 21:30:00,0.098797984
2019-05-22 21:45:00,0.11328311
2019-05-22 22:00:00,0.12244816
2019-05-22 22:15:00,0.12842569
2019-05-22 22:30:00,0.13243367
2019-05-22 22:45:00,0.13518715
2019-05-22 23:00:00,0.13711794
2019-05-22 23:15:00,0.1384933
2019-05-22 23:30:00,0.13948402
2019-05-22 23:45:00,0.14020017
2019-05-23 00:00:00,0.14071389
2019-05-23 00:15:00,0.14107469
2019-05-23 00:30:00,0.23537491
2019-05-23 00:45:00,0.40143728
2019-05-23 01:00:00,0.4563652
2019-05-23 01:15:00,0.40143728
2019-05-23 01:30:00,0.23537491
2019-05-23 01:45:00,0.14107469
2019-05-23 02:00:00,0.14071389
2019-05-23 02:15:00,0.1402
2019-05-23 02:30:00,0.13948412
2019-05-23 02:45:00,0.1384933
2019-05-23 03:00:00,0.13711794
2019-05-23 03:15:00,0.13518715
2019-05-23 03:30:00,0.13243367
2019-05-23 03:45:00,0.12842569
2019-05-23 04:00:00,0.12244816
2019-05-23 04:15:00,0.11328311
2019-05-23 04:30:00,0.098797984
2019-05-23 04:45:00,0.0751656
2019-05-23 05:00:00,0.035439104
2019-05-23 05:15:00,0.0
2019-05-23 05:30:00,0.0
2019-05-23 05:45:00,0.0
2019-05-23 06:00:00,0.0
2019-05-23 06:15:00,6.6632023
2019-05-23 06:30:00,16.298077
2019-05-23 06:45:00,144.35124
2019-05-23 07:00:00,159.4718
2019-05-23 07:15:00,491.30127
2019-05-23 07:30:00,462.98703
2019-05-23 07:45:00,864.33496
2019-05-23 08:00:00,781.61884
2019-05-23 08:15:00,1284.9967
2019-05-23 08:30:00,1140.4988
2019-05-23 08:45:00,1729.6464
2019-05-23 09:00:00,1552.6455
2019-05-23 09:15:00,2206.3066
2019-05-23 09:30:00,2006.6436
2019-05-23 09:45:00,2665.6482
2019-05-23 10:00:00,2503.0454
2019-05-23 10:15:00,2946.2598
2019-05-23 10:30:00,2830.769
2019-05-23 10:45:00,3205.688
2019-05-23 11:00:00,3065.8584
2019-05-23 11:15:00,3413.2534
2019-05-23 11:30:00,3284.8354
2019-05-23 11:45:00,3519.5527
2019-05-23 12:00:00,3452.2144
2019-05-23 12:15:00,3573.9478
2019-05-23 12:30:00,3556.9731
2019-05-23 12:45:00,3597.4514
2019-05-23 13:00:00,3596.2156
2019-05-23 13:15:00,3600.4182
2019-05-23 13:30:00,3601.8235
2019-05-23 13:45:00,3550.4373
2019-05-23 14:00:00,3568.2754
2019-05-23 14:15:00,3353.8442
2019-05-23 14:30:00,3447.9233
2019-05-23 14:45:00,3466.6577
2019-05-23 15:00:00,3476.4746
2019-05-23 15:15:00,3369.6895
2019-05-23 15:30:00,3386.4153
2019-05-23 15:45:00,3204.7715
2019-05-23 16:00:00,3255.817
2019-05-23 16:15:00,2950.4365
2019-05-23 16:30:00,3060.284
2019-05-23 16:45:00,2630.75
2019-05-23 17:00:00,2752.4238
2019-05-23 17:15:00,2084.1614
2019-05-23 17:30:00,2357.6777
2019-05-23 17:45:00,1823.6847
2019-05-23 18:00:00,2018.5322
2019-05-23 18:15:00,1424.8116
2019-05-23 18:30:00,1472.0466
2019-05-23 18:45:00,910.042
2019-05-23 19:00:00,903.16895
2019-05-23 19:15:00,303.38007
2019-05-23 19:30:00,241.81488
2019-05-23 19:45:00,32.39092
2019-05-23 20:00:00,0.0
2019-05-23 20:15:00,0.0
2019-05-23 20:30:00,0.0
2019-05-23 20:45:00,0.0
2019-05-23 21:00:00,0.035439104
2019-05-23 21:15:00,0.0751656
2019-05-23 21:30:00,0.098797984
2019-05-23 21:45:00,0.11328311
2019-05-23 22:00:00,0.12244816
2019-05-23 22:15:00,0.12842569
2019-05-23 22:30:00,0.13243367
2019-05-23 22:45:00,0.13518715
2019-05-23 23:00:00,0.13711794
2019-05-23 23:15:00,0.1384933
2019-05-23 23:30:00,0.13948402
2019-05-23 23:45:00,0.14020017
2019-05-24 00:00:00,0.14071389
2019-05-24 00:15:00,0.14107469
2019-05-24 00:30:00,0.23537491
2019-05-24 00:45:00,0.40143728
2019-05-24 01:00:00,0.4563652
2019-05-24 01:15:00,0.40143728
2019-05-24 01:30:00,0.23537491
2019-05-24 01:45:00,0.14107469
2019-05-24 02:00:00,0.14071389
2019-05-24 02:15:00,0.1402
2019-05-24 02:30:00,0.13948412
2019-05-24 02:45:00,0.1384933
2019-05-24 03:00:00,0.13711794
2019-05-24 03:15:00,0.13518715
2019-05-24 03:30:00,0.13243367
2019-05-24 03:45:00,0.12842569
2019-05-24 04:00:00,0.12244816
2019-05-24 04:15:00,0.11328311
2019-05-24 04:30:00,0.098797984
2019-05-24 04:45:00,0.0751656
2019-05-24 05:00:00,0.035439104
2019-05-24 05:15:00,0.0
2019-05-24 05:30:00,0.0
2019-05-24 05:45:00,0.0
2019-05-24 06:00:00,0.0
2019-05-24 06:15:00,6.592508
2019-05-24 06:30:00,15.826954
2019-05-24 06:45:00,133.90337
2019-05-24 07:00:00,149.41223
2019-05-24 07:15:00,443.58624
2019-05-24 07:30:00,427.32144
2019-05-24 07:45:00,734.71545
2019-05-24 08:00:00,705.849
2019-05-24 08:15:00,1137.064
2019-05-24 08:30:00,1076.1176
2019-05-24 08:45:00,1642.428
2019-05-24 09:00:00,1509.8038
2019-05-24 09:15:00,1973.0809
2019-05-24 09:30:00,1878.883
2019-05-24 09:45:00,2277.1272
2019-05-24 10:00:00,2253.1035
2019-05-24 10:15:00,2863.374
2019-05-24 10:30:00,2771.9626
2019-05-24 10:45:00,3086.255
2019-05-24 11:00:00,3018.9775
2019-05-24 11:15:00,3301.6943
2019-05-24 11:30:00,3234.1875
2019-05-24 11:45:00,3463.689
2019-05-24 12:00:00,3399.8193
2019-05-24 12:15:00,3546.4517
2019-05-24 12:30:00,3514.0498
2019-05-24 12:45:00,3578.2695
2019-05-24 13:00:00,3574.6492
2019-05-24 13:15:00,3583.5984
2019-05-24 13:30:00,3589.4111
2019-05-24 13:45:00,3569.2712
2019-05-24 14:00:00,3577.0898
2019-05-24 14:15:00,3529.792
2019-05-24 14:30:00,3539.2139
2019-05-24 14:45:00,3455.2842
2019-05-24 15:00:00,3472.1318
2019-05-24 15:15:00,3318.6848
2019-05-24 15:30:00,3369.9775
2019-05-24 15:45:00,3108.849
2019-05-24 16:00:00,3227.2493
2019-05-24 16:15:00,2850.001
2019-05-24 16:30:00,3008.6333
2019-05-24 16:45:00,2543.0757
2019-05-24 17:00:00,2695.8838
2019-05-24 17:15:00,2162.4722
2019-05-24 17:30:00,2374.9802
2019-05-24 17:45:00,1718.0942
2019-05-24 18:00:00,1975.0178
2019-05-24 18:15:00,1281.201
2019-05-24 18:30:00,1423.678
2019-05-24 18:45:00,706.47125
2019-05-24 19:00:00,851.7211
2019-05-24 19:15:00,238.6381
2019-05-24 19:30:00,217.92969
2019-05-24 19:45:00,26.106997
2019-05-24 20:00:00,0.0
2019-05-24 20:15:00,0.0
2019-05-24 20:30:00,0.0
2019-05-24 20:45:00,0.0
2019-05-24 21:00:00,0.035439104
2019-05-24 21:15:00,0.0751656
2019-05-24 21:30:00,0.098797984
2019-05-24 21:45:00,0.11328311
2019-05-24 22:00:00,0.12244816
2019-05-24 22:15:00,0.12842569
2019-05-24 22:30:00,0.13243367
2019-05-24 22:45:00,0.13518715
2019-05-24 23:00:00,0.13711794
2019-05-24 23:15:00,0.1384933
2019-05-24 23:30:00,0.13948402
2019-05-24 23:45:00,0.14020017
2019-05-25 00:00:00,0.14071389
2019-05-25 00:15:00,0.14107469
2019-05-25 00:30:00,0.23537491
2019-05-25 00:45:00,0.40143728
2019-05-25 01:00:00,0.4563652
2019-05-25 01:15:00,0.40143728
2019-05-25 01:30:00,0.23537491
2019-05-25 01:45:00,0.14107469
2019-05-25 02:00:00,0.14071389
2019-05-25 02:15:00,0.1402
2019-05-25 02:30:00,0.13948412
2019-05-25 02:45:00,0.1384933
2019-05-25 03:00:00,0.13711794
2019-05-25 03:15:00,0.13518715
2019-05-25 03:30:00,0.13243367
2019-05-25 03:45:00,0.12842569
2019-05-25 04:00:00,0.12244816
2019-05-25 04:15:00,0.11328311
2019-05-25 04:30:00,0.098797984
2019-05-25 04:45:00,0.0751656
2019-05-25 05:00:00,0.035439104
2019-05-25 05:15:00,0.0
2019-05-25 05:30:00,0.0
2019-05-25 05:45:00,0.0
2019-05-25 06:00:00,0.0
2019-05-25 06:15:00,6.4431844
2019-05-25 06:30:00,14.866961
2019-05-25 06:45:00,114.201324
2019-05-25 07:00:00,127.33049
2019-05-25 07:15:00,345.54706
2019-05-25 07:30:00,361.61505
2019-05-25 07:45:00,510.61368
2019-05-25 08:00:00,554.6044
2019-05-25 08:15:00,797.40515
2019-05-25 08:30:00,882.45044
2019-05-25 08:45:00,1204.513
2019-05-25 09:00:00,1255.7148
2019-05-25 09:15:00,1550.1582
2019-05-25 09:30:00,1671.3423
2019-05-25 09:45:00,1818.6543
2019-05-25 10:00:00,1920.0708
2019-05-25 10:15:00,2181.858
2019-05-25 10:30:00,2200.1191
2019-05-25 10:45:00,2544.044
2019-05-25 11:00:00,2541.894
2019-05-25 11:15:00,3028.913
2019-05-25 11:30:00,3018.6428
2019-05-25 11:45:00,3322.4888
2019-05-25 12:00:00,3305.0137
2019-05-25 12:15:00,3462.4202
2019-05-25 12:30:00,3442.3633
2019-05-25 12:45:00,3583.5984
2019-05-25 13:00:00,3580.65
2019-05-25 13:15:00,3590.3257
2019-05-25 13:30:00,3594.2231
2019-05-25 13:45:00,3576.0547
2019-05-25 14:00:00,3580.6973
2019-05-25 14:15:00,3540.2786
2019-05-25 14:30:00,3543.9958
2019-05-25 14:45:00,3469.8823
2019-05-25 15:00:00,3477.86
2019-05-25 15:15:00,3357.0222
2019-05-25 15:30:00,3381.2646
2019-05-25 15:45:00,3191.674
2019-05-25 16:00:00,3250.5876
2019-05-25 16:15:00,2934.3462
2019-05-25 16:30:00,3050.5327
2019-05-25 16:45:00,2623.5747
2019-05-25 17:00:00,2745.9036
2019-05-25 17:15:00,2271.0952
2019-05-25 17:30:00,2419.498
2019-05-25 17:45:00,1836.6152
2019-05-25 18:00:00,2025.6487
2019-05-25 18:15:00,1396.8662
2019-05-25 18:30:00,1456.7671
2019-05-25 18:45:00,845.9068
2019-05-25 19:00:00,884.2809
2019-05-25 19:15:00,281.79382
2019-05-25 19:30:00,232.48242
2019-05-25 19:45:00,30.358646
2019-05-25 20:00:00,0.0
2019-05-25 20:15:00,0.0
2019-05-25 20:30:00,0.0
2019-05-25 20:45:00,0.0
2019-05-25 21:00:00,0.035439104
2019-05-25 21:15:00,0.0751656
2019-05-25 21:30:00,0.098797984
2019-05-25 21:45:00,0.11328311
2019-05-25 22:00:00,0.12244816
2019-05-25 22:15:00,0.12842569
2019-05-25 22:30:00,0.13243367
2019-05-25 22:45:00,0.13518715
2019-05-25 23:00:00,0.13711794
2019-05-25 23:15:00,0.1384933
2019-05-25 23:30:00,0.13948402
2019-05-25 23:45:00,0.14020017
2019-05-26 00:00:00,0.14071389
2019-05-26 00:15:00,0.14107469
2019-05-26 00:30:00,0.23537491
2019-05-26 00:45:00,0.40143728
2019-05-26 01:00:00,0.4563652
2019-05-26 01:15:00,0.40143728
2019-05-26 01:30:00,0.23537491
2019-05-26 01:45:00,0.14107469
2019-05-26 02:00:00,0.14071389
2019-05-26 02:15:00,0.1402
2019-05-26 02:30:00,0.13948412
2019-05-26 02:45:00,0.1384933
2019-05-26 03:00:00,0.13711794
2019-05-26 03:15:00,0.13518715
2019-05-26 03:30:00,0.13243367
2019-05-26 03:45:00,0.12842569
2019-05-26 04:00:00,0.12244816
2019-05-26 04:15:00,0.11328311
2019-05-26 04:30:00,0.098797984
2019-05-26 04:45:00,0.0751656
2019-05-26 05:00:00,0.035439104
2019-05-26 05:15:00,0.0
2019-05-26 05:30:00,0.0
2019-05-26 05:45:00,0.0
2019-05-26 06:00:00,0.0
2019-05-26 06:15:00,6.6632023
2019-05-26 06:30:00,16.298077
2019-05-26 06:45:00,129.20311
2019-05-26 07:00:00,144.4373
2019-05-26 07:15:00,439.82697
2019-05-26 07:30:00,424.35938
2019-05-26 07:45:00,786.4994
2019-05-26 08:00:00,736.4231
2019-05-26 08:15:00,1175.4371
2019-05-26 08:30:00,1093.4509
2019-05-26 08:45:00,1604.889
2019-05-26 09:00:00,1491.5441
2019-05-26 09:15:00,2063.7097
2019-05-26 09:30:00,1925.9924
2019-05-26 09:45:00,2539.1558
2019-05-26 10:00:00,2405.8115
2019-05-26 10:15:00,2842.2427
2019-05-26 10:30:00,2751.4758
2019-05-26 10:45:00,3047.2886
2019-05-26 11:00:00,2990.8457
2019-05-26 11:15:00,3250.2676
2019-05-26 11:30:00,3207.6152
2019-05-26 11:45:00,3412.3206
2019-05-26 12:00:00,3370.92
2019-05-26 12:15:00,3511.8804
2019-05-26 12:30:00,3479.05
2019-05-26 12:45:00,3553.1023
2019-05-26 13:00:00,3547.1309
2019-05-26 13:15:00,3561.3662
2019-05-26 13:30:00,3573.791
2019-05-26 13:45:00,3550.4373
2019-05-26 14:00:00,3568.2754
2019-05-26 14:15:00,3511.226
2019-05-26 14:30:00,3532.383
2019-05-26 14:45:00,3434.56
2019-05-26 15:00:00,3465.8647
2019-05-26 15:15:00,3318.6848
2019-05-26 15:30:00,3369.9775
2019-05-26 15:45:00,3135.4075
2019-05-26 16:00:00,3233.4624
2019-05-26 16:15:00,2885.7227
2019-05-26 16:30:00,3024.8416
2019-05-26 16:45:00,2580.018
2019-05-26 17:00:00,2714.1704
2019-05-26 17:15:00,2214.5618
2019-05-26 17:30:00,2391.902
2019-05-26 17:45:00,1758.8452
2019-05-26 18:00:00,1989.6617
2019-05-26 18:15:00,1324.4685
2019-05-26 18:30:00,1432.8259
2019-05-26 18:45:00,746.5222
2019-05-26 19:00:00,860.9951
2019-05-26 19:15:00,231.6349
2019-05-26 19:30:00,215.55756
2019-05-26 19:45:00,28.264761
2019-05-26 20:00:00,0.0
2019-05-26 20:15:00,0.0
2019-05-26 20:30:00,0.0
2019-05-26 20:45:00,0.0
2019-05-26 21:00:00,0.035439104
2019-05-26 21:15:00,0.0751656
2019-05-26 21:30:00,0.098797984
2019-05-26 21:45:00,0.11328311
2019-05-26 22:00:00,0.12244816
2019-05-26 22:15:00,0.12842569
2019-05-26 22:30:00,0.13243367
2019-05-26 22:45:00,0.13518715
2019-05-26 23:00:00,0.13711794
2019-05-26 23:15:00,0.1384933
2019-05-26 23:30:00,0.13948402
2019-05-26 23:45:00,0.14020017
2019-05-27 00:00:00,0.14071389
2019-05-27 00:15:00,0.14107469
2019-05-27 00:30:00,0.23537491
2019-05-27 00:45:00,0.40143728
2019-05-27 01:00:00,0.4563652
2019-05-27 01:15:00,0.40143728
2019-05-27 01:30:00,0.23537491
2019-05-27 01:45:00,0.14107469
2019-05-27 02:00:00,0.14071389
2019-05-27 02:15:00,0.1402
2019-05-27 02:30:00,0.13948412
2019-05-27 02:45:00,0.1384933
2019-05-27 03:00:00,0.13711794
2019-05-27 03:15:00,0.13518715
2019-05-27 03:30:00,0.13243367
2019-05-27 03:45:00,0.12842569
2019-05-27 04:00:00,0.12244816
2019-05-27 04:15:00,0.11328311
2019-05-27 04:30:00,0.098797984
2019-05-27 04:45:00,0.0751656
2019-05-27 05:00:00,0.035439104
2019-05-27 05:15:00,0.0
2019-05-27 05:30:00,0.0
2019-05-27 05:45:00,0.0
2019-05-27 06:00:00,0.0
2019-05-27 06:15:00,6.7312746
2019-05-27 06:30:00,16.763115
2019-05-27 06:45:00,138.9185
2019-05-27 07:00:00,154.42502
2019-05-27 07:15:00,467.55603
2019-05-27 07:30:00,446.06177
2019-05-27 07:45:00,831.0604
2019-05-27 08:00:00,764.16077
2019-05-27 08:15:00,1246.5126
2019-05-27 08:30:00,1125.811
2019-05-27 08:45:00,1681.842
2019-05-27 09:00:00,1529.9489
2019-05-27 09:15:00,2146.8416
2019-05-27 09:30:00,1975.2129
2019-05-27 09:45:00,2617.1304
2019-05-27 10:00:00,2468.2573
2019-05-27 10:15:00,2893.8604
2019-05-27 10:30:00,2798.3928
2019-05-27 10:45:00,3124.1533
2019-05-27 11:00:00,3037.829
2019-05-27 11:15:00,3365.791
2019-05-27 11:30:00,3261.0295
2019-05-27 11:45:00,3506.5447
2019-05-27 12:00:00,3434.6223
2019-05-27 12:15:00,3571.6907
2019-05-27 12:30:00,3552.9194
2019-05-27 12:45:00,3597.4514
2019-05-27 13:00:00,3596.2156
2019-05-27 13:15:00,3601.7837
2019-05-27 13:30:00,3602.8958
2019-05-27 13:45:00,3589.015
2019-05-27 14:00:00,3588.6008
2019-05-27 14:15:00,3553.3462
2019-05-27 14:30:00,3551.204
2019-05-27 14:45:00,3487.491
2019-05-27 15:00:00,3486.7632
2019-05-27 15:15:00,3379.9998
2019-05-27 15:30:00,3391.2686
2019-05-27 15:45:00,2800.5168
2019-05-27 16:00:00,3058.196
2019-05-27 16:15:00,2181.855
2019-05-27 16:30:00,2333.421
2019-05-27 16:45:00,2607.9834
2019-05-27 17:00:00,2733.0286
2019-05-27 17:15:00,2319.5964
2019-05-27 17:30:00,2452.271
2019-05-27 17:45:00,1906.7021
2019-05-27 18:00:00,2074.069
2019-05-27 18:15:00,1453.7134
2019-05-27 18:30:00,1493.7263
2019-05-27 18:45:00,947.10205
2019-05-27 19:00:00,917.57623
2019-05-27 19:15:00,325.25153
2019-05-27 19:30:00,251.42143
2019-05-27 19:45:00,36.282425
2019-05-27 20:00:00,0.54282635
2019-05-27 20:15:00,0.0
2019-05-27 20:30:00,0.0
2019-05-27 20:45:00,0.0
2019-05-27 21:00:00,0.035439104
2019-05-27 21:15:00,0.0751656
2019-05-27 21:30:00,0.098797984
2019-05-27 21:45:00,0.11328311
2019-05-27 22:00:00,0.12244816
2019-05-27 22:15:00,0.12842569
2019-05-27 22:30:00,0.13243367
2019-05-27 22:45:00,0.13518715
2019-05-27 23:00:00,0.13711794
2019-05-27 23:15:00,0.1384933
2019-05-27 23:30:00,0.13948402
2019-05-27 23:45:00,0.14020017
2019-05-28 00:00:00,0.14071389
2019-05-28 00:15:00,0.14107469
2019-05-28 00:30:00,0.23537491
2019-05-28 00:45:00,0.40143728
2019-05-28 01:00:00,0.4563652
2019-05-28 01:15:00,0.40143728
2019-05-28 01:30:00,0.23537491
2019-05-28 01:45:00,0.14107469
2019-05-28 02:00:00,0.14071389
2019-05-28 02:15:00,0.1402
2019-05-28 02:30:00,0.13948412
2019-05-28 02:45:00,0.1384933
2019-05-28 03:00:00,0.13711794
2019-05-28 03:15:00,0.13518715
2019-05-28 03:30:00,0.13243367
2019-05-28 03:45:00,0.12842569
2019-05-28 04:00:00,0.12244816
2019-05-28 04:15:00,0.11328311
2019-05-28 04:30:00,0.098797984
2019-05-28 04:45:00,0.0751656
2019-05-28 05:00:00,0.035439104
2019-05-28 05:15:00,0.0
2019-05-28 05:30:00,0.0
2019-05-28 05:45:00,0.0
2019-05-28 06:00:00,0.0
2019-05-28 06:15:00,6.6632023
2019-05-28 06:30:00,16.298077
2019-05-28 06:45:00,126.94478
2019-05-28 07:00:00,141.96451
2019-05-28 07:15:00,432.42093
2019-05-28 07:30:00,418.56375
2019-05-28 07:45:00,786.4994
2019-05-28 08:00:00,736.4231
2019-05-28 08:15:00,1175.4371
2019-05-28 08:30:00,1093.4509
2019-05-28 08:45:00,1421.55
2019-05-28 09:00:00,1422.2314
2019-05-28 09:15:00,1512.1755
2019-05-28 09:30:00,1691.2524
2019-05-28 09:45:00,1760.259
2019-05-28 10:00:00,1751.8306
2019-05-28 10:15:00,1724.6602
2019-05-28 10:30:00,1669.5044
2019-05-28 10:45:00,1148.1741
2019-05-28 11:00:00,1217.6819
2019-05-28 11:15:00,1093.2913
2019-05-28 11:30:00,1089.5161
2019-05-28 11:45:00,1090.0897
2019-05-28 12:00:00,1083.3176
2019-05-28 12:15:00,1184.4812
2019-05-28 12:30:00,1179.3375
2019-05-28 12:45:00,1307.5778
2019-05-28 13:00:00,1306.2803
2019-05-28 13:15:00,1353.1696
2019-05-28 13:30:00,1357.3026
2019-05-28 13:45:00,2041.5386
2019-05-28 14:00:00,2047.2727
2019-05-28 14:15:00,2405.8066
2019-05-28 14:30:00,2416.4028
2019-05-28 14:45:00,2533.3857
2019-05-28 15:00:00,2531.4185
2019-05-28 15:15:00,2558.8926
2019-05-28 15:30:00,2574.044
2019-05-28 15:45:00,2307.9224
2019-05-28 16:00:00,2299.8904
2019-05-28 16:15:00,2181.855
2019-05-28 16:30:00,2333.421
2019-05-28 16:45:00,1866.1989
2019-05-28 17:00:00,2292.0117
2019-05-28 17:15:00,1650.0162
2019-05-28 17:30:00,2201.937
2019-05-28 17:45:00,1496.1566
2019-05-28 18:00:00,1908.0564
2019-05-28 18:15:00,1281.201
2019-05-28 18:30:00,1423.678
2019-05-28 18:45:00,726.2429
2019-05-28 19:00:00,856.35767
2019-05-28 19:15:00,231.6349
2019-05-28 19:30:00,215.55756
2019-05-28 19:45:00,36.282425
2019-05-28 20:00:00,0.54282635
2019-05-28 20:15:00,0.0
2019-05-28 20:30:00,0.0
2019-05-28 20:45:00,0.0
2019-05-28 21:00:00,0.035439104
2019-05-28 21:15:00,0.0751656
2019-05-28 21:30:00,0.098797984
2019-05-28 21:45:00,0.11328311
2019-05-28 22:00:00,0.12244816
2019-05-28 22:15:00,0.12842569
2019-05-28 22:30:00,0.13243367
2019-05-28 22:45:00,0.13518715
2019-05-28 23:00:00,0.13711794
2019-05-28 23:15:00,0.1384933
2019-05-28 23:30:00,0.13948402
2019-05-28 23:45:00,0.14020017
2019-05-29 00:00:00,0.14071389
2019-05-29 00:15:00,0.14107469
2019-05-29 00:30:00,0.23537491
2019-05-29 00:45:00,0.40143728
2019-05-29 01:00:00,0.4563652
2019-05-29 01:15:00,0.40143728
2019-05-29 01:30:00,0.23537491
2019-05-29 01:45:00,0.14107469
2019-05-29 02:00:00,0.14071389
2019-05-29 02:15:00,0.1402
2019-05-29 02:30:00,0.13948412
2019-05-29 02:45:00,0.1384933
2019-05-29 03:00:00,0.13711794
2019-05-29 03:15:00,0.13518715
2019-05-29 03:30:00,0.13243367
2019-05-29 03:45:00,0.12842569
2019-05-29 04:00:00,0.12244816
2019-05-29 04:15:00,0.11328311
2019-05-29 04:30:00,0.098797984
2019-05-29 04:45:00,0.0751656
2019-05-29 05:00:00,0.035439104
2019-05-29 05:15:00,0.0
2019-05-29 05:30:00,0.0
2019-05-29 05:45:00,0.0
2019-05-29 06:00:00,0.0
2019-05-29 06:15:00,6.7312746
2019-05-29 06:30:00,16.763115
2019-05-29 06:45:00,138.9185
2019-05-29 07:00:00,154.42502
2019-05-29 07:15:00,463.32526
2019-05-29 07:30:00,442.8195
2019-05-29 07:45:00,782.04913
2019-05-29 08:00:00,733.603
2019-05-29 08:15:00,1181.9213
2019-05-29 08:30:00,1096.4716
2019-05-29 08:45:00,1681.842
2019-05-29 09:00:00,1529.9489
2019-05-29 09:15:00,2157.316
2019-05-29 09:30:00,1981.2224
2019-05-29 09:45:00,2625.893
2019-05-29 10:00:00,2475.0117
2019-05-29 10:15:00,2908.713
2019-05-29 10:30:00,2809.1504
2019-05-29 10:45:00,3161.724
2019-05-29 11:00:00,3051.8936
2019-05-29 11:15:00,3386.341
2019-05-29 11:30:00,3270.2905
2019-05-29 11:45:00,3511.226
2019-05-29 12:00:00,3440.3096
2019-05-29 12:15:00,3566.6711
2019-05-29 12:30:00,3544.143
2019-05-29 12:45:00,3592.2812
2019-05-29 13:00:00,3590.4365
2019-05-29 13:15:00,3598.977
2019-05-29 13:30:00,3600.703
2019-05-29 13:45:00,3586.2856
2019-05-29 14:00:00,3586.8213
2019-05-29 14:15:00,3551.7583
2019-05-29 14:30:00,3550.2559
2019-05-29 14:45:00,3489.5198
2019-05-29 15:00:00,3487.9282
2019-05-29 15:15:00,3398.921
2019-05-29 15:30:00,3401.5474
2019-05-29 15:45:00,3258.7012
2019-05-29 16:00:00,3282.7554
2019-05-29 16:15:00,3027.5605
2019-05-29 16:30:00,3111.6758
2019-05-29 16:45:00,2719.815
2019-05-29 17:00:00,2853.1665
2019-05-29 17:15:00,2380.5088
2019-05-29 17:30:00,2503.1372
2019-05-29 17:45:00,1977.6523
2019-05-29 18:00:00,2132.0674
2019-05-29 18:15:00,1506.3336
2019-05-29 18:30:00,1548.9065
2019-05-29 18:45:00,1015.4005
2019-05-29 19:00:00,957.38965
2019-05-29 19:15:00,352.07397
2019-05-29 19:30:00,264.69482
2019-05-29 19:45:00,43.45801
2019-05-29 20:00:00,5.172946
2019-05-29 20:15:00,0.0
2019-05-29 20:30:00,0.0
2019-05-29 20:45:00,0.0
2019-05-29 21:00:00,0.035439104
2019-05-29 21:15:00,0.0751656
2019-05-29 21:30:00,0.098797984
2019-05-29 21:45:00,0.11328311
2019-05-29 22:00:00,0.12244816
2019-05-29 22:15:00,0.12842569
2019-05-29 22:30:00,0.13243367
2019-05-29 22:45:00,0.13518715
2019-05-29 23:00:00,0.13711794
2019-05-29 23:15:00,0.1384933
2019-05-29 23:30:00,0.13948402
2019-05-29 23:45:00,0.14020017
2019-05-30 00:00:00,0.14071389
2019-05-30 00:15:00,0.14107469
2019-05-30 00:30:00,0.23537491
2019-05-30 00:45:00,0.40143728
2019-05-30 01:00:00,0.4563652
2019-05-30 01:15:00,0.40143728
2019-05-30 01:30:00,0.23537491
2019-05-30 01:45:00,0.14107469
2019-05-30 02:00:00,0.14071389
2019-05-30 02:15:00,0.1402
2019-05-30 02:30:00,0.13948412
2019-05-30 02:45:00,0.1384933
2019-05-30 03:00:00,0.13711794
2019-05-30 03:15:00,0.13518715
2019-05-30 03:30:00,0.13243367
2019-05-30 03:45:00,0.12842569
2019-05-30 04:00:00,0.12244816
2019-05-30 04:15:00,0.11328311
2019-05-30 04:30:00,0.098797984
2019-05-30 04:45:00,0.0751656
2019-05-30 05:00:00,0.035439104
2019-05-30 05:15:00,0.0
2019-05-30 05:30:00,0.0
2019-05-30 05:45:00,0.0
2019-05-30 06:00:00,0.0
2019-05-30 06:15:00,6.796627
2019-05-30 06:30:00,17.221914
2019-05-30 06:45:00,141.5755
2019-05-30 07:00:00,156.94449
2019-05-30 07:15:00,471.92383
2019-05-30 07:30:00,449.35187
2019-05-30 07:45:00,831.0604
2019-05-30 08:00:00,764.16077
2019-05-30 08:15:00,1238.3073
2019-05-30 08:30:00,1122.3242
2019-05-30 08:45:00,1673.5668
2019-05-30 09:00:00,1525.7402
2019-05-30 09:15:00,2136.805
2019-05-30 09:30:00,1969.3257
2019-05-30 09:45:00,2600.5535
2019-05-30 10:00:00,2455.0479
2019-05-30 10:15:00,2887.1377
2019-05-30 10:30:00,2793.0457
2019-05-30 10:45:00,3103.592
2019-05-30 11:00:00,3028.4092
2019-05-30 11:15:00,3333.2031
2019-05-30 11:30:00,3247.5056
2019-05-30 11:45:00,3484.09
2019-05-30 12:00:00,3413.7383
2019-05-30 12:15:00,3557.6372
2019-05-30 12:30:00,3529.5789
2019-05-30 12:45:00,3585.9968
2019-05-30 13:00:00,3583.3557
2019-05-30 13:15:00,3592.2812
2019-05-30 13:30:00,3595.6548
2019-05-30 13:45:00,3579.8794
2019-05-30 14:00:00,3582.8833
2019-05-30 14:15:00,3546.499
2019-05-30 14:30:00,3547.2524
2019-05-30 14:45:00,3480.7935
2019-05-30 15:00:00,3483.1118
2019-05-30 15:15:00,3376.7656
2019-05-30 15:30:00,3389.683
2019-05-30 15:45:00,3221.3003
2019-05-30 16:00:00,3263.2407
2019-05-30 16:15:00,2985.4128
2019-05-30 16:30:00,3083.2168
2019-05-30 16:45:00,2680.4429
2019-05-30 17:00:00,2806.0063
2019-05-30 17:15:00,2347.683
2019-05-30 17:30:00,2474.4365
2019-05-30 17:45:00,1947.0564
2019-05-30 18:00:00,2106.9312
2019-05-30 18:15:00,1489.5929
2019-05-30 18:30:00,1529.4778
2019-05-30 18:45:00,1008.4729
2019-05-30 19:00:00,952.285
2019-05-30 19:15:00,352.07397
2019-05-30 19:30:00,264.69482
2019-05-30 19:45:00,43.45801
2019-05-30 20:00:00,5.172946
2019-05-30 20:15:00,0.0
2019-05-30 20:30:00,0.0
2019-05-30 20:45:00,0.0
2019-05-30 21:00:00,0.035439104
2019-05-30 21:15:00,0.0751656
2019-05-30 21:30:00,0.098797984
2019-05-30 21:45:00,0.11328311
2019-05-30 22:00:00,0.12244816
2019-05-30 22:15:00,0.12842569
2019-05-30 22:30:00,0.13243367
2019-05-30 22:45:00,0.13518715
2019-05-30 23:00:00,0.13711794
2019-05-30 23:15:00,0.1384933
2019-05-30 23:30:00,0.13948402
2019-05-30 23:45:00,0.14020017
2019-06-01 00:00:00,0.14071389
2019-06-01 00:15:00,0.14107469
2019-06-01 00:30:00,0.23537491
2019-06-01 00:45:00,0.40143728
2019-06-01 01:00:00,0.4563652
2019-06-01 01:15:00,0.40143728
2019-06-01 01:30:00,0.23537491
2019-06-01 01:45:00,0.14107469
2019-06-01 02:00:00,0.14071389
2019-06-01 02:15:00,0.1402
2019-06-01 02:30:00,0.13948412
2019-06-01 02:45:00,0.1384933
2019-06-01 03:00:00,0.13711794
2019-06-01 03:15:00,0.13518715
2019-06-01 03:30:00,0.13243367
2019-06-01 03:45:00,0.12842569
2019-06-01 04:00:00,0.12244816
2019-06-01 04:15:00,0.11328311
2019-06-01 04:30:00,0.098797984
2019-06-01 04:45:00,0.0751656
2019-06-01 05:00:00,0.035439104
2019-06-01 05:15:00,0.0
2019-06-01 05:30:00,0.0
2019-06-01 05:45:00,0.0
2019-06-01 06:00:00,0.0
2019-06-01 06:15:00,6.7312746
2019-06-01 06:30:00,16.763115
2019-06-01 06:45:00,131.5195
2019-06-01 07:00:00,146.91986
2019-06-01 07:15:00,417.89062
2019-06-01 07:30:00,407.444
2019-06-01 07:45:00,679.09534
2019-06-01 08:00:00,680.71423
2019-06-01 08:15:00,1143.4377
2019-06-01 08:30:00,1078.918
2019-06-01 08:45:00,1619.9329
2019-06-01 09:00:00,1498.6548
2019-06-01 09:15:00,2090.38
2019-06-01 09:30:00,1941.5364
2019-06-01 09:45:00,2569.567
2019-06-01 10:00:00,2429.761
2019-06-01 10:15:00,2863.374
2019-06-01 10:30:00,2771.9626
2019-06-01 10:45:00,3086.255
2019-06-01 11:00:00,3018.9775
2019-06-01 11:15:00,3311.8806
2019-06-01 11:30:00,3238.6143
2019-06-01 11:45:00,3484.09
2019-06-01 12:00:00,3413.7383
2019-06-01 12:15:00,3563.877
2019-06-01 12:30:00,3539.4502
2019-06-01 12:45:00,3592.2812
2019-06-01 13:00:00,3590.4365
2019-06-01 13:15:00,3595.8335
2019-06-01 13:30:00,3598.3013
2019-06-01 13:45:00,3583.262
2019-06-01 14:00:00,3584.9194
2019-06-01 14:15:00,3548.343
2019-06-01 14:30:00,3548.2803
2019-06-01 14:45:00,3489.5198
2019-06-01 15:00:00,3487.9282
2019-06-01 15:15:00,3398.921
2019-06-01 15:30:00,3401.5474
2019-06-01 15:45:00,3262.1904
2019-06-01 16:00:00,3284.6924
2019-06-01 16:15:00,3038.766
2019-06-01 16:30:00,3119.0225
2019-06-01 16:45:00,2725.3992
2019-06-01 17:00:00,2859.7686
2019-06-01 17:15:00,2386.846
2019-06-01 17:30:00,2509.0637
2019-06-01 17:45:00,1985.1968
2019-06-01 18:00:00,2138.1875
2019-06-01 18:15:00,1506.3336
2019-06-01 18:30:00,1548.9065
2019-06-01 18:45:00,935.68207
2019-06-01 19:00:00,912.7468
2019-06-01 19:15:00,310.81113
2019-06-01 19:30:00,244.9868
2019-06-01 19:45:00,43.45801
2019-06-01 20:00:00,5.172946
2019-06-01 20:15:00,0.0
2019-06-01 20:30:00,0.0
2019-06-01 20:45:00,0.0
2019-06-01 21:00:00,0.035439104
2019-06-01 21:15:00,0.0751656
2019-06-01 21:30:00,0.098797984
2019-06-01 21:45:00,0.11328311
2019-06-01 22:00:00,0.12244816
2019-06-01 22:15:00,0.12842569
2019-06-01 22:30:00,0.13243367
2019-06-01 22:45:00,0.13518715
2019-06-01 23:00:00,0.13711794
2019-06-01 23:15:00,0.1384933
2019-06-01 23:30:00,0.13948402
2019-06-01 23:45:00,0.14020017
2019-06-02 00:00:00,0.14071389
2019-06-02 00:15:00,0.14107469
2019-06-02 00:30:00,0.23537491
2019-06-02 00:45:00,0.40143728
2019-06-02 01:00:00,0.4563652
2019-06-02 01:15:00,0.40143728
2019-06-02 01:30:00,0.23537491
2019-06-02 01:45:00,0.14107469
2019-06-02 02:00:00,0.14071389
2019-06-02 02:15:00,0.1402
2019-06-02 02:30:00,0.13948412
2019-06-02 02:45:00,0.1384933
2019-06-02 03:00:00,0.13711794
2019-06-02 03:15:00,0.13518715
2019-06-02 03:30:00,0.13243367
2019-06-02 03:45:00,0.12842569
2019-06-02 04:00:00,0.12244816
2019-06-02 04:15:00,0.11328311
2019-06-02 04:30:00,0.098797984
2019-06-02 04:45:00,0.0751656
2019-06-02 05:00:00,0.035439104
2019-06-02 05:15:00,0.0
2019-06-02 05:30:00,0.0
2019-06-02 05:45:00,0.0
2019-06-02 06:00:00,0.0
2019-06-02 06:15:00,6.8593826
2019-06-02 06:30:00,17.674374
2019-06-02 06:45:00,150.32591
2019-06-02 07:00:00,164.54713
2019-06-02 07:15:00,486.107
2019-06-02 07:30:00,459.50842
2019-06-02 07:45:00,864.33496
2019-06-02 08:00:00,781.61884
2019-06-02 08:15:00,1309.384
2019-06-02 08:30:00,1148.363
2019-06-02 08:45:00,1767.4889
2019-06-02 09:00:00,1567.8529
2019-06-02 09:15:00,2321.4995
2019-06-02 09:30:00,2049.7725
2019-06-02 09:45:00,2755.6587
2019-06-02 10:00:00,2555.443
2019-06-02 10:15:00,3078.4473
2019-06-02 10:30:00,2878.1084
2019-06-02 10:45:00,3326.7795
2019-06-02 11:00:00,3112.9312
2019-06-02 11:15:00,3469.8823
2019-06-02 11:30:00,3354.0757
2019-06-02 11:45:00,3546.499
2019-06-02 12:00:00,3513.7192
2019-06-02 12:15:00,3587.6848
2019-06-02 12:30:00,3581.4106
2019-06-02 12:45:00,3607.6719
2019-06-02 13:00:00,3607.4097
2019-06-02 13:15:00,3610.6177
2019-06-02 13:30:00,3610.0918
2019-06-02 13:45:00,3596.8633
2019-06-02 14:00:00,3593.9854
2019-06-02 14:15:00,3565.1172
2019-06-02 14:30:00,3558.6523
2019-06-02 14:45:00,3504.8457
2019-06-02 15:00:00,3497.3276
2019-06-02 15:15:00,3407.8416
2019-06-02 15:30:00,3406.8315
2019-06-02 15:45:00,3268.8933
2019-06-02 16:00:00,3288.4438
2019-06-02 16:15:00,3049.6885
2019-06-02 16:30:00,3126.0283
2019-06-02 16:45:00,2736.6008
2019-06-02 17:00:00,2872.7974
2019-06-02 17:15:00,2405.4702
2019-06-02 17:30:00,2527.294
2019-06-02 17:45:00,2000.2102
2019-06-02 18:00:00,2150.2285
2019-06-02 18:15:00,1522.9198
2019-06-02 18:30:00,1569.3506
2019-06-02 18:45:00,1008.4729
2019-06-02 19:00:00,952.285
2019-06-02 19:15:00,352.07397
2019-06-02 19:30:00,264.69482
2019-06-02 19:45:00,48.40631
2019-06-02 20:00:00,8.724354
2019-06-02 20:15:00,0.0
2019-06-02 20:30:00,0.0
2019-06-02 20:45:00,0.0
2019-06-02 21:00:00,0.035439104
2019-06-02 21:15:00,0.0751656
2019-06-02 21:30:00,0.098797984
2019-06-02 21:45:00,0.11328311
2019-06-02 22:00:00,0.12244816
2019-06-02 22:15:00,0.12842569
2019-06-02 22:30:00,0.13243367
2019-06-02 22:45:00,0.13518715
2019-06-02 23:00:00,0.13711794
2019-06-02 23:15:00,0.1384933
2019-06-02 23:30:00,0.13948402
2019-06-02 23:45:00,0.14020017
2019-06-03 00:00:00,0.14071389
2019-06-03 00:15:00,0.14107469
2019-06-03 00:30:00,0.23537491
2019-06-03 00:45:00,0.40143728
2019-06-03 01:00:00,0.4563652
2019-06-03 01:15:00,0.40143728
2019-06-03 01:30:00,0.23537491
2019-06-03 01:45:00,0.14107469
2019-06-03 02:00:00,0.14071389
2019-06-03 02:15:00,0.1402
2019-06-03 02:30:00,0.13948412
2019-06-03 02:45:00,0.1384933
2019-06-03 03:00:00,0.13711794
2019-06-03 03:15:00,0.13518715
2019-06-03 03:30:00,0.13243367
2019-06-03 03:45:00,0.12842569
2019-06-03 04:00:00,0.12244816
2019-06-03 04:15:00,0.11328311
2019-06-03 04:30:00,0.098797984
2019-06-03 04:45:00,0.0751656
2019-06-03 05:00:00,0.035439104
2019-06-03 05:15:00,0.0
2019-06-03 05:30:00,0.0
2019-06-03 05:45:00,0.0
2019-06-03 06:00:00,0.0
2019-06-03 06:15:00,9.102669
2019-06-03 06:30:00,18.991161
2019-06-03 06:45:00,199.12671
2019-06-03 07:00:00,192.6808
2019-06-03 07:15:00,620.2141
2019-06-03 07:30:00,515.3595
2019-06-03 07:45:00,1137.074
2019-06-03 08:00:00,844.7151
2019-06-03 08:15:00,1627.4897
2019-06-03 08:30:00,1218.2592
2019-06-03 08:45:00,2084.1614
2019-06-03 09:00:00,1645.1453
2019-06-03 09:15:00,2543.0757
2019-06-03 09:30:00,2137.6829
2019-06-03 09:45:00,2862.4
2019-06-03 10:00:00,2616.4978
2019-06-03 10:15:00,3147.083
2019-06-03 10:30:00,2902.7642
2019-06-03 10:45:00,3346.6367
2019-06-03 11:00:00,3128.4077
2019-06-03 11:15:00,3472.8823
2019-06-03 11:30:00,3362.21
2019-06-03 11:45:00,3548.343
2019-06-03 12:00:00,3518.9893
2019-06-03 12:15:00,3589.015
2019-06-03 12:30:00,3583.6143
2019-06-03 12:45:00,3607.6719
2019-06-03 13:00:00,3607.4097
2019-06-03 13:15:00,3609.6772
2019-06-03 13:30:00,3609.3076
2019-06-03 13:45:00,3595.873
2019-06-03 14:00:00,3593.2905
2019-06-03 14:15:00,3562.817
2019-06-03 14:30:00,3557.1587
2019-06-03 14:45:00,3501.8037
2019-06-03 15:00:00,3495.4
2019-06-03 15:15:00,3405.7046
2019-06-03 15:30:00,3405.547
2019-06-03 15:45:00,3265.5854
2019-06-03 16:00:00,3286.5886
2019-06-03 16:15:00,3044.2622
2019-06-03 16:30:00,3122.5679
2019-06-03 16:45:00,2736.6008
2019-06-03 17:00:00,2872.7974
2019-06-03 17:15:00,2411.5562
2019-06-03 17:30:00,2533.5342
2019-06-03 17:45:00,2022.5835
2019-06-03 18:00:00,2167.7993
2019-06-03 18:15:00,1545.2549
2019-06-03 18:30:00,1598.0498
2019-06-03 18:45:00,1062.3926
2019-06-03 19:00:00,999.7239
2019-06-03 19:15:00,392.1541
2019-06-03 19:30:00,289.4595
2019-06-03 19:45:00,53.07081
2019-06-03 20:00:00,12.3528805
2019-06-03 20:15:00,0.0
2019-06-03 20:30:00,0.0
2019-06-03 20:45:00,0.0
2019-06-03 21:00:00,0.035439104
2019-06-03 21:15:00,0.0751656
2019-06-03 21:30:00,0.098797984
2019-06-03 21:45:00,0.11328311
2019-06-03 22:00:00,0.12244816
2019-06-03 22:15:00,0.12842569
2019-06-03 22:30:00,0.13243367
2019-06-03 22:45:00,0.13518715
2019-06-03 23:00:00,0.13711794
2019-06-03 23:15:00,0.1384933
2019-06-03 23:30:00,0.13948402
2019-06-03 23:45:00,0.14020017
2019-06-04 00:00:00,0.14071389
2019-06-04 00:15:00,0.14107469
2019-06-04 00:30:00,0.23537491
2019-06-04 00:45:00,0.40143728
2019-06-04 01:00:00,0.4563652
2019-06-04 01:15:00,0.40143728
2019-06-04 01:30:00,0.23537491
2019-06-04 01:45:00,0.14107469
2019-06-04 02:00:00,0.14071389
2019-06-04 02:15:00,0.1402
2019-06-04 02:30:00,0.13948412
2019-06-04 02:45:00,0.1384933
2019-06-04 03:00:00,0.13711794
2019-06-04 03:15:00,0.13518715
2019-06-04 03:30:00,0.13243367
2019-06-04 03:45:00,0.12842569
2019-06-04 04:00:00,0.12244816
2019-06-04 04:15:00,0.11328311
2019-06-04 04:30:00,0.098797984
2019-06-04 04:45:00,0.0751656
2019-06-04 05:00:00,0.035439104
2019-06-04 05:15:00,0.0
2019-06-04 05:30:00,0.0
2019-06-04 05:45:00,0.0
2019-06-04 06:00:00,0.0
2019-06-04 06:15:00,6.8593826
2019-06-04 06:30:00,17.674374
2019-06-04 06:45:00,133.90337
2019-06-04 07:00:00,149.41223
2019-06-04 07:15:00,403.52246
2019-06-04 07:30:00,396.85553
2019-06-04 07:45:00,747.52136
2019-06-04 08:00:00,712.8235
2019-06-04 08:15:00,1007.8991
2019-06-04 08:30:00,1023.84546
2019-06-04 08:45:00,1315.93
2019-06-04 09:00:00,1374.4585
2019-06-04 09:15:00,1850.3263
2019-06-04 09:30:00,1822.0767
2019-06-04 09:45:00,2193.9822
2019-06-04 10:00:00,2201.4583
2019-06-04 10:15:00,2608.8774
2019-06-04 10:30:00,2569.7979
2019-06-04 10:45:00,2810.8257
2019-06-04 11:00:00,2785.9507
2019-06-04 11:15:00,2874.304
2019-06-04 11:30:00,2873.5962
2019-06-04 11:45:00,3007.271
2019-06-04 12:00:00,3007.213
2019-06-04 12:15:00,3026.7163
2019-06-04 12:30:00,3024.1072
2019-06-04 12:45:00,2888.4492
2019-06-04 13:00:00,2887.7344
2019-06-04 13:15:00,2794.2036
2019-06-04 13:30:00,2796.0645
2019-06-04 13:45:00,2812.053
2019-06-04 14:00:00,2813.1099
2019-06-04 14:15:00,2326.048
2019-06-04 14:30:00,2325.0718
2019-06-04 14:45:00,1845.8478
2019-06-04 15:00:00,1866.3066
2019-06-04 15:15:00,1883.0383
2019-06-04 15:30:00,1898.727
2019-06-04 15:45:00,1985.5696
2019-06-04 16:00:00,1936.524
2019-06-04 16:15:00,1820.8027
2019-06-04 16:30:00,1674.9856
2019-06-04 16:45:00,1636.7319
2019-06-04 17:00:00,1677.2358
2019-06-04 17:15:00,1558.0233
2019-06-04 17:30:00,2111.4487
2019-06-04 17:45:00,1577.4219
2019-06-04 18:00:00,1930.5049
2019-06-04 18:15:00,756.06256
2019-06-04 18:30:00,1221.4001
2019-06-04 18:45:00,323.59546
2019-06-04 19:00:00,339.07593
2019-06-04 19:15:00,131.5195
2019-06-04 19:30:00,159.65242
2019-06-04 19:45:00,38.14751
2019-06-04 20:00:00,1.6900274
2019-06-04 20:15:00,0.0
2019-06-04 20:30:00,0.0
2019-06-04 20:45:00,0.0
2019-06-04 21:00:00,0.035439104
2019-06-04 21:15:00,0.0751656
2019-06-04 21:30:00,0.098797984
2019-06-04 21:45:00,0.11328311
2019-06-04 22:00:00,0.12244816
2019-06-04 22:15:00,0.12842569
2019-06-04 22:30:00,0.13243367
2019-06-04 22:45:00,0.13518715
2019-06-04 23:00:00,0.13711794
2019-06-04 23:15:00,0.1384933
2019-06-04 23:30:00,0.13948402
2019-06-04 23:45:00,0.14020017
2019-06-05 00:00:00,0.14071389
2019-06-05 00:15:00,0.14107469
2019-06-05 00:30:00,0.23537491
2019-06-05 00:45:00,0.40143728
2019-06-05 01:00:00,0.4563652
2019-06-05 01:15:00,0.40143728
2019-06-05 01:30:00,0.23537491
2019-06-05 01:45:00,0.14107469
2019-06-05 02:00:00,0.14071389
2019-06-05 02:15:00,0.1402
2019-06-05 02:30:00,0.13948412
2019-06-05 02:45:00,0.1384933
2019-06-05 03:00:00,0.13711794
2019-06-05 03:15:00,0.13518715
2019-06-05 03:30:00,0.13243367
2019-06-05 03:45:00,0.12842569
2019-06-05 04:00:00,0.12244816
2019-06-05 04:15:00,0.11328311
2019-06-05 04:30:00,0.098797984
2019-06-05 04:45:00,0.0751656
2019-06-05 05:00:00,0.035439104
2019-06-05 05:15:00,0.0
2019-06-05 05:30:00,0.0
2019-06-05 05:45:00,0.0
2019-06-05 06:00:00,0.0
2019-06-05 06:15:00,6.7312746
2019-06-05 06:30:00,16.763115
2019-06-05 06:45:00,108.11677
2019-06-05 07:00:00,120.12196
2019-06-05 07:15:00,374.72363
2019-06-05 07:30:00,376.72092
2019-06-05 07:45:00,734.71545
2019-06-05 08:00:00,705.849
2019-06-05 08:15:00,1028.2222
2019-06-05 08:30:00,1031.7827
2019-06-05 08:45:00,1301.8229
2019-06-05 09:00:00,1367.544
2019-06-05 09:15:00,1744.6438
2019-06-05 09:30:00,1763.8489
2019-06-05 09:45:00,2261.8018
2019-06-05 10:00:00,2244.1638
2019-06-05 10:15:00,2587.084
2019-06-05 10:30:00,2552.9368
2019-06-05 10:45:00,2639.208
2019-06-05 11:00:00,2630.367
2019-06-05 11:15:00,2536.8762
2019-06-05 11:30:00,2539.385
2019-06-05 11:45:00,2311.25
2019-06-05 12:00:00,2311.396
2019-06-05 12:15:00,2237.6533
2019-06-05 12:30:00,2236.1775
2019-06-05 12:45:00,2102.9626
2019-06-05 13:00:00,2102.06
2019-06-05 13:15:00,2112.4539
2019-06-05 13:30:00,2114.859
2019-06-05 13:45:00,2654.977
2019-06-05 14:00:00,2658.5142
2019-06-05 14:15:00,3064.8418
2019-06-05 14:30:00,3067.913
2019-06-05 14:45:00,2964.6016
2019-06-05 15:00:00,2990.8457
2019-06-05 15:15:00,2635.2961
2019-06-05 15:30:00,2661.519
2019-06-05 15:45:00,2560.895
2019-06-05 16:00:00,2665.8872
2019-06-05 16:15:00,2482.5815
2019-06-05 16:30:00,2792.195
2019-06-05 16:45:00,2168.3457
2019-06-05 17:00:00,2589.6787
2019-06-05 17:15:00,2251.3372
2019-06-05 17:30:00,2408.5273
2019-06-05 17:45:00,1915.0972
2019-06-05 18:00:00,2080.764
2019-06-05 18:15:00,1478.1494
2019-06-05 18:30:00,1517.1046
2019-06-05 18:45:00,880.19434
2019-06-05 19:00:00,893.686
2019-06-05 19:15:00,332.22903
2019-06-05 19:30:00,254.6871
2019-06-05 19:45:00,49.989056
2019-06-05 20:00:00,9.924905
2019-06-05 20:15:00,0.0
2019-06-05 20:30:00,0.0
2019-06-05 20:45:00,0.0
2019-06-05 21:00:00,0.035439104
2019-06-05 21:15:00,0.0751656
2019-06-05 21:30:00,0.098797984
2019-06-05 21:45:00,0.11328311
2019-06-05 22:00:00,0.12244816
2019-06-05 22:15:00,0.12842569
2019-06-05 22:30:00,0.13243367
2019-06-05 22:45:00,0.13518715
2019-06-05 23:00:00,0.13711794
2019-06-05 23:15:00,0.1384933
2019-06-05 23:30:00,0.13948402
2019-06-05 23:45:00,0.14020017
2019-06-06 00:00:00,0.14071389
2019-06-06 00:15:00,0.14107469
2019-06-06 00:30:00,0.23537491
2019-06-06 00:45:00,0.40143728
2019-06-06 01:00:00,0.4563652
2019-06-06 01:15:00,0.40143728
2019-06-06 01:30:00,0.23537491
2019-06-06 01:45:00,0.14107469
2019-06-06 02:00:00,0.14071389
2019-06-06 02:15:00,0.1402
2019-06-06 02:30:00,0.13948412
2019-06-06 02:45:00,0.1384933
2019-06-06 03:00:00,0.13711794
2019-06-06 03:15:00,0.13518715
2019-06-06 03:30:00,0.13243367
2019-06-06 03:45:00,0.12842569
2019-06-06 04:00:00,0.12244816
2019-06-06 04:15:00,0.11328311
2019-06-06 04:30:00,0.098797984
2019-06-06 04:45:00,0.0751656
2019-06-06 05:00:00,0.035439104
2019-06-06 05:15:00,0.0
2019-06-06 05:30:00,0.0
2019-06-06 05:45:00,0.0
2019-06-06 06:00:00,0.0
2019-06-06 06:15:00,6.9194417
2019-06-06 06:30:00,18.120186
2019-06-06 06:45:00,147.26227
2019-06-06 07:00:00,162.00618
2019-06-06 07:15:00,538.8616
2019-06-06 07:30:00,488.48486
2019-06-06 07:45:00,978.1647
2019-06-06 08:00:00,817.4807
2019-06-06 08:15:00,1395.9703
2019-06-06 08:30:00,1169.9598
2019-06-06 08:45:00,1782.524
2019-06-06 09:00:00,1573.2363
2019-06-06 09:15:00,2255.7996
2019-06-06 09:30:00,2027.3772
2019-06-06 09:45:00,2665.6482
2019-06-06 10:00:00,2503.0454
2019-06-06 10:15:00,2908.713
2019-06-06 10:30:00,2809.1504
2019-06-06 10:45:00,3041.9585
2019-06-06 11:00:00,2986.2126
2019-06-06 11:15:00,3173.7246
2019-06-06 11:30:00,3145.755
2019-06-06 11:45:00,3326.7488
2019-06-06 12:00:00,3308.9426
2019-06-06 12:15:00,3122.101
2019-06-06 12:30:00,3119.2524
2019-06-06 12:45:00,2857.061
2019-06-06 13:00:00,2856.3638
2019-06-06 13:15:00,2606.3975
2019-06-06 13:30:00,2612.4146
2019-06-06 13:45:00,2742.1138
2019-06-06 14:00:00,2743.308
2019-06-06 14:15:00,2967.9915
2019-06-06 14:30:00,2967.2065
2019-06-06 14:45:00,2808.4697
2019-06-06 15:00:00,2816.6382
2019-06-06 15:15:00,2922.562
2019-06-06 15:30:00,3007.0337
2019-06-06 15:45:00,2631.5625
2019-06-06 16:00:00,2746.8855
2019-06-06 16:15:00,2783.4148
2019-06-06 16:30:00,2980.579
2019-06-06 16:45:00,2630.75
2019-06-06 17:00:00,2752.4238
2019-06-06 17:15:00,2340.8472
2019-06-06 17:30:00,2468.846
2019-06-06 17:45:00,1939.2444
2019-06-06 18:00:00,2100.4834
2019-06-06 18:15:00,1255.9419
2019-06-06 18:30:00,1419.1775
2019-06-06 18:45:00,486.107
2019-06-06 19:00:00,753.99365
2019-06-06 19:15:00,224.75787
2019-06-06 19:30:00,213.19565
2019-06-06 19:45:00,43.45801
2019-06-06 20:00:00,5.172946
2019-06-06 20:15:00,0.0
2019-06-06 20:30:00,0.0
2019-06-06 20:45:00,0.0
2019-06-06 21:00:00,0.035439104
2019-06-06 21:15:00,0.0751656
2019-06-06 21:30:00,0.098797984
2019-06-06 21:45:00,0.11328311
2019-06-06 22:00:00,0.12244816
2019-06-06 22:15:00,0.12842569
2019-06-06 22:30:00,0.13243367
2019-06-06 22:45:00,0.13518715
2019-06-06 23:00:00,0.13711794
2019-06-06 23:15:00,0.1384933
2019-06-06 23:30:00,0.13948402
2019-06-06 23:45:00,0.14020017
2019-06-07 00:00:00,0.14071389
2019-06-07 00:15:00,0.14107469
2019-06-07 00:30:00,0.23537491
2019-06-07 00:45:00,0.40143728
2019-06-07 01:00:00,0.4563652
2019-06-07 01:15:00,0.40143728
2019-06-07 01:30:00,0.23537491
2019-06-07 01:45:00,0.14107469
2019-06-07 02:00:00,0.14071389
2019-06-07 02:15:00,0.1402
2019-06-07 02:30:00,0.13948412
2019-06-07 02:45:00,0.1384933
2019-06-07 03:00:00,0.13711794
2019-06-07 03:15:00,0.13518715
2019-06-07 03:30:00,0.13243367
2019-06-07 03:45:00,0.12842569
2019-06-07 04:00:00,0.12244816
2019-06-07 04:15:00,0.11328311
2019-06-07 04:30:00,0.098797984
2019-06-07 04:45:00,0.0751656
2019-06-07 05:00:00,0.035439104
2019-06-07 05:15:00,0.0
2019-06-07 05:30:00,0.0
2019-06-07 05:45:00,0.0
2019-06-07 06:00:00,0.0
2019-06-07 06:15:00,6.51914
2019-06-07 06:30:00,15.349892
2019-06-07 06:45:00,100.1084
2019-06-07 07:00:00,110.571594
2019-06-07 07:15:00,284.56458
2019-06-07 07:30:00,329.34976
2019-06-07 07:45:00,542.1349
2019-06-07 08:00:00,600.5889
2019-06-07 08:15:00,833.2017
2019-06-07 08:30:00,990.86194
2019-06-07 08:45:00,1181.6935
2019-06-07 09:00:00,1386.0115
2019-06-07 09:15:00,1517.5101
2019-06-07 09:30:00,1701.7981
2019-06-07 09:45:00,1746.477
2019-06-07 10:00:00,1732.7402
2019-06-07 10:15:00,1899.8463
2019-06-07 10:30:00,1892.0044
2019-06-07 10:45:00,2112.7222
2019-06-07 11:00:00,2131.5576
2019-06-07 11:15:00,2265.4482
2019-06-07 11:30:00,2274.5996
2019-06-07 11:45:00,2394.348
2019-06-07 12:00:00,2386.3896
2019-06-07 12:15:00,2389.5168
2019-06-07 12:30:00,2384.5254
2019-06-07 12:45:00,2537.6255
2019-06-07 13:00:00,2534.8672
2019-06-07 13:15:00,2333.4077
2019-06-07 13:30:00,2335.1785
2019-06-07 13:45:00,2235.441
2019-06-07 14:00:00,2236.6675
2019-06-07 14:15:00,2583.2944
2019-06-07 14:30:00,2582.086
2019-06-07 14:45:00,2561.268
2019-06-07 15:00:00,2559.405
2019-06-07 15:15:00,2426.3015
2019-06-07 15:30:00,2425.6895
2019-06-07 15:45:00,2129.2275
2019-06-07 16:00:00,2088.1953
2019-06-07 16:15:00,1784.5604
2019-06-07 16:30:00,1703.7079
2019-06-07 16:45:00,1538.9158
2019-06-07 17:00:00,1356.9375
2019-06-07 17:15:00,1295.1512
2019-06-07 17:30:00,1407.5432
2019-06-07 17:45:00,897.0311
2019-06-07 18:00:00,945.813
2019-06-07 18:15:00,536.0215
2019-06-07 18:30:00,542.5867
2019-06-07 18:45:00,284.56458
2019-06-07 19:00:00,284.9815
2019-06-07 19:15:00,133.90337
2019-06-07 19:30:00,161.98898
2019-06-07 19:45:00,36.282425
2019-06-07 20:00:00,0.54282635
2019-06-07 20:15:00,0.0
2019-06-07 20:30:00,0.0
2019-06-07 20:45:00,0.0
2019-06-07 21:00:00,0.035439104
2019-06-07 21:15:00,0.0751656
2019-06-07 21:30:00,0.098797984
2019-06-07 21:45:00,0.11328311
2019-06-07 22:00:00,0.12244816
2019-06-07 22:15:00,0.12842569
2019-06-07 22:30:00,0.13243367
2019-06-07 22:45:00,0.13518715
2019-06-07 23:00:00,0.13711794
2019-06-07 23:15:00,0.1384933
2019-06-07 23:30:00,0.13948402
2019-06-07 23:45:00,0.14020017
2019-06-08 00:00:00,0.14071389
2019-06-08 00:15:00,0.14107469
2019-06-08 00:30:00,0.23537491
2019-06-08 00:45:00,0.40143728
2019-06-08 01:00:00,0.4563652
2019-06-08 01:15:00,0.40143728
2019-06-08 01:30:00,0.23537491
2019-06-08 01:45:00,0.14107469
2019-06-08 02:00:00,0.14071389
2019-06-08 02:15:00,0.1402
2019-06-08 02:30:00,0.13948412
2019-06-08 02:45:00,0.1384933
2019-06-08 03:00:00,0.13711794
2019-06-08 03:15:00,0.13518715
2019-06-08 03:30:00,0.13243367
2019-06-08 03:45:00,0.12842569
2019-06-08 04:00:00,0.12244816
2019-06-08 04:15:00,0.11328311
2019-06-08 04:30:00,0.098797984
2019-06-08 04:45:00,0.0751656
2019-06-08 05:00:00,0.035439104
2019-06-08 05:15:00,0.0
2019-06-08 05:30:00,0.0
2019-06-08 05:45:00,0.0
2019-06-08 06:00:00,0.0
2019-06-08 06:15:00,6.976799
2019-06-08 06:30:00,18.559235
2019-06-08 06:45:00,164.48604
2019-06-08 07:00:00,174.75774
2019-06-08 07:15:00,580.00574
2019-06-08 07:30:00,503.74036
2019-06-08 07:45:00,999.2361
2019-06-08 08:00:00,821.8417
2019-06-08 08:15:00,1296.635
2019-06-08 08:30:00,1144.3828
2019-06-08 08:45:00,1642.428
2019-06-08 09:00:00,1509.8038
2019-06-08 09:15:00,1963.8164
2019-06-08 09:30:00,1874.5072
2019-06-08 09:45:00,2136.8174
2019-06-08 10:00:00,2161.9287
2019-06-08 10:15:00,2169.1045
2019-06-08 10:30:00,2187.5303
2019-06-08 10:45:00,2238.1887
2019-06-08 11:00:00,2235.2844
2019-06-08 11:15:00,2111.5842
2019-06-08 11:30:00,2113.1418
2019-06-08 11:45:00,2038.9773
2019-06-08 12:00:00,2032.6482
2019-06-08 12:15:00,2237.6533
2019-06-08 12:30:00,2236.1775
2019-06-08 12:45:00,2523.6929
2019-06-08 13:00:00,2520.9458
2019-06-08 13:15:00,2794.2036
2019-06-08 13:30:00,2796.0645
2019-06-08 13:45:00,2619.8403
2019-06-08 14:00:00,2625.416
2019-06-08 14:15:00,2630.268
2019-06-08 14:30:00,2627.5728
2019-06-08 14:45:00,2441.001
2019-06-08 15:00:00,2441.111
2019-06-08 15:15:00,2585.227
2019-06-08 15:30:00,2604.0974
2019-06-08 15:45:00,2492.0005
2019-06-08 16:00:00,2563.1382
2019-06-08 16:15:00,2531.4175
2019-06-08 16:30:00,2832.0586
2019-06-08 16:45:00,2448.666
2019-06-08 17:00:00,2666.6206
2019-06-08 17:15:00,2288.587
2019-06-08 17:30:00,2430.4167
2019-06-08 17:45:00,2059.53
2019-06-08 18:00:00,2195.8381
2019-06-08 18:15:00,1574.1072
2019-06-08 18:30:00,1635.7737
2019-06-08 18:45:00,1067.5653
2019-06-08 19:00:00,1005.2103
2019-06-08 19:15:00,402.2729
2019-06-08 19:30:00,296.95074
2019-06-08 19:45:00,60.396008
2019-06-08 20:00:00,18.594774
2019-06-08 20:15:00,0.0
2019-06-08 20:30:00,0.0
2019-06-08 20:45:00,0.0
2019-06-08 21:00:00,0.035439104
2019-06-08 21:15:00,0.0751656
2019-06-08 21:30:00,0.098797984
2019-06-08 21:45:00,0.11328311
2019-06-08 22:00:00,0.12244816
2019-06-08 22:15:00,0.12842569
2019-06-08 22:30:00,0.13243367
2019-06-08 22:45:00,0.13518715
2019-06-08 23:00:00,0.13711794
2019-06-08 23:15:00,0.1384933
2019-06-08 23:30:00,0.13948402
2019-06-08 23:45:00,0.14020017
2019-06-09 00:00:00,0.14071389
2019-06-09 00:15:00,0.14107469
2019-06-09 00:30:00,0.23537491
2019-06-09 00:45:00,0.40143728
2019-06-09 01:00:00,0.4563652
2019-06-09 01:15:00,0.40143728
2019-06-09 01:30:00,0.23537491
2019-06-09 01:45:00,0.14107469
2019-06-09 02:00:00,0.14071389
2019-06-09 02:15:00,0.1402
2019-06-09 02:30:00,0.13948412
2019-06-09 02:45:00,0.1384933
2019-06-09 03:00:00,0.13711794
2019-06-09 03:15:00,0.13518715
2019-06-09 03:30:00,0.13243367
2019-06-09 03:45:00,0.12842569
2019-06-09 04:00:00,0.12244816
2019-06-09 04:15:00,0.11328311
2019-06-09 04:30:00,0.098797984
2019-06-09 04:45:00,0.0751656
2019-06-09 05:00:00,0.035439104
2019-06-09 05:15:00,0.0
2019-06-09 05:30:00,0.0
2019-06-09 05:45:00,0.0
2019-06-09 06:00:00,0.0
2019-06-09 06:15:00,11.735134
2019-06-09 06:30:00,19.415747
2019-06-09 06:45:00,211.50714
2019-06-09 07:00:00,197.78705
2019-06-09 07:15:00,620.2141
2019-06-09 07:30:00,515.3595
2019-06-09 07:45:00,1076.427
2019-06-09 08:00:00,835.3615
2019-06-09 08:15:00,1523.5679
2019-06-09 08:30:00,1195.068
2019-06-09 08:45:00,1913.8793
2019-06-09 09:00:00,1609.3928
2019-06-09 09:15:00,2398.8071
2019-06-09 09:30:00,2073.9995
2019-06-09 09:45:00,2755.6587
2019-06-09 10:00:00,2555.443
2019-06-09 10:15:00,3013.457
2019-06-09 10:30:00,2857.4607
2019-06-09 10:45:00,3264.0276
2019-06-09 11:00:00,3084.4
2019-06-09 11:15:00,3428.0703
2019-06-09 11:30:00,3295.1985
2019-06-09 11:45:00,3519.5527
2019-06-09 12:00:00,3452.2144
2019-06-09 12:15:00,3571.6907
2019-06-09 12:30:00,3552.9194
2019-06-09 12:45:00,3595.8335
2019-06-09 13:00:00,3594.4136
2019-06-09 13:15:00,3600.4182
2019-06-09 13:30:00,3601.8235
2019-06-09 13:45:00,3589.015
2019-06-09 14:00:00,3588.6008
2019-06-09 14:15:00,3556.3193
2019-06-09 14:30:00,3553.026
2019-06-09 14:45:00,3493.3428
2019-06-09 15:00:00,3490.1826
2019-06-09 15:15:00,3385.988
2019-06-09 15:30:00,3394.3484
2019-06-09 15:45:00,3078.448
2019-06-09 16:00:00,3220.771
2019-06-09 16:15:00,2635.0645
2019-06-09 16:30:00,2910.2964
2019-06-09 16:45:00,2063.7097
2019-06-09 17:00:00,2528.2122
2019-06-09 17:15:00,1634.9048
2019-06-09 17:30:00,2187.61
2019-06-09 17:45:00,1550.8298
2019-06-09 18:00:00,1923.0305
2019-06-09 18:15:00,814.8949
2019-06-09 18:30:00,1301.1045
2019-06-09 18:45:00,403.52246
2019-06-09 19:00:00,587.1199
2019-06-09 19:15:00,274.58536
2019-06-09 19:30:00,230.01062
2019-06-09 19:45:00,54.574677
2019-06-09 20:00:00,13.580956
2019-06-09 20:15:00,0.0
2019-06-09 20:30:00,0.0
2019-06-09 20:45:00,0.0
2019-06-09 21:00:00,0.035439104
2019-06-09 21:15:00,0.0751656
2019-06-09 21:30:00,0.098797984
2019-06-09 21:45:00,0.11328311
2019-06-09 22:00:00,0.12244816
2019-06-09 22:15:00,0.12842569
2019-06-09 22:30:00,0.13243367
2019-06-09 22:45:00,0.13518715
2019-06-09 23:00:00,0.13711794
2019-06-09 23:15:00,0.1384933
2019-06-09 23:30:00,0.13948402
2019-06-09 23:45:00,0.14020017
2019-06-10 00:00:00,0.14071389
2019-06-10 00:15:00,0.14107469
2019-06-10 00:30:00,0.23537491
2019-06-10 00:45:00,0.40143728
2019-06-10 01:00:00,0.4563652
2019-06-10 01:15:00,0.40143728
2019-06-10 01:30:00,0.23537491
2019-06-10 01:45:00,0.14107469
2019-06-10 02:00:00,0.14071389
2019-06-10 02:15:00,0.1402
2019-06-10 02:30:00,0.13948412
2019-06-10 02:45:00,0.1384933
2019-06-10 03:00:00,0.13711794
2019-06-10 03:15:00,0.13518715
2019-06-10 03:30:00,0.13243367
2019-06-10 03:45:00,0.12842569
2019-06-10 04:00:00,0.12244816
2019-06-10 04:15:00,0.11328311
2019-06-10 04:30:00,0.098797984
2019-06-10 04:45:00,0.0751656
2019-06-10 05:00:00,0.035439104
2019-06-10 05:15:00,0.0
2019-06-10 05:30:00,0.0
2019-06-10 05:45:00,0.0
2019-06-10 06:00:00,0.0
2019-06-10 06:15:00,6.796627
2019-06-10 06:30:00,17.221914
2019-06-10 06:45:00,106.10782
2019-06-10 07:00:00,117.73001
2019-06-10 07:15:00,356.52756
2019-06-10 07:30:00,366.1249
2019-06-10 07:45:00,743.25464
2019-06-10 08:00:00,710.4486
2019-06-10 08:15:00,1175.4371
2019-06-10 08:30:00,1093.4509
2019-06-10 08:45:00,1549.8875
2019-06-10 09:00:00,1468.3066
2019-06-10 09:15:00,2028.0026
2019-06-10 09:30:00,1906.3589
2019-06-10 09:45:00,2473.965
2019-06-10 10:00:00,2361.0986
2019-06-10 10:15:00,2766.5977
2019-06-10 10:30:00,2684.2876
2019-06-10 10:45:00,2942.1724
2019-06-10 11:00:00,2895.4277
2019-06-10 11:15:00,3090.7273
2019-06-10 11:30:00,3071.8037
2019-06-10 11:45:00,3301.6082
2019-06-10 12:00:00,3285.2974
2019-06-10 12:15:00,3308.7114
2019-06-10 12:30:00,3301.363
2019-06-10 12:45:00,3290.3901
2019-06-10 13:00:00,3289.1284
2019-06-10 13:15:00,2909.418
2019-06-10 13:30:00,2911.3345
2019-06-10 13:45:00,2342.703
2019-06-10 14:00:00,2345.6047
2019-06-10 14:15:00,2125.4587
2019-06-10 14:30:00,2126.7888
2019-06-10 14:45:00,2198.2705
2019-06-10 15:00:00,2181.2124
2019-06-10 15:15:00,2265.3582
2019-06-10 15:30:00,2261.5742
2019-06-10 15:45:00,2242.1484
2019-06-10 16:00:00,2218.149
2019-06-10 16:15:00,1960.9211
2019-06-10 16:30:00,1931.0903
2019-06-10 16:45:00,1608.2635
2019-06-10 17:00:00,1609.3928
2019-06-10 17:15:00,1383.7369
2019-06-10 17:30:00,1661.9541
2019-06-10 17:45:00,914.19305
2019-06-10 18:00:00,977.5714
2019-06-10 18:15:00,559.8142
2019-06-10 18:30:00,584.80994
2019-06-10 18:45:00,341.88235
2019-06-10 19:00:00,379.25345
2019-06-10 19:15:00,144.35124
2019-06-10 19:30:00,172.43608
2019-06-10 19:45:00,38.14751
2019-06-10 20:00:00,1.6900274
2019-06-10 20:15:00,0.0
2019-06-10 20:30:00,0.0
2019-06-10 20:45:00,0.0
2019-06-10 21:00:00,0.035439104
2019-06-10 21:15:00,0.0751656
2019-06-10 21:30:00,0.098797984
2019-06-10 21:45:00,0.11328311
2019-06-10 22:00:00,0.12244816
2019-06-10 22:15:00,0.12842569
2019-06-10 22:30:00,0.13243367
2019-06-10 22:45:00,0.13518715
2019-06-10 23:00:00,0.13711794
2019-06-10 23:15:00,0.1384933
2019-06-10 23:30:00,0.13948402
2019-06-10 23:45:00,0.14020017
2019-06-11 00:00:00,0.14071389
2019-06-11 00:15:00,0.14107469
2019-06-11 00:30:00,0.23537491
2019-06-11 00:45:00,0.40143728
2019-06-11 01:00:00,0.4563652
2019-06-11 01:15:00,0.40143728
2019-06-11 01:30:00,0.23537491
2019-06-11 01:45:00,0.14107469
2019-06-11 02:00:00,0.14071389
2019-06-11 02:15:00,0.1402
2019-06-11 02:30:00,0.13948412
2019-06-11 02:45:00,0.1384933
2019-06-11 03:00:00,0.13711794
2019-06-11 03:15:00,0.13518715
2019-06-11 03:30:00,0.13243367
2019-06-11 03:45:00,0.12842569
2019-06-11 04:00:00,0.12244816
2019-06-11 04:15:00,0.11328311
2019-06-11 04:30:00,0.098797984
2019-06-11 04:45:00,0.0751656
2019-06-11 05:00:00,0.035439104
2019-06-11 05:15:00,0.0
2019-06-11 05:30:00,0.0
2019-06-11 05:45:00,0.0
2019-06-11 06:00:00,0.0
2019-06-11 06:15:00,6.592508
2019-06-11 06:30:00,15.826954
2019-06-11 06:45:00,96.11609
2019-06-11 07:00:00,105.80264
2019-06-11 07:15:00,259.12332
2019-06-11 07:30:00,304.6911
2019-06-11 07:45:00,506.60394
2019-06-11 08:00:00,548.25934
2019-06-11 08:15:00,805.51276
2019-06-11 08:30:00,903.59045
2019-06-11 08:45:00,1213.6553
2019-06-11 09:00:00,1288.197
2019-06-11 09:15:00,1551.5662
2019-06-11 09:30:00,1661.2812
2019-06-11 09:45:00,1836.0232
2019-06-11 10:00:00,1937.3168
2019-06-11 10:15:00,2103.2214
2019-06-11 10:30:00,2123.6836
2019-06-11 10:45:00,2302.998
2019-06-11 11:00:00,2298.6292
2019-06-11 11:15:00,2669.482
2019-06-11 11:30:00,2672.8604
2019-06-11 11:45:00,2784.206
2019-06-11 12:00:00,2785.1648
2019-06-11 12:15:00,2777.1653
2019-06-11 12:30:00,2775.0337
2019-06-11 12:45:00,2983.1628
2019-06-11 13:00:00,2982.3628
2019-06-11 13:15:00,2769.5066
2019-06-11 13:30:00,2771.516
2019-06-11 13:45:00,2291.9617
2019-06-11 14:00:00,2293.3262
2019-06-11 14:15:00,2268.7354
2019-06-11 14:30:00,2263.8503
2019-06-11 14:45:00,2229.6956
2019-06-11 15:00:00,2216.2202
2019-06-11 15:15:00,2118.362
2019-06-11 15:30:00,2102.0918
2019-06-11 15:45:00,2038.898
2019-06-11 16:00:00,1987.0441
2019-06-11 16:15:00,1974.9633
2019-06-11 16:30:00,1952.3472
2019-06-11 16:45:00,1858.1665
2019-06-11 17:00:00,2263.6628
2019-06-11 17:15:00,2139.8196
2019-06-11 17:30:00,2369.2588
2019-06-11 17:45:00,1696.2925
2019-06-11 18:00:00,1967.6525
2019-06-11 18:15:00,1416.3094
2019-06-11 18:30:00,1466.867
2019-06-11 18:45:00,935.68207
2019-06-11 19:00:00,912.7468
2019-06-11 19:15:00,375.96155
2019-06-11 19:30:00,278.58377
2019-06-11 19:45:00,60.396008
2019-06-11 20:00:00,18.594774
2019-06-11 20:15:00,0.0
2019-06-11 20:30:00,0.0
2019-06-11 20:45:00,0.0
2019-06-11 21:00:00,0.035439104
2019-06-11 21:15:00,0.0751656
2019-06-11 21:30:00,0.098797984
2019-06-11 21:45:00,0.11328311
2019-06-11 22:00:00,0.12244816
2019-06-11 22:15:00,0.12842569
2019-06-11 22:30:00,0.13243367
2019-06-11 22:45:00,0.13518715
2019-06-11 23:00:00,0.13711794
2019-06-11 23:15:00,0.1384933
2019-06-11 23:30:00,0.13948402
2019-06-11 23:45:00,0.14020017
2019-06-12 00:00:00,0.14071389
2019-06-12 00:15:00,0.14107469
2019-06-12 00:30:00,0.23537491
2019-06-12 00:45:00,0.40143728
2019-06-12 01:00:00,0.4563652
2019-06-12 01:15:00,0.40143728
2019-06-12 01:30:00,0.23537491
2019-06-12 01:45:00,0.14107469
2019-06-12 02:00:00,0.14071389
2019-06-12 02:15:00,0.1402
2019-06-12 02:30:00,0.13948412
2019-06-12 02:45:00,0.1384933
2019-06-12 03:00:00,0.13711794
2019-06-12 03:15:00,0.13518715
2019-06-12 03:30:00,0.13243367
2019-06-12 03:45:00,0.12842569
2019-06-12 04:00:00,0.12244816
2019-06-12 04:15:00,0.11328311
2019-06-12 04:30:00,0.098797984
2019-06-12 04:45:00,0.0751656
2019-06-12 05:00:00,0.035439104
2019-06-12 05:15:00,0.0
2019-06-12 05:30:00,0.0
2019-06-12 05:45:00,0.0
2019-06-12 06:00:00,0.0
2019-06-12 06:15:00,6.6632023
2019-06-12 06:30:00,16.298077
2019-06-12 06:45:00,104.10457
2019-06-12 07:00:00,115.34166
2019-06-12 07:15:00,345.54706
2019-06-12 07:30:00,361.61505
2019-06-12 07:45:00,591.59906
2019-06-12 08:00:00,643.9613
2019-06-12 08:15:00,897.0311
2019-06-12 08:30:00,1001.6387
2019-06-12 08:45:00,1339.5914
2019-06-12 09:00:00,1386.384
2019-06-12 09:15:00,1807.4133
2019-06-12 09:30:00,1800.3184
2019-06-12 09:45:00,2136.8174
2019-06-12 10:00:00,2161.9287
2019-06-12 10:15:00,2211.39
2019-06-12 10:30:00,2228.941
2019-06-12 10:45:00,2151.0544
2019-06-12 11:00:00,2167.939
2019-06-12 11:15:00,2281.838
2019-06-12 11:30:00,2288.1475
2019-06-12 11:45:00,2893.4158
2019-06-12 12:00:00,2893.9253
2019-06-12 12:15:00,2853.9575
2019-06-12 12:30:00,2851.885
2019-06-12 12:45:00,2864.0317
2019-06-12 13:00:00,2863.332
2019-06-12 13:15:00,3046.6216
2019-06-12 13:30:00,3048.8203
2019-06-12 13:45:00,3026.7163
2019-06-12 14:00:00,3028.5068
2019-06-12 14:15:00,2794.7222
2019-06-12 14:30:00,2792.02
2019-06-12 14:45:00,2210.021
2019-06-12 15:00:00,2193.2715
2019-06-12 15:15:00,1887.1244
2019-06-12 15:30:00,1902.0339
2019-06-12 15:45:00,1970.8853
2019-06-12 16:00:00,1930.6514
2019-06-12 16:15:00,1985.8815
2019-06-12 16:30:00,1969.3257
2019-06-12 16:45:00,1507.2325
2019-06-12 17:00:00,1388.5273
2019-06-12 17:15:00,1209.833
2019-06-12 17:30:00,1022.00415
2019-06-12 17:45:00,800.8402
2019-06-12 18:00:00,699.3264
2019-06-12 18:15:00,506.604
2019-06-12 18:30:00,484.735
2019-06-12 18:45:00,378.34277
2019-06-12 19:00:00,496.0619
2019-06-12 19:15:00,218.038
2019-06-12 19:30:00,210.84285
2019-06-12 19:45:00,46.792164
2019-06-12 20:00:00,7.532407
2019-06-12 20:15:00,0.0
2019-06-12 20:30:00,0.0
2019-06-12 20:45:00,0.0
2019-06-12 21:00:00,0.035439104
2019-06-12 21:15:00,0.0751656
2019-06-12 21:30:00,0.098797984
2019-06-12 21:45:00,0.11328311
2019-06-12 22:00:00,0.12244816
2019-06-12 22:15:00,0.12842569
2019-06-12 22:30:00,0.13243367
2019-06-12 22:45:00,0.13518715
2019-06-12 23:00:00,0.13711794
2019-06-12 23:15:00,0.1384933
2019-06-12 23:30:00,0.13948402
2019-06-12 23:45:00,0.14020017
2019-06-13 00:00:00,0.14071389
2019-06-13 00:15:00,0.14107469
2019-06-13 00:30:00,0.23537491
2019-06-13 00:45:00,0.40143728
2019-06-13 01:00:00,0.4563652
2019-06-13 01:15:00,0.40143728
2019-06-13 01:30:00,0.23537491
2019-06-13 01:45:00,0.14107469
2019-06-13 02:00:00,0.14071389
2019-06-13 02:15:00,0.1402
2019-06-13 02:30:00,0.13948412
2019-06-13 02:45:00,0.1384933
2019-06-13 03:00:00,0.13711794
2019-06-13 03:15:00,0.13518715
2019-06-13 03:30:00,0.13243367
2019-06-13 03:45:00,0.12842569
2019-06-13 04:00:00,0.12244816
2019-06-13 04:15:00,0.11328311
2019-06-13 04:30:00,0.098797984
2019-06-13 04:45:00,0.0751656
2019-06-13 05:00:00,0.035439104
2019-06-13 05:15:00,0.0
2019-06-13 05:30:00,0.0
2019-06-13 05:45:00,0.0
2019-06-13 06:00:00,0.0
2019-06-13 06:15:00,6.796627
2019-06-13 06:30:00,17.221914
2019-06-13 06:45:00,118.335526
2019-06-13 07:00:00,132.1721
2019-06-13 07:15:00,436.10754
2019-06-13 07:30:00,421.4407
2019-06-13 07:45:00,856.766
2019-06-13 08:00:00,777.9965
2019-06-13 08:15:00,1181.9213
2019-06-13 08:30:00,1096.4716
2019-06-13 08:45:00,1305.2479
2019-06-13 09:00:00,1369.1842
2019-06-13 09:15:00,1495.8511
2019-06-13 09:30:00,1487.7834
2019-06-13 09:45:00,593.12476
2019-06-13 10:00:00,637.8543
2019-06-13 10:15:00,756.76685
2019-06-13 10:30:00,819.9584
2019-06-13 10:45:00,1083.0897
2019-06-13 11:00:00,1118.6293
2019-06-13 11:15:00,947.1538
2019-06-13 11:30:00,942.91327
2019-06-13 11:45:00,667.92786
2019-06-13 12:00:00,665.4039
2019-06-13 12:15:00,684.61975
2019-06-13 12:30:00,682.6986
2019-06-13 12:45:00,1272.7544
2019-06-13 13:00:00,1271.5232
2019-06-13 13:15:00,1262.3463
2019-06-13 13:30:00,1265.9347
2019-06-13 13:45:00,1429.0566
2019-06-13 14:00:00,1450.8562
2019-06-13 14:15:00,2205.5964
2019-06-13 14:30:00,2203.0366
2019-06-13 14:45:00,2377.1802
2019-06-13 15:00:00,2381.516
2019-06-13 15:15:00,2592.8325
2019-06-13 15:30:00,2612.7915
2019-06-13 15:45:00,2401.5168
2019-06-13 16:00:00,2423.6567
2019-06-13 16:15:00,2293.1235
2019-06-13 16:30:00,2517.1362
2019-06-13 16:45:00,2090.38
2019-06-13 17:00:00,2545.5093
2019-06-13 17:15:00,1581.8591
2019-06-13 17:30:00,2135.4666
2019-06-13 17:45:00,1162.5859
2019-06-13 18:00:00,1707.436
2019-06-13 18:15:00,872.5322
2019-06-13 18:30:00,1341.789
2019-06-13 18:45:00,807.6904
2019-06-13 19:00:00,874.93713
2019-06-13 19:15:00,402.2729
2019-06-13 19:30:00,296.95074
2019-06-13 19:45:00,65.99681
2019-06-13 20:00:00,23.786257
2019-06-13 20:15:00,0.0
2019-06-13 20:30:00,0.0
2019-06-13 20:45:00,0.0
2019-06-13 21:00:00,0.035439104
2019-06-13 21:15:00,0.0751656
2019-06-13 21:30:00,0.098797984
2019-06-13 21:45:00,0.11328311
2019-06-13 22:00:00,0.12244816
2019-06-13 22:15:00,0.12842569
2019-06-13 22:30:00,0.13243367
2019-06-13 22:45:00,0.13518715
2019-06-13 23:00:00,0.13711794
2019-06-13 23:15:00,0.1384933
2019-06-13 23:30:00,0.13948402
2019-06-13 23:45:00,0.14020017
2019-06-14 00:00:00,0.14071389
2019-06-14 00:15:00,0.14107469
2019-06-14 00:30:00,0.23537491
2019-06-14 00:45:00,0.40143728
2019-06-14 01:00:00,0.4563652
2019-06-14 01:15:00,0.40143728
2019-06-14 01:30:00,0.23537491
2019-06-14 01:45:00,0.14107469
2019-06-14 02:00:00,0.14071389
2019-06-14 02:15:00,0.1402
2019-06-14 02:30:00,0.13948412
2019-06-14 02:45:00,0.1384933
2019-06-14 03:00:00,0.13711794
2019-06-14 03:15:00,0.13518715
2019-06-14 03:30:00,0.13243367
2019-06-14 03:45:00,0.12842569
2019-06-14 04:00:00,0.12244816
2019-06-14 04:15:00,0.11328311
2019-06-14 04:30:00,0.098797984
2019-06-14 04:45:00,0.0751656
2019-06-14 05:00:00,0.035439104
2019-06-14 05:15:00,0.0
2019-06-14 05:30:00,0.0
2019-06-14 05:45:00,0.0
2019-06-14 06:00:00,0.0
2019-06-14 06:15:00,6.8593826
2019-06-14 06:30:00,17.674374
2019-06-14 06:45:00,122.568924
2019-06-14 07:00:00,137.04893
2019-06-14 07:15:00,385.5609
2019-06-14 07:30:00,384.16
2019-06-14 07:45:00,800.2435
2019-06-14 08:00:00,745.18677
2019-06-14 08:15:00,1395.9703
2019-06-14 08:30:00,1169.9598
2019-06-14 08:45:00,1690.4316
2019-06-14 09:00:00,1534.2578
2019-06-14 09:15:00,1788.482
2019-06-14 09:30:00,1789.9492
2019-06-14 09:45:00,1922.1321
2019-06-14 10:00:00,1996.5571
2019-06-14 10:15:00,2359.4487
2019-06-14 10:30:00,2363.7283
2019-06-14 10:45:00,2398.7
2019-06-14 11:00:00,2399.1748
2019-06-14 11:15:00,2078.9612
2019-06-14 11:30:00,2077.7202
2019-06-14 11:45:00,1773.6296
2019-06-14 12:00:00,1758.7688
2019-06-14 12:15:00,1479.794
2019-06-14 12:30:00,1463.2161
2019-06-14 12:45:00,1528.5723
2019-06-14 13:00:00,1524.9775
2019-06-14 13:15:00,1255.4163
2019-06-14 13:30:00,1258.9689
2019-06-14 13:45:00,1903.5232
2019-06-14 14:00:00,1912.6431
2019-06-14 14:15:00,2273.0542
2019-06-14 14:30:00,2268.1074
2019-06-14 14:45:00,2223.7178
2019-06-14 15:00:00,2208.8584
2019-06-14 15:15:00,2158.0808
2019-06-14 15:30:00,2151.1729
2019-06-14 15:45:00,1917.9944
2019-06-14 16:00:00,1903.8966
2019-06-14 16:15:00,1664.2748
2019-06-14 16:30:00,1663.8645
2019-06-14 16:45:00,1484.8938
2019-06-14 17:00:00,1388.2715
2019-06-14 17:15:00,1211.6543
2019-06-14 17:30:00,1001.06165
2019-06-14 17:45:00,820.1705
2019-06-14 18:00:00,739.29346
2019-06-14 18:15:00,514.55676
2019-06-14 18:30:00,499.89465
2019-06-14 18:45:00,218.7338
2019-06-14 19:00:00,200.33533
2019-06-14 19:15:00,110.13363
2019-06-14 19:30:00,131.41635
2019-06-14 19:45:00,57.520046
2019-06-14 20:00:00,16.066948
2019-06-14 20:15:00,0.0
2019-06-14 20:30:00,0.0
2019-06-14 20:45:00,0.0
2019-06-14 21:00:00,0.035439104
2019-06-14 21:15:00,0.0751656
2019-06-14 21:30:00,0.098797984
2019-06-14 21:45:00,0.11328311
2019-06-14 22:00:00,0.12244816
2019-06-14 22:15:00,0.12842569
2019-06-14 22:30:00,0.13243367
2019-06-14 22:45:00,0.13518715
2019-06-14 23:00:00,0.13711794
2019-06-14 23:15:00,0.1384933
2019-06-14 23:30:00,0.13948402
2019-06-14 23:45:00,0.14020017
2019-06-15 00:00:00,0.14071389
2019-06-15 00:15:00,0.14107469
2019-06-15 00:30:00,0.23537491
2019-06-15 00:45:00,0.40143728
2019-06-15 01:00:00,0.4563652
2019-06-15 01:15:00,0.40143728
2019-06-15 01:30:00,0.23537491
2019-06-15 01:45:00,0.14107469
2019-06-15 02:00:00,0.14071389
2019-06-15 02:15:00,0.1402
2019-06-15 02:30:00,0.13948412
2019-06-15 02:45:00,0.1384933
2019-06-15 03:00:00,0.13711794
2019-06-15 03:15:00,0.13518715
2019-06-15 03:30:00,0.13243367
2019-06-15 03:45:00,0.12842569
2019-06-15 04:00:00,0.12244816
2019-06-15 04:15:00,0.11328311
2019-06-15 04:30:00,0.098797984
2019-06-15 04:45:00,0.0751656
2019-06-15 05:00:00,0.035439104
2019-06-15 05:15:00,0.0
2019-06-15 05:30:00,0.0
2019-06-15 05:45:00,0.0
2019-06-15 06:00:00,0.0
2019-06-15 06:15:00,11.735134
2019-06-15 06:30:00,19.415747
2019-06-15 06:45:00,187.80316
2019-06-15 07:00:00,187.56413
2019-06-15 07:15:00,451.2589
2019-06-15 07:30:00,433.3806
2019-06-15 07:45:00,881.47015
2019-06-15 08:00:00,789.0719
2019-06-15 08:15:00,1230.4841
2019-06-15 08:30:00,1118.903
2019-06-15 08:45:00,1782.524
2019-06-15 09:00:00,1573.2363
2019-06-15 09:15:00,2346.6577
2019-06-15 09:30:00,2057.6384
2019-06-15 09:45:00,2523.585
2019-06-15 10:00:00,2394.2715
2019-06-15 10:15:00,2692.247
2019-06-15 10:30:00,2630.3228
2019-06-15 10:45:00,2860.0142
2019-06-15 11:00:00,2828.2393
2019-06-15 11:15:00,2903.9858
2019-06-15 11:30:00,2902.2158
2019-06-15 11:45:00,3061.22
2019-06-15 12:00:00,3060.4712
2019-06-15 12:15:00,3143.2466
2019-06-15 12:30:00,3140.2913
2019-06-15 12:45:00,3148.4463
2019-06-15 13:00:00,3147.5645
2019-06-15 13:15:00,2993.736
2019-06-15 13:30:00,2995.864
2019-06-15 13:45:00,2808.5645
2019-06-15 14:00:00,2809.6133
2019-06-15 14:15:00,2560.8267
2019-06-15 14:30:00,2560.8672
2019-06-15 14:45:00,2797.6108
2019-06-15 15:00:00,2805.0908
2019-06-15 15:15:00,2436.7197
2019-06-15 15:30:00,2437.016
2019-06-15 15:45:00,2025.113
2019-06-15 16:00:00,1969.8599
2019-06-15 16:15:00,1825.6943
2019-06-15 16:30:00,1660.8278
2019-06-15 16:45:00,1508.1495
2019-06-15 17:00:00,1386.384
2019-06-15 17:15:00,1196.8612
2019-06-15 17:30:00,1040.5321
2019-06-15 17:45:00,778.84204
2019-06-15 18:00:00,679.0866
2019-06-15 18:15:00,498.3189
2019-06-15 18:30:00,470.07727
2019-06-15 18:45:00,356.52756
2019-06-15 19:00:00,421.06946
2019-06-15 19:15:00,112.16086
2019-06-15 19:30:00,134.72955
2019-06-15 19:45:00,26.106997
2019-06-15 20:00:00,0.0
2019-06-15 20:15:00,0.0
2019-06-15 20:30:00,0.0
2019-06-15 20:45:00,0.0
2019-06-15 21:00:00,0.035439104
2019-06-15 21:15:00,0.0751656
2019-06-15 21:30:00,0.098797984
2019-06-15 21:45:00,0.11328311
2019-06-15 22:00:00,0.12244816
2019-06-15 22:15:00,0.12842569
2019-06-15 22:30:00,0.13243367
2019-06-15 22:45:00,0.13518715
2019-06-15 23:00:00,0.13711794
2019-06-15 23:15:00,0.1384933
2019-06-15 23:30:00,0.13948402
2019-06-15 23:45:00,0.14020017
2019-06-16 00:00:00,0.14071389
2019-06-16 00:15:00,0.14107469
2019-06-16 00:30:00,0.23537491
2019-06-16 00:45:00,0.40143728
2019-06-16 01:00:00,0.4563652
2019-06-16 01:15:00,0.40143728
2019-06-16 01:30:00,0.23537491
2019-06-16 01:45:00,0.14107469
2019-06-16 02:00:00,0.14071389
2019-06-16 02:15:00,0.1402
2019-06-16 02:30:00,0.13948412
2019-06-16 02:45:00,0.1384933
2019-06-16 03:00:00,0.13711794
2019-06-16 03:15:00,0.13518715
2019-06-16 03:30:00,0.13243367
2019-06-16 03:45:00,0.12842569
2019-06-16 04:00:00,0.12244816
2019-06-16 04:15:00,0.11328311
2019-06-16 04:30:00,0.098797984
2019-06-16 04:45:00,0.0751656
2019-06-16 05:00:00,0.035439104
2019-06-16 05:15:00,0.0
2019-06-16 05:30:00,0.0
2019-06-16 05:45:00,0.0
2019-06-16 06:00:00,0.0
2019-06-16 06:15:00,9.102669
2019-06-16 06:30:00,18.991161
2019-06-16 06:45:00,193.32452
2019-06-16 07:00:00,190.12357
2019-06-16 07:15:00,557.8002
2019-06-16 07:30:00,496.06815
2019-06-16 07:45:00,927.5238
2019-06-16 08:00:00,804.8523
2019-06-16 08:15:00,1296.635
2019-06-16 08:30:00,1144.3828
2019-06-16 08:45:00,1741.2211
2019-06-16 09:00:00,1557.5659
2019-06-16 09:15:00,2180.0728
2019-06-16 09:30:00,1993.6415
2019-06-16 09:45:00,2617.1304
2019-06-16 10:00:00,2468.2573
2019-06-16 10:15:00,2874.7473
2019-06-16 10:30:00,2782.4375
2019-06-16 10:45:00,3022.184
2019-06-16 11:00:00,2967.9424
2019-06-16 11:15:00,3164.4521
2019-06-16 11:30:00,3137.1401
2019-06-16 11:45:00,3272.5522
2019-06-16 12:00:00,3257.796
2019-06-16 12:15:00,3364.3413
2019-06-16 12:30:00,3355.1677
2019-06-16 12:45:00,3405.0386
2019-06-16 13:00:00,3403.1
2019-06-16 13:15:00,3307.7905
2019-06-16 13:30:00,3312.0884
2019-06-16 13:45:00,3107.9949
2019-06-16 14:00:00,3110.2944
2019-06-16 14:15:00,2731.7915
2019-06-16 14:30:00,2728.7446
2019-06-16 14:45:00,2585.6309
2019-06-16 15:00:00,2584.0645
2019-06-16 15:15:00,2127.962
2019-06-16 15:30:00,2113.702
2019-06-16 15:45:00,1934.8523
2019-06-16 16:00:00,1914.0894
2019-06-16 16:15:00,1826.1941
2019-06-16 16:30:00,1660.202
2019-06-16 16:45:00,1585.0935
2019-06-16 17:00:00,1562.6326
2019-06-16 17:15:00,1450.9849
2019-06-16 17:30:00,1938.5541
2019-06-16 17:45:00,1264.4082
2019-06-16 18:00:00,1811.063
2019-06-16 18:15:00,1511.8638
2019-06-16 18:30:00,1555.6111
2019-06-16 18:45:00,1119.517
2019-06-16 19:00:00,1068.32
2019-06-16 19:15:00,476.7316
2019-06-16 19:30:00,370.07364
2019-06-16 19:45:00,72.83452
2019-06-16 20:00:00,30.557499
2019-06-16 20:15:00,0.0
2019-06-16 20:30:00,0.0
2019-06-16 20:45:00,0.0
2019-06-16 21:00:00,0.035439104
2019-06-16 21:15:00,0.0751656
2019-06-16 21:30:00,0.098797984
2019-06-16 21:45:00,0.11328311
2019-06-16 22:00:00,0.12244816
2019-06-16 22:15:00,0.12842569
2019-06-16 22:30:00,0.13243367
2019-06-16 22:45:00,0.13518715
2019-06-16 23:00:00,0.13711794
2019-06-16 23:15:00,0.1384933
2019-06-16 23:30:00,0.13948402
2019-06-16 23:45:00,0.14020017
2019-06-17 00:00:00,0.14071389
2019-06-17 00:15:00,0.14107469
2019-06-17 00:30:00,0.23537491
2019-06-17 00:45:00,0.40143728
2019-06-17 01:00:00,0.4563652
2019-06-17 01:15:00,0.40143728
2019-06-17 01:30:00,0.23537491
2019-06-17 01:45:00,0.14107469
2019-06-17 02:00:00,0.14071389
2019-06-17 02:15:00,0.1402
2019-06-17 02:30:00,0.13948412
2019-06-17 02:45:00,0.1384933
2019-06-17 03:00:00,0.13711794
2019-06-17 03:15:00,0.13518715
2019-06-17 03:30:00,0.13243367
2019-06-17 03:45:00,0.12842569
2019-06-17 04:00:00,0.12244816
2019-06-17 04:15:00,0.11328311
2019-06-17 04:30:00,0.098797984
2019-06-17 04:45:00,0.0751656
2019-06-17 05:00:00,0.035439104
2019-06-17 05:15:00,0.0
2019-06-17 05:30:00,0.0
2019-06-17 05:45:00,0.0
2019-06-17 06:00:00,0.0
2019-06-17 06:15:00,6.7312746
2019-06-17 06:30:00,16.763115
2019-06-17 06:45:00,59.43816
2019-06-17 07:00:00,65.85915
2019-06-17 07:15:00,189.00117
2019-06-17 07:30:00,218.78282
2019-06-17 07:45:00,471.5803
2019-06-17 08:00:00,493.02402
2019-06-17 08:15:00,822.70044
2019-06-17 08:30:00,961.0388
2019-06-17 08:45:00,1167.3927
2019-06-17 09:00:00,1173.1019
2019-06-17 09:15:00,1127.6296
2019-06-17 09:30:00,957.6414
2019-06-17 09:45:00,1016.7032
2019-06-17 10:00:00,917.5078
2019-06-17 10:15:00,708.67664
2019-06-17 10:30:00,753.16864
2019-06-17 10:45:00,397.84995
2019-06-17 11:00:00,405.30875
2019-06-17 11:15:00,428.22375
2019-06-17 11:30:00,431.03653
2019-06-17 11:45:00,395.82278
2019-06-17 12:00:00,397.36935
2019-06-17 12:15:00,422.18665
2019-06-17 12:30:00,422.6069
2019-06-17 12:45:00,484.7218
2019-06-17 13:00:00,484.67862
2019-06-17 13:15:00,482.1588
2019-06-17 13:30:00,482.25558
2019-06-17 13:45:00,657.08765
2019-06-17 14:00:00,659.2547
2019-06-17 14:15:00,957.9359
2019-06-17 14:30:00,963.795
2019-06-17 14:45:00,2015.173
2019-06-17 15:00:00,2018.4376
2019-06-17 15:15:00,1484.6104
2019-06-17 15:30:00,1565.0895
2019-06-17 15:45:00,927.8021
2019-06-17 16:00:00,975.04834
2019-06-17 16:15:00,1122.275
2019-06-17 16:30:00,1270.0776
2019-06-17 16:45:00,1428.7587
2019-06-17 17:00:00,1373.8275
2019-06-17 17:15:00,1150.5953
2019-06-17 17:30:00,1006.62683
2019-06-17 17:45:00,813.26404
2019-06-17 18:00:00,720.2457
2019-06-17 18:15:00,538.03577
2019-06-17 18:30:00,546.45856
2019-06-17 18:45:00,252.48672
2019-06-17 19:00:00,241.70932
2019-06-17 19:15:00,131.5195
2019-06-17 19:30:00,159.65242
2019-06-17 19:45:00,63.217205
2019-06-17 20:00:00,21.167038
2019-06-17 20:15:00,0.0
2019-06-17 20:30:00,0.0
2019-06-17 20:45:00,0.0
2019-06-17 21:00:00,0.035439104
2019-06-17 21:15:00,0.0751656
2019-06-17 21:30:00,0.098797984
2019-06-17 21:45:00,0.11328311
2019-06-17 22:00:00,0.12244816
2019-06-17 22:15:00,0.12842569
2019-06-17 22:30:00,0.13243367
2019-06-17 22:45:00,0.13518715
2019-06-17 23:00:00,0.13711794
2019-06-17 23:15:00,0.1384933
2019-06-17 23:30:00,0.13948402
2019-06-17 23:45:00,0.14020017
2019-06-18 00:00:00,0.14071389
2019-06-18 00:15:00,0.14107469
2019-06-18 00:30:00,0.23537491
2019-06-18 00:45:00,0.40143728
2019-06-18 01:00:00,0.4563652
2019-06-18 01:15:00,0.40143728
2019-06-18 01:30:00,0.23537491
2019-06-18 01:45:00,0.14107469
2019-06-18 02:00:00,0.14071389
2019-06-18 02:15:00,0.1402
2019-06-18 02:30:00,0.13948412
2019-06-18 02:45:00,0.1384933
2019-06-18 03:00:00,0.13711794
2019-06-18 03:15:00,0.13518715
2019-06-18 03:30:00,0.13243367
2019-06-18 03:45:00,0.12842569
2019-06-18 04:00:00,0.12244816
2019-06-18 04:15:00,0.11328311
2019-06-18 04:30:00,0.098797984
2019-06-18 04:45:00,0.0751656
2019-06-18 05:00:00,0.035439104
2019-06-18 05:15:00,0.0
2019-06-18 05:30:00,0.0
2019-06-18 05:45:00,0.0
2019-06-18 06:00:00,0.0
2019-06-18 06:15:00,9.102669
2019-06-18 06:30:00,18.991161
2019-06-18 06:45:00,136.36563
2019-06-18 07:00:00,151.91414
2019-06-18 07:15:00,396.3476
2019-06-18 07:30:00,391.71878
2019-06-18 07:45:00,751.7898
2019-06-18 08:00:00,715.2481
2019-06-18 08:15:00,1130.6912
2019-06-18 08:30:00,1073.3511
2019-06-18 08:45:00,1525.0203
2019-06-18 09:00:00,1459.0033
2019-06-18 09:15:00,2221.2275
2019-06-18 09:30:00,2013.3823
2019-06-18 09:45:00,2714.6074
2019-06-18 10:00:00,2532.581
2019-06-18 10:15:00,2880.787
2019-06-18 10:30:00,2787.726
2019-06-18 10:45:00,3175.878
2019-06-18 11:00:00,3056.559
2019-06-18 11:15:00,3440.478
2019-06-18 11:30:00,3306.3157
2019-06-18 11:45:00,3363.8462
2019-06-18 12:00:00,3340.0435
2019-06-18 12:15:00,3467.5234
2019-06-18 12:30:00,3446.0522
2019-06-18 12:45:00,3529.5938
2019-06-18 13:00:00,3523.1108
2019-06-18 13:15:00,3482.3862
2019-06-18 13:30:00,3498.5083
2019-06-18 13:45:00,3517.392
2019-06-18 14:00:00,3553.3418
2019-06-18 14:15:00,3506.5447
2019-06-18 14:30:00,3530.8765
2019-06-18 14:45:00,3445.8726
2019-06-18 15:00:00,3469.0698
2019-06-18 15:15:00,3361.576
2019-06-18 15:30:00,3383.016
2019-06-18 15:45:00,3176.2354
2019-06-18 16:00:00,3245.123
2019-06-18 16:15:00,2978.8633
2019-06-18 16:30:00,3078.8015
2019-06-18 16:45:00,2714.2358
2019-06-18 17:00:00,2846.5151
2019-06-18 17:15:00,2113.7883
2019-06-18 17:30:00,2363.4922
2019-06-18 17:45:00,1794.1353
2019-06-18 18:00:00,2004.1736
2019-06-18 18:15:00,1372.9143
2019-06-18 18:30:00,1446.9844
2019-06-18 18:45:00,947.10205
2019-06-18 19:00:00,917.57623
2019-06-18 19:15:00,281.79382
2019-06-18 19:30:00,232.48242
2019-06-18 19:45:00,56.05702
2019-06-18 20:00:00,14.81891
2019-06-18 20:15:00,0.0
2019-06-18 20:30:00,0.0
2019-06-18 20:45:00,0.0
2019-06-18 21:00:00,0.035439104
2019-06-18 21:15:00,0.0751656
2019-06-18 21:30:00,0.098797984
2019-06-18 21:45:00,0.11328311
2019-06-18 22:00:00,0.12244816
2019-06-18 22:15:00,0.12842569
2019-06-18 22:30:00,0.13243367
2019-06-18 22:45:00,0.13518715
2019-06-18 23:00:00,0.13711794
2019-06-18 23:15:00,0.1384933
2019-06-18 23:30:00,0.13948402
2019-06-18 23:45:00,0.14020017
2019-06-19 00:00:00,0.14071389
2019-06-19 00:15:00,0.14107469
2019-06-19 00:30:00,0.23537491
2019-06-19 00:45:00,0.40143728
2019-06-19 01:00:00,0.4563652
2019-06-19 01:15:00,0.40143728
2019-06-19 01:30:00,0.23537491
2019-06-19 01:45:00,0.14107469
2019-06-19 02:00:00,0.14071389
2019-06-19 02:15:00,0.1402
2019-06-19 02:30:00,0.13948412
2019-06-19 02:45:00,0.1384933
2019-06-19 03:00:00,0.13711794
2019-06-19 03:15:00,0.13518715
2019-06-19 03:30:00,0.13243367
2019-06-19 03:45:00,0.12842569
2019-06-19 04:00:00,0.12244816
2019-06-19 04:15:00,0.11328311
2019-06-19 04:30:00,0.098797984
2019-06-19 04:45:00,0.0751656
2019-06-19 05:00:00,0.035439104
2019-06-19 05:15:00,0.0
2019-06-19 05:30:00,0.0
2019-06-19 05:45:00,0.0
2019-06-19 06:00:00,0.0
2019-06-19 06:15:00,6.976799
2019-06-19 06:30:00,18.559235
2019-06-19 06:45:00,129.20311
2019-06-19 07:00:00,144.4373
2019-06-19 07:15:00,330.89554
2019-06-19 07:30:00,355.14377
2019-06-19 07:45:00,635.03296
2019-06-19 08:00:00,664.13763
2019-06-19 08:15:00,926.4772
2019-06-19 08:30:00,1000.7743
2019-06-19 08:45:00,1170.5076
2019-06-19 09:00:00,1179.1603
2019-06-19 09:15:00,1532.154
2019-06-19 09:30:00,1549.3564
2019-06-19 09:45:00,2045.8346
2019-06-19 10:00:00,2094.724
2019-06-19 10:15:00,2281.6128
2019-06-19 10:30:00,2294.8232
2019-06-19 10:45:00,2547.7407
2019-06-19 11:00:00,2545.3901
2019-06-19 11:15:00,2866.9277
2019-06-19 11:30:00,2866.463
2019-06-19 11:45:00,2953.7485
2019-06-19 12:00:00,2954.0356
2019-06-19 12:15:00,3228.1685
2019-06-19 12:30:00,3224.0183
2019-06-19 12:45:00,3325.2866
2019-06-19 13:00:00,3323.7544
2019-06-19 13:15:00,3262.7053
2019-06-19 13:30:00,3265.9648
2019-06-19 13:45:00,3203.2498
2019-06-19 14:00:00,3208.1787
2019-06-19 14:15:00,3112.4297
2019-06-19 14:30:00,3120.204
2019-06-19 14:45:00,3104.5232
2019-06-19 15:00:00,3152.0754
2019-06-19 15:15:00,2647.0562
2019-06-19 15:30:00,2675.1233
2019-06-19 15:45:00,2441.1892
2019-06-19 16:00:00,2481.8694
2019-06-19 16:15:00,2101.0415
2019-06-19 16:30:00,2187.6167
2019-06-19 16:45:00,2009.8794
2019-06-19 17:00:00,2491.098
2019-06-19 17:15:00,1690.4316
2019-06-19 17:30:00,2236.895
2019-06-19 17:45:00,1175.4371
2019-06-19 18:00:00,1722.5942
2019-06-19 18:15:00,849.72943
2019-06-19 18:30:00,1328.6746
2019-06-19 18:45:00,1034.4928
2019-06-19 19:00:00,972.9458
2019-06-19 19:15:00,497.2132
2019-06-19 19:30:00,395.3802
2019-06-19 19:45:00,78.26472
2019-06-19 20:00:00,36.226295
2019-06-19 20:15:00,0.0
2019-06-19 20:30:00,0.0
2019-06-19 20:45:00,0.0
2019-06-19 21:00:00,0.035439104
2019-06-19 21:15:00,0.0751656
2019-06-19 21:30:00,0.098797984
2019-06-19 21:45:00,0.11328311
2019-06-19 22:00:00,0.12244816
2019-06-19 22:15:00,0.12842569
2019-06-19 22:30:00,0.13243367
2019-06-19 22:45:00,0.13518715
2019-06-19 23:00:00,0.13711794
2019-06-19 23:15:00,0.1384933
2019-06-19 23:30:00,0.13948402
2019-06-19 23:45:00,0.14020017
2019-06-20 00:00:00,0.14071389
2019-06-20 00:15:00,0.14107469
2019-06-20 00:30:00,0.23537491
2019-06-20 00:45:00,0.40143728
2019-06-20 01:00:00,0.4563652
2019-06-20 01:15:00,0.40143728
2019-06-20 01:30:00,0.23537491
2019-06-20 01:45:00,0.14107469
2019-06-20 02:00:00,0.14071389
2019-06-20 02:15:00,0.1402
2019-06-20 02:30:00,0.13948412
2019-06-20 02:45:00,0.1384933
2019-06-20 03:00:00,0.13711794
2019-06-20 03:15:00,0.13518715
2019-06-20 03:30:00,0.13243367
2019-06-20 03:45:00,0.12842569
2019-06-20 04:00:00,0.12244816
2019-06-20 04:15:00,0.11328311
2019-06-20 04:30:00,0.098797984
2019-06-20 04:45:00,0.0751656
2019-06-20 05:00:00,0.035439104
2019-06-20 05:15:00,0.0
2019-06-20 05:30:00,0.0
2019-06-20 05:45:00,0.0
2019-06-20 06:00:00,0.0
2019-06-20 06:15:00,11.735134
2019-06-20 06:30:00,19.415747
2019-06-20 06:45:00,193.32452
2019-06-20 07:00:00,190.12357
2019-06-20 07:15:00,557.8002
2019-06-20 07:30:00,496.06815
2019-06-20 07:45:00,927.5238
2019-06-20 08:00:00,804.8523
2019-06-20 08:15:00,1323.4243
2019-06-20 08:30:00,1152.4471
2019-06-20 08:45:00,1729.6464
2019-06-20 09:00:00,1552.6455
2019-06-20 09:15:00,2180.0728
2019-06-20 09:30:00,1993.6415
2019-06-20 09:45:00,2523.585
2019-06-20 10:00:00,2394.2715
2019-06-20 10:15:00,2736.2622
2019-06-20 10:30:00,2661.5188
2019-06-20 10:45:00,2888.393
2019-06-20 11:00:00,2851.6235
2019-06-20 11:15:00,3109.1367
2019-06-20 11:30:00,3087.5674
2019-06-20 11:45:00,3193.5027
2019-06-20 12:00:00,3185.9902
2019-06-20 12:15:00,3107.9949
2019-06-20 12:30:00,3105.2
2019-06-20 12:45:00,2297.7427
2019-06-20 13:00:00,2297.294
2019-06-20 13:15:00,2159.1838
2019-06-20 13:30:00,2160.9934
2019-06-20 13:45:00,2409.047
2019-06-20 14:00:00,2418.1826
2019-06-20 14:15:00,2545.4644
2019-06-20 14:30:00,2546.5813
2019-06-20 14:45:00,2297.1328
2019-06-20 15:00:00,2302.2349
2019-06-20 15:15:00,2095.8293
2019-06-20 15:30:00,2077.399
2019-06-20 15:45:00,1862.3364
2019-06-20 16:00:00,1864.3629
2019-06-20 16:15:00,1634.491
2019-06-20 16:30:00,1644.2625
2019-06-20 16:45:00,1510.9882
2019-06-20 17:00:00,1435.7463
2019-06-20 17:15:00,1474.9086
2019-06-20 17:30:00,2000.0178
2019-06-20 17:45:00,980.7956
2019-06-20 18:00:00,1148.2007
2019-06-20 18:15:00,743.2545
2019-06-20 18:30:00,1191.8347
2019-06-20 18:45:00,538.8616
2019-06-20 19:00:00,795.05896
2019-06-20 19:15:00,352.07397
2019-06-20 19:30:00,264.69482
2019-06-20 19:45:00,75.54945
2019-06-20 20:00:00,33.362396
2019-06-20 20:15:00,0.0
2019-06-20 20:30:00,0.0
2019-06-20 20:45:00,0.0
2019-06-20 21:00:00,0.035439104
2019-06-20 21:15:00,0.0751656
2019-06-20 21:30:00,0.098797984
2019-06-20 21:45:00,0.11328311
2019-06-20 22:00:00,0.12244816
2019-06-20 22:15:00,0.12842569
2019-06-20 22:30:00,0.13243367
2019-06-20 22:45:00,0.13518715
2019-06-20 23:00:00,0.13711794
2019-06-20 23:15:00,0.1384933
2019-06-20 23:30:00,0.13948402
2019-06-20 23:45:00,0.14020017
2019-06-21 00:00:00,0.14071389
2019-06-21 00:15:00,0.14107469
2019-06-21 00:30:00,0.23537491
2019-06-21 00:45:00,0.40143728
2019-06-21 01:00:00,0.4563652
2019-06-21 01:15:00,0.40143728
2019-06-21 01:30:00,0.23537491
2019-06-21 01:45:00,0.14107469
2019-06-21 02:00:00,0.14071389
2019-06-21 02:15:00,0.1402
2019-06-21 02:30:00,0.13948412
2019-06-21 02:45:00,0.1384933
2019-06-21 03:00:00,0.13711794
2019-06-21 03:15:00,0.13518715
2019-06-21 03:30:00,0.13243367
2019-06-21 03:45:00,0.12842569
2019-06-21 04:00:00,0.12244816
2019-06-21 04:15:00,0.11328311
2019-06-21 04:30:00,0.098797984
2019-06-21 04:45:00,0.0751656
2019-06-21 05:00:00,0.035439104
2019-06-21 05:15:00,0.0
2019-06-21 05:30:00,0.0
2019-06-21 05:45:00,0.0
2019-06-21 06:00:00,0.0
2019-06-21 06:15:00,11.735134
2019-06-21 06:30:00,19.415747
2019-06-21 06:45:00,205.19461
2019-06-21 07:00:00,195.23544
2019-06-21 07:15:00,592.45544
2019-06-21 07:30:00,507.60187
2019-06-21 07:45:00,999.2361
2019-06-21 08:00:00,821.8417
2019-06-21 08:15:00,1418.73
2019-06-21 08:30:00,1174.6702
2019-06-21 08:45:00,1642.428
2019-06-21 09:00:00,1509.8038
2019-06-21 09:15:00,1820.9388
2019-06-21 09:30:00,1807.416
2019-06-21 09:45:00,1957.5002
2019-06-21 10:00:00,2025.2295
2019-06-21 10:15:00,2076.4644
2019-06-21 10:30:00,2099.8794
2019-06-21 10:45:00,2101.495
2019-06-21 11:00:00,2119.117
2019-06-21 11:15:00,2138.5747
2019-06-21 11:30:00,2142.4211
2019-06-21 11:45:00,2108.0652
2019-06-21 12:00:00,2104.0942
2019-06-21 12:15:00,2022.8317
2019-06-21 12:30:00,2017.5146
2019-06-21 12:45:00,1290.1404
2019-06-21 13:00:00,1288.8767
2019-06-21 13:15:00,814.1526
2019-06-21 13:30:00,816.03784
2019-06-21 13:45:00,809.1924
2019-06-21 14:00:00,813.1062
2019-06-21 14:15:00,878.7278
2019-06-21 14:30:00,883.9906
2019-06-21 14:45:00,957.59344
2019-06-21 15:00:00,957.1901
2019-06-21 15:15:00,1035.6049
2019-06-21 15:30:00,962.201
2019-06-21 15:45:00,847.3315
2019-06-21 16:00:00,852.7328
2019-06-21 16:15:00,613.6338
2019-06-21 16:30:00,661.7533
2019-06-21 16:45:00,556.31885
2019-06-21 17:00:00,656.7025
2019-06-21 17:15:00,715.1203
2019-06-21 17:30:00,756.8778
2019-06-21 17:45:00,632.0693
2019-06-21 18:00:00,597.98596
2019-06-21 18:15:00,428.96625
2019-06-21 18:30:00,381.6701
2019-06-21 18:45:00,316.33386
2019-06-21 19:00:00,326.46204
2019-06-21 19:15:00,296.04935
2019-06-21 19:30:00,238.6716
2019-06-21 19:45:00,72.83452
2019-06-21 20:00:00,30.557499
2019-06-21 20:15:00,0.0
2019-06-21 20:30:00,0.0
2019-06-21 20:45:00,0.0
2019-06-21 21:00:00,0.035439104
2019-06-21 21:15:00,0.0751656
2019-06-21 21:30:00,0.098797984
2019-06-21 21:45:00,0.11328311
2019-06-21 22:00:00,0.12244816
2019-06-21 22:15:00,0.12842569
2019-06-21 22:30:00,0.13243367
2019-06-21 22:45:00,0.13518715
2019-06-21 23:00:00,0.13711794
2019-06-21 23:15:00,0.1384933
2019-06-21 23:30:00,0.13948402
2019-06-21 23:45:00,0.14020017
2019-06-22 00:00:00,0.14071389
2019-06-22 00:15:00,0.14107469
2019-06-22 00:30:00,0.23537491
2019-06-22 00:45:00,0.40143728
2019-06-22 01:00:00,0.4563652
2019-06-22 01:15:00,0.40143728
2019-06-22 01:30:00,0.23537491
2019-06-22 01:45:00,0.14107469
2019-06-22 02:00:00,0.14071389
2019-06-22 02:15:00,0.1402
2019-06-22 02:30:00,0.13948412
2019-06-22 02:45:00,0.1384933
2019-06-22 03:00:00,0.13711794
2019-06-22 03:15:00,0.13518715
2019-06-22 03:30:00,0.13243367
2019-06-22 03:45:00,0.12842569
2019-06-22 04:00:00,0.12244816
2019-06-22 04:15:00,0.11328311
2019-06-22 04:30:00,0.098797984
2019-06-22 04:45:00,0.0751656
2019-06-22 05:00:00,0.035439104
2019-06-22 05:15:00,0.0
2019-06-22 05:30:00,0.0
2019-06-22 05:45:00,0.0
2019-06-22 06:00:00,0.0
2019-06-22 06:15:00,9.102669
2019-06-22 06:30:00,18.991161
2019-06-22 06:45:00,193.32452
2019-06-22 07:00:00,190.12357
2019-06-22 07:15:00,557.8002
2019-06-22 07:30:00,496.06815
2019-06-22 07:45:00,942.51636
2019-06-22 08:00:00,808.98553
2019-06-22 08:15:00,1338.9424
2019-06-22 08:30:00,1156.6416
2019-06-22 08:45:00,1718.9072
2019-06-22 09:00:00,1547.8617
2019-06-22 09:15:00,2157.316
2019-06-22 09:30:00,1981.2224
2019-06-22 09:45:00,2327.1118
2019-06-22 10:00:00,2280.7493
2019-06-22 10:15:00,2473.223
2019-06-22 10:30:00,2460.046
2019-06-22 10:45:00,2158.0808
2019-06-22 11:00:00,2173.567
2019-06-22 11:15:00,2171.8508
2019-06-22 11:30:00,2178.5615
2019-06-22 11:45:00,2717.8472
2019-06-22 12:00:00,2718.8384
2019-06-22 12:15:00,3290.08
2019-06-22 12:30:00,3283.5967
2019-06-22 12:45:00,3231.6602
2019-06-22 13:00:00,3230.6663
2019-06-22 13:15:00,2867.5173
2019-06-22 13:30:00,2869.3354
2019-06-22 13:45:00,2524.9248
2019-06-22 14:00:00,2537.3813
2019-06-22 14:15:00,2557.0178
2019-06-22 14:30:00,2557.3076
2019-06-22 14:45:00,2354.241
2019-06-22 15:00:00,2360.1235
2019-06-22 15:15:00,2347.3875
2019-06-22 15:30:00,2342.6562
2019-06-22 15:45:00,2274.27
2019-06-22 16:00:00,2257.625
2019-06-22 16:15:00,1823.9922
2019-06-22 16:30:00,1665.5691
2019-06-22 16:45:00,1375.4717
2019-06-22 17:00:00,1350.0712
2019-06-22 17:15:00,1215.268
2019-06-22 17:30:00,1012.3394
2019-06-22 17:45:00,758.478
2019-06-22 18:00:00,667.02075
2019-06-22 18:15:00,444.95258
2019-06-22 18:30:00,396.8555
2019-06-22 18:45:00,338.21786
2019-06-22 19:00:00,370.13568
2019-06-22 19:15:00,84.08465
2019-06-22 19:30:00,81.34573
2019-06-22 19:45:00,45.143734
2019-06-22 20:00:00,6.3487463
2019-06-22 20:15:00,0.0
2019-06-22 20:30:00,0.0
2019-06-22 20:45:00,0.0
2019-06-22 21:00:00,0.035439104
2019-06-22 21:15:00,0.0751656
2019-06-22 21:30:00,0.098797984
2019-06-22 21:45:00,0.11328311
2019-06-22 22:00:00,0.12244816
2019-06-22 22:15:00,0.12842569
2019-06-22 22:30:00,0.13243367
2019-06-22 22:45:00,0.13518715
2019-06-22 23:00:00,0.13711794
2019-06-22 23:15:00,0.1384933
2019-06-22 23:30:00,0.13948402
2019-06-22 23:45:00,0.14020017
2019-06-23 00:00:00,0.14071389
2019-06-23 00:15:00,0.14107469
2019-06-23 00:30:00,0.23537491
2019-06-23 00:45:00,0.40143728
2019-06-23 01:00:00,0.4563652
2019-06-23 01:15:00,0.40143728
2019-06-23 01:30:00,0.23537491
2019-06-23 01:45:00,0.14107469
2019-06-23 02:00:00,0.14071389
2019-06-23 02:15:00,0.1402
2019-06-23 02:30:00,0.13948412
2019-06-23 02:45:00,0.1384933
2019-06-23 03:00:00,0.13711794
2019-06-23 03:15:00,0.13518715
2019-06-23 03:30:00,0.13243367
2019-06-23 03:45:00,0.12842569
2019-06-23 04:00:00,0.12244816
2019-06-23 04:15:00,0.11328311
2019-06-23 04:30:00,0.098797984
2019-06-23 04:45:00,0.0751656
2019-06-23 05:00:00,0.035439104
2019-06-23 05:15:00,0.0
2019-06-23 05:30:00,0.0
2019-06-23 05:45:00,0.0
2019-06-23 06:00:00,0.0
2019-06-23 06:15:00,6.51914
2019-06-23 06:30:00,15.349892
2019-06-23 06:45:00,92.11878
2019-06-23 07:00:00,101.025986
2019-06-23 07:15:00,301.99335
2019-06-23 07:30:00,340.17413
2019-06-23 07:45:00,546.3456
2019-06-23 08:00:00,605.6802
2019-06-23 08:15:00,874.043
2019-06-23 08:30:00,1005.33734
2019-06-23 08:45:00,1220.776
2019-06-23 09:00:00,1357.3824
2019-06-23 09:15:00,1505.7056
2019-06-23 09:30:00,1701.5624
2019-06-23 09:45:00,2187.87
2019-06-23 10:00:00,2197.366
2019-06-23 10:15:00,2454.7925
2019-06-23 10:30:00,2444.6362
2019-06-23 10:45:00,2658.8887
2019-06-23 11:00:00,2648.3887
2019-06-23 11:15:00,2381.0059
2019-06-23 11:30:00,2372.9604
2019-06-23 11:45:00,2283.949
2019-06-23 12:00:00,2284.5078
2019-06-23 12:15:00,2335.341
2019-06-23 12:30:00,2332.8184
2019-06-23 12:45:00,2850.0908
2019-06-23 13:00:00,2849.3945
2019-06-23 13:15:00,3078.3242
2019-06-23 13:30:00,3080.561
2019-06-23 13:45:00,3055.0151
2019-06-23 14:00:00,3056.917
2019-06-23 14:15:00,3272.5522
2019-06-23 14:30:00,3300.648
2019-06-23 14:45:00,3466.6577
2019-06-23 15:00:00,3476.4746
2019-06-23 15:15:00,3026.9622
2019-06-23 15:30:00,3276.9937
2019-06-23 15:45:00,2511.1445
2019-06-23 16:00:00,2593.891
2019-06-23 16:15:00,1888.0901
2019-06-23 16:30:00,1825.8428
2019-06-23 16:45:00,1542.3965
2019-06-23 17:00:00,1491.5441
2019-06-23 17:15:00,1367.561
2019-06-23 17:30:00,1597.7605
2019-06-23 17:45:00,2037.4154
2019-06-23 18:00:00,2179.1963
2019-06-23 18:15:00,1630.0603
2019-06-23 18:30:00,1706.2721
2019-06-23 18:45:00,1092.0826
2019-06-23 19:00:00,1033.2894
2019-06-23 19:15:00,464.36755
2019-06-23 19:30:00,355.78708
2019-06-23 19:45:00,74.19246
2019-06-23 20:00:00,31.952711
2019-06-23 20:15:00,0.0
2019-06-23 20:30:00,0.0
2019-06-23 20:45:00,0.0
2019-06-23 21:00:00,0.035439104
2019-06-23 21:15:00,0.0751656
2019-06-23 21:30:00,0.098797984
2019-06-23 21:45:00,0.11328311
2019-06-23 22:00:00,0.12244816
2019-06-23 22:15:00,0.12842569
2019-06-23 22:30:00,0.13243367
2019-06-23 22:45:00,0.13518715
2019-06-23 23:00:00,0.13711794
2019-06-23 23:15:00,0.1384933
2019-06-23 23:30:00,0.13948402
2019-06-23 23:45:00,0.14020017
2019-06-24 00:00:00,0.14071389
2019-06-24 00:15:00,0.14107469
2019-06-24 00:30:00,0.23537491
2019-06-24 00:45:00,0.40143728
2019-06-24 01:00:00,0.4563652
2019-06-24 01:15:00,0.40143728
2019-06-24 01:30:00,0.23537491
2019-06-24 01:45:00,0.14107469
2019-06-24 02:00:00,0.14071389
2019-06-24 02:15:00,0.1402
2019-06-24 02:30:00,0.13948412
2019-06-24 02:45:00,0.1384933
2019-06-24 03:00:00,0.13711794
2019-06-24 03:15:00,0.13518715
2019-06-24 03:30:00,0.13243367
2019-06-24 03:45:00,0.12842569
2019-06-24 04:00:00,0.12244816
2019-06-24 04:15:00,0.11328311
2019-06-24 04:30:00,0.098797984
2019-06-24 04:45:00,0.0751656
2019-06-24 05:00:00,0.035439104
2019-06-24 05:15:00,0.0
2019-06-24 05:30:00,0.0
2019-06-24 05:45:00,0.0
2019-06-24 06:00:00,0.0
2019-06-24 06:15:00,6.796627
2019-06-24 06:30:00,17.221914
2019-06-24 06:45:00,71.87804
2019-06-24 07:00:00,77.563614
2019-06-24 07:15:00,250.32272
2019-06-24 07:30:00,293.89334
2019-06-24 07:45:00,444.95255
2019-06-24 08:00:00,447.68643
2019-06-24 08:15:00,590.3877
2019-06-24 08:30:00,572.62915
2019-06-24 08:45:00,785.27313
2019-06-24 09:00:00,697.32294
2019-06-24 09:15:00,926.5989
2019-06-24 09:30:00,802.76355
2019-06-24 09:45:00,609.4304
2019-06-24 10:00:00,644.29297
2019-06-24 10:15:00,754.85223
2019-06-24 10:30:00,817.02655
2019-06-24 10:45:00,1436.2806
2019-06-24 11:00:00,1404.2715
2019-06-24 11:15:00,1961.8322
2019-06-24 11:30:00,1951.4799
2019-06-24 11:45:00,1902.1064
2019-06-24 12:00:00,1894.1675
2019-06-24 12:15:00,1738.4775
2019-06-24 12:30:00,1720.4038
2019-06-24 12:45:00,1819.5696
2019-06-24 13:00:00,1816.0671
2019-06-24 13:15:00,1931.2139
2019-06-24 13:30:00,1937.1353
2019-06-24 13:45:00,2244.251
2019-06-24 14:00:00,2245.4194
2019-06-24 14:15:00,2633.817
2019-06-24 14:30:00,2631.058
2019-06-24 14:45:00,2297.1328
2019-06-24 15:00:00,2302.2349
2019-06-24 15:15:00,1910.7068
2019-06-24 15:30:00,1921.135
2019-06-24 15:45:00,1922.9387
2019-06-24 16:00:00,1907.0223
2019-06-24 16:15:00,1819.687
2019-06-24 16:30:00,1703.2146
2019-06-24 16:45:00,1782.5068
2019-06-24 17:00:00,1977.2974
2019-06-24 17:15:00,1634.9048
2019-06-24 17:30:00,2187.61
2019-06-24 17:45:00,1156.1942
2019-06-24 18:00:00,1699.7091
2019-06-24 18:15:00,1407.0507
2019-06-24 18:30:00,1461.7749
2019-06-24 18:45:00,1057.104
2019-06-24 19:00:00,994.2811
2019-06-24 19:15:00,443.33508
2019-06-24 19:30:00,333.37256
2019-06-24 19:45:00,72.83452
2019-06-24 20:00:00,30.557499
2019-06-24 20:15:00,0.0
2019-06-24 20:30:00,0.0
2019-06-24 20:45:00,0.0
2019-06-24 21:00:00,0.035439104
2019-06-24 21:15:00,0.0751656
2019-06-24 21:30:00,0.098797984
2019-06-24 21:45:00,0.11328311
2019-06-24 22:00:00,0.12244816
2019-06-24 22:15:00,0.12842569
2019-06-24 22:30:00,0.13243367
2019-06-24 22:45:00,0.13518715
2019-06-24 23:00:00,0.13711794
2019-06-24 23:15:00,0.1384933
2019-06-24 23:30:00,0.13948402
2019-06-24 23:45:00,0.14020017
2019-06-25 00:00:00,0.14071389
2019-06-25 00:15:00,0.14107469
2019-06-25 00:30:00,0.23537491
2019-06-25 00:45:00,0.40143728
2019-06-25 01:00:00,0.4563652
2019-06-25 01:15:00,0.40143728
2019-06-25 01:30:00,0.23537491
2019-06-25 01:45:00,0.14107469
2019-06-25 02:00:00,0.14071389
2019-06-25 02:15:00,0.1402
2019-06-25 02:30:00,0.13948412
2019-06-25 02:45:00,0.1384933
2019-06-25 03:00:00,0.13711794
2019-06-25 03:15:00,0.13518715
2019-06-25 03:30:00,0.13243367
2019-06-25 03:45:00,0.12842569
2019-06-25 04:00:00,0.12244816
2019-06-25 04:15:00,0.11328311
2019-06-25 04:30:00,0.098797984
2019-06-25 04:45:00,0.0751656
2019-06-25 05:00:00,0.035439104
2019-06-25 05:15:00,0.0
2019-06-25 05:30:00,0.0
2019-06-25 05:45:00,0.0
2019-06-25 06:00:00,0.0
2019-06-25 06:15:00,6.8593826
2019-06-25 06:30:00,17.674374
2019-06-25 06:45:00,150.32591
2019-06-25 07:00:00,164.54713
2019-06-25 07:15:00,476.45248
2019-06-25 07:30:00,452.6899
2019-06-25 07:45:00,836.9408
2019-06-25 08:00:00,767.52515
2019-06-25 08:15:00,1143.4377
2019-06-25 08:30:00,1078.918
2019-06-25 08:45:00,1604.889
2019-06-25 09:00:00,1491.5441
2019-06-25 09:15:00,2168.3457
2019-06-25 09:30:00,1987.3625
2019-06-25 09:45:00,2584.8376
2019-06-25 10:00:00,2442.2227
2019-06-25 10:15:00,2925.9575
2019-06-25 10:30:00,2819.9602
2019-06-25 10:45:00,3113.4346
2019-06-25 11:00:00,3033.122
2019-06-25 11:15:00,3413.2534
2019-06-25 11:30:00,3284.8354
2019-06-25 11:45:00,3523.2402
2019-06-25 12:00:00,3458.395
2019-06-25 12:15:00,3576.0547
2019-06-25 12:30:00,3560.7935
2019-06-25 12:45:00,3565.1797
2019-06-25 13:00:00,3560.1226
2019-06-25 13:15:00,3405.0386
2019-06-25 13:30:00,3410.9663
2019-06-25 13:45:00,3308.7114
2019-06-25 14:00:00,3320.6816
2019-06-25 14:15:00,3255.8057
2019-06-25 14:30:00,3279.8757
2019-06-25 14:45:00,2930.2454
2019-06-25 15:00:00,2950.1414
2019-06-25 15:15:00,2760.0967
2019-06-25 15:30:00,2814.5518
2019-06-25 15:45:00,2496.7527
2019-06-25 16:00:00,2570.8464
2019-06-25 16:15:00,2714.6074
2019-06-25 16:30:00,2951.6113
2019-06-25 16:45:00,2580.018
2019-06-25 17:00:00,2714.1704
2019-06-25 17:15:00,1612.4309
2019-06-25 17:30:00,2165.711
2019-06-25 17:45:00,1923.2937
2019-06-25 18:00:00,2087.3992
2019-06-25 18:15:00,1623.5525
2019-06-25 18:30:00,1698.4
2019-06-25 18:45:00,1184.2952
2019-06-25 19:00:00,1160.2646
2019-06-25 19:15:00,538.88605
2019-06-25 19:30:00,452.00238
2019-06-25 19:45:00,86.47864
2019-06-25 20:00:00,45.20063
2019-06-25 20:15:00,0.0
2019-06-25 20:30:00,0.0
2019-06-25 20:45:00,0.0
2019-06-25 21:00:00,0.035439104
2019-06-25 21:15:00,0.0751656
2019-06-25 21:30:00,0.098797984
2019-06-25 21:45:00,0.11328311
2019-06-25 22:00:00,0.12244816
2019-06-25 22:15:00,0.12842569
2019-06-25 22:30:00,0.13243367
2019-06-25 22:45:00,0.13518715
2019-06-25 23:00:00,0.13711794
2019-06-25 23:15:00,0.1384933
2019-06-25 23:30:00,0.13948402
2019-06-25 23:45:00,0.14020017
2019-06-26 00:00:00,0.14071389
2019-06-26 00:15:00,0.14107469
2019-06-26 00:30:00,0.23537491
2019-06-26 00:45:00,0.40143728
2019-06-26 01:00:00,0.4563652
2019-06-26 01:15:00,0.40143728
2019-06-26 01:30:00,0.23537491
2019-06-26 01:45:00,0.14107469
2019-06-26 02:00:00,0.14071389
2019-06-26 02:15:00,0.1402
2019-06-26 02:30:00,0.13948412
2019-06-26 02:45:00,0.1384933
2019-06-26 03:00:00,0.13711794
2019-06-26 03:15:00,0.13518715
2019-06-26 03:30:00,0.13243367
2019-06-26 03:45:00,0.12842569
2019-06-26 04:00:00,0.12244816
2019-06-26 04:15:00,0.11328311
2019-06-26 04:30:00,0.098797984
2019-06-26 04:45:00,0.0751656
2019-06-26 05:00:00,0.035439104
2019-06-26 05:15:00,0.0
2019-06-26 05:30:00,0.0
2019-06-26 05:45:00,0.0
2019-06-26 06:00:00,0.0
2019-06-26 06:15:00,6.976799
2019-06-26 06:30:00,18.559235
2019-06-26 06:45:00,187.80316
2019-06-26 07:00:00,187.56413
2019-06-26 07:15:00,522.71686
2019-06-26 07:30:00,481.01642
2019-06-26 07:45:00,544.225
2019-06-26 08:00:00,603.15393
2019-06-26 08:15:00,550.19025
2019-06-26 08:30:00,521.8271
2019-06-26 08:45:00,1179.3402
2019-06-26 09:00:00,1196.8604
2019-06-26 09:15:00,1555.967
2019-06-26 09:30:00,1661.247
2019-06-26 09:45:00,1836.0232
2019-06-26 10:00:00,1937.3168
2019-06-26 10:15:00,2270.629
2019-06-26 10:30:00,2284.7776
2019-06-26 10:45:00,2674.7715
2019-06-26 11:00:00,2662.9004
2019-06-26 11:15:00,2571.7095
2019-06-26 11:30:00,2575.0366
2019-06-26 11:45:00,2829.8652
2019-06-26 12:00:00,2830.6165
2019-06-26 12:15:00,3030.2534
2019-06-26 12:30:00,3027.6367
2019-06-26 12:45:00,3120.47
2019-06-26 13:00:00,3119.602
2019-06-26 13:15:00,2972.5967
2019-06-26 13:30:00,2974.6787
2019-06-26 13:45:00,3016.101
2019-06-26 14:00:00,3017.858
2019-06-26 14:15:00,2805.251
2019-06-26 14:30:00,2802.606
2019-06-26 14:45:00,2208.0713
2019-06-26 15:00:00,2191.1938
2019-06-26 15:15:00,2129.9292
2019-06-26 15:30:00,2116.1384
2019-06-26 15:45:00,2397.2144
2019-06-26 16:00:00,2417.633
2019-06-26 16:15:00,2419.636
2019-06-26 16:30:00,2732.6592
2019-06-26 16:45:00,2623.5747
2019-06-26 17:00:00,2745.9036
2019-06-26 17:15:00,2435.3447
2019-06-26 17:30:00,2559.35
2019-06-26 17:45:00,2131.5332
2019-06-26 18:00:00,2248.1018
2019-06-26 18:15:00,1684.7507
2019-06-26 18:30:00,1768.3066
2019-06-26 18:45:00,1128.3585
2019-06-26 19:00:00,1080.2806
2019-06-26 19:15:00,489.02197
2019-06-26 19:30:00,385.02643
2019-06-26 19:45:00,79.62465
2019-06-26 20:00:00,37.681187
2019-06-26 20:15:00,0.0
2019-06-26 20:30:00,0.0
2019-06-26 20:45:00,0.0
2019-06-26 21:00:00,0.035439104
2019-06-26 21:15:00,0.0751656
2019-06-26 21:30:00,0.098797984
2019-06-26 21:45:00,0.11328311
2019-06-26 22:00:00,0.12244816
2019-06-26 22:15:00,0.12842569
2019-06-26 22:30:00,0.13243367
2019-06-26 22:45:00,0.13518715
2019-06-26 23:00:00,0.13711794
2019-06-26 23:15:00,0.1384933
2019-06-26 23:30:00,0.13948402
2019-06-26 23:45:00,0.14020017
2019-06-27 00:00:00,0.14071389
2019-06-27 00:15:00,0.14107469
2019-06-27 00:30:00,0.23537491
2019-06-27 00:45:00,0.40143728
2019-06-27 01:00:00,0.4563652
2019-06-27 01:15:00,0.40143728
2019-06-27 01:30:00,0.23537491
2019-06-27 01:45:00,0.14107469
2019-06-27 02:00:00,0.14071389
2019-06-27 02:15:00,0.1402
2019-06-27 02:30:00,0.13948412
2019-06-27 02:45:00,0.1384933
2019-06-27 03:00:00,0.13711794
2019-06-27 03:15:00,0.13518715
2019-06-27 03:30:00,0.13243367
2019-06-27 03:45:00,0.12842569
2019-06-27 04:00:00,0.12244816
2019-06-27 04:15:00,0.11328311
2019-06-27 04:30:00,0.098797984
2019-06-27 04:45:00,0.0751656
2019-06-27 05:00:00,0.035439104
2019-06-27 05:15:00,0.0
2019-06-27 05:30:00,0.0
2019-06-27 05:45:00,0.0
2019-06-27 06:00:00,0.0
2019-06-27 06:15:00,6.796627
2019-06-27 06:30:00,17.221914
2019-06-27 06:45:00,124.73591
2019-06-27 07:00:00,139.50177
2019-06-27 07:15:00,496.7928
2019-06-27 07:30:00,466.5106
2019-06-27 07:45:00,927.5238
2019-06-27 08:00:00,804.8523
2019-06-27 08:15:00,1356.1167
2019-06-27 08:30:00,1160.9534
2019-06-27 08:45:00,1782.524
2019-06-27 09:00:00,1573.2363
2019-06-27 09:15:00,2275.8223
2019-06-27 09:30:00,2034.6472
2019-06-27 09:45:00,2635.0645
2019-06-27 10:00:00,2481.8694
2019-06-27 10:15:00,2673.5315
2019-06-27 10:30:00,2617.1562
2019-06-27 10:45:00,2755.9531
2019-06-27 11:00:00,2736.7817
2019-06-27 11:15:00,2956.892
2019-06-27 11:30:00,2952.6787
2019-06-27 11:45:00,3239.0115
2019-06-27 12:00:00,3226.994
2019-06-27 12:15:00,3331.1387
2019-06-27 12:30:00,3322.8503
2019-06-27 12:45:00,3221.3086
2019-06-27 13:00:00,3220.3398
2019-06-27 13:15:00,2962.0405
2019-06-27 13:30:00,2964.0964
2019-06-27 13:45:00,3086.8198
2019-06-27 14:00:00,3088.918
2019-06-27 14:15:00,3226.4512
2019-06-27 14:30:00,3247.5056
2019-06-27 14:45:00,2956.892
2019-06-27 15:00:00,2981.605
2019-06-27 15:15:00,2666.8152
2019-06-27 15:30:00,2698.1978
2019-06-27 15:45:00,2339.21
2019-06-27 16:00:00,2340.0122
2019-06-27 16:15:00,2240.0125
2019-06-27 16:30:00,2420.7954
2019-06-27 16:45:00,1954.5547
2019-06-27 17:00:00,2446.209
2019-06-27 17:15:00,1634.9048
2019-06-27 17:30:00,2187.61
2019-06-27 17:45:00,1869.9858
2019-06-27 18:00:00,2046.7148
2019-06-27 18:15:00,1517.3892
2019-06-27 18:30:00,1562.427
2019-06-27 18:45:00,1034.4928
2019-06-27 19:00:00,972.9458
2019-06-27 19:15:00,443.33508
2019-06-27 19:30:00,333.37256
2019-06-27 19:45:00,74.19246
2019-06-27 20:00:00,31.952711
2019-06-27 20:15:00,0.0
2019-06-27 20:30:00,0.0
2019-06-27 20:45:00,0.0
2019-06-27 21:00:00,0.035439104
2019-06-27 21:15:00,0.0751656
2019-06-27 21:30:00,0.098797984
2019-06-27 21:45:00,0.11328311
2019-06-27 22:00:00,0.12244816
2019-06-27 22:15:00,0.12842569
2019-06-27 22:30:00,0.13243367
2019-06-27 22:45:00,0.13518715
2019-06-27 23:00:00,0.13711794
2019-06-27 23:15:00,0.1384933
2019-06-27 23:30:00,0.13948402
2019-06-27 23:45:00,0.14020017
2019-06-28 00:00:00,0.14071389
2019-06-28 00:15:00,0.14107469
2019-06-28 00:30:00,0.23537491
2019-06-28 00:45:00,0.40143728
2019-06-28 01:00:00,0.4563652
2019-06-28 01:15:00,0.40143728
2019-06-28 01:30:00,0.23537491
2019-06-28 01:45:00,0.14107469
2019-06-28 02:00:00,0.14071389
2019-06-28 02:15:00,0.1402
2019-06-28 02:30:00,0.13948412
2019-06-28 02:45:00,0.1384933
2019-06-28 03:00:00,0.13711794
2019-06-28 03:15:00,0.13518715
2019-06-28 03:30:00,0.13243367
2019-06-28 03:45:00,0.12842569
2019-06-28 04:00:00,0.12244816
2019-06-28 04:15:00,0.11328311
2019-06-28 04:30:00,0.098797984
2019-06-28 04:45:00,0.0751656
2019-06-28 05:00:00,0.035439104
2019-06-28 05:15:00,0.0
2019-06-28 05:30:00,0.0
2019-06-28 05:45:00,0.0
2019-06-28 06:00:00,0.0
2019-06-28 06:15:00,6.9194417
2019-06-28 06:30:00,18.120186
2019-06-28 06:45:00,168.59851
2019-06-28 07:00:00,177.31789
2019-06-28 07:15:00,515.5322
2019-06-28 07:30:00,477.332
2019-06-28 07:45:00,891.2779
2019-06-28 08:00:00,792.9055
2019-06-28 08:15:00,1309.384
2019-06-28 08:30:00,1148.363
2019-06-28 08:45:00,1741.2211
2019-06-28 09:00:00,1557.5659
2019-06-28 09:15:00,1858.1665
2019-06-28 09:30:00,1825.8428
2019-06-28 09:45:00,2020.7346
2019-06-28 10:00:00,2075.4224
2019-06-28 10:15:00,2307.9224
2019-06-28 10:30:00,2318.5269
2019-06-28 10:45:00,2361.0405
2019-06-28 11:00:00,2360.1235
2019-06-28 11:15:00,2466.3452
2019-06-28 11:30:00,2464.3674
2019-06-28 11:45:00,2262.2812
2019-06-28 12:00:00,2262.7725
2019-06-28 12:15:00,1250.6777
2019-06-28 12:30:00,1245.0608
2019-06-28 12:45:00,960.8605
2019-06-28 13:00:00,960.0139
2019-06-28 13:15:00,893.48474
2019-06-28 13:30:00,895.7243
2019-06-28 13:45:00,1039.4572
2019-06-28 14:00:00,1045.2048
2019-06-28 14:15:00,1342.234
2019-06-28 14:30:00,1348.8671
2019-06-28 14:45:00,1300.5516
2019-06-28 15:00:00,1266.9224
2019-06-28 15:15:00,1561.2205
2019-06-28 15:30:00,1632.57
2019-06-28 15:45:00,1963.0057
2019-06-28 16:00:00,1927.5828
2019-06-28 16:15:00,1818.6543
2019-06-28 16:30:00,1691.9725
2019-06-28 16:45:00,1464.9846
2019-06-28 17:00:00,1385.0139
2019-06-28 17:15:00,1194.5653
2019-06-28 17:30:00,1001.3094
2019-06-28 17:45:00,878.85126
2019-06-28 18:00:00,909.7213
2019-06-28 18:15:00,679.09534
2019-06-28 18:30:00,872.838
2019-06-28 18:45:00,421.4997
2019-06-28 19:00:00,641.444
2019-06-28 19:15:00,296.04935
2019-06-28 19:30:00,238.6716
2019-06-28 19:45:00,75.54945
2019-06-28 20:00:00,33.362396
2019-06-28 20:15:00,0.0
2019-06-28 20:30:00,0.0
2019-06-28 20:45:00,0.0
2019-06-28 21:00:00,0.035439104
2019-06-28 21:15:00,0.0751656
2019-06-28 21:30:00,0.098797984
2019-06-28 21:45:00,0.11328311
2019-06-28 22:00:00,0.12244816
2019-06-28 22:15:00,0.12842569
2019-06-28 22:30:00,0.13243367
2019-06-28 22:45:00,0.13518715
2019-06-28 23:00:00,0.13711794
2019-06-28 23:15:00,0.1384933
2019-06-28 23:30:00,0.13948402
2019-06-28 23:45:00,0.14020017
2019-06-29 00:00:00,0.14071389
2019-06-29 00:15:00,0.14107469
2019-06-29 00:30:00,0.23537491
2019-06-29 00:45:00,0.40143728
2019-06-29 01:00:00,0.4563652
2019-06-29 01:15:00,0.40143728
2019-06-29 01:30:00,0.23537491
2019-06-29 01:45:00,0.14107469
2019-06-29 02:00:00,0.14071389
2019-06-29 02:15:00,0.1402
2019-06-29 02:30:00,0.13948412
2019-06-29 02:45:00,0.1384933
2019-06-29 03:00:00,0.13711794
2019-06-29 03:15:00,0.13518715
2019-06-29 03:30:00,0.13243367
2019-06-29 03:45:00,0.12842569
2019-06-29 04:00:00,0.12244816
2019-06-29 04:15:00,0.11328311
2019-06-29 04:30:00,0.098797984
2019-06-29 04:45:00,0.0751656
2019-06-29 05:00:00,0.035439104
2019-06-29 05:15:00,0.0
2019-06-29 05:30:00,0.0
2019-06-29 05:45:00,0.0
2019-06-29 06:00:00,0.0
2019-06-29 06:15:00,6.9194417
2019-06-29 06:30:00,18.120186
2019-06-29 06:45:00,177.62975
2019-06-29 07:00:00,182.44151
2019-06-29 07:15:00,538.8616
2019-06-29 07:30:00,488.48486
2019-06-29 07:45:00,914.1242
2019-06-29 08:00:00,800.79474
2019-06-29 08:15:00,1356.1167
2019-06-29 08:30:00,1160.9534
2019-06-29 08:45:00,1767.4889
2019-06-29 09:00:00,1567.8529
2019-06-29 09:15:00,2255.7996
2019-06-29 09:30:00,2027.3772
2019-06-29 09:45:00,2677.0183
2019-06-29 10:00:00,2510.3022
2019-06-29 10:15:00,2783.9219
2019-06-29 10:30:00,2698.198
2019-06-29 10:45:00,2832.7646
2019-06-29 11:00:00,2805.0908
2019-06-29 11:15:00,2918.9512
2019-06-29 11:30:00,2916.58
2019-06-29 11:45:00,3226.4512
2019-06-29 12:00:00,3215.6653
2019-06-29 12:15:00,3353.3704
2019-06-29 12:30:00,3344.417
2019-06-29 12:45:00,3279.9888
2019-06-29 13:00:00,3278.7927
2019-06-29 13:15:00,3217.8545
2019-06-29 13:30:00,3220.5332
2019-06-29 13:45:00,2839.9744
2019-06-29 14:00:00,2841.1372
2019-06-29 14:15:00,2493.08
2019-06-29 14:30:00,2498.921
2019-06-29 14:45:00,2257.9927
2019-06-29 15:00:00,2253.7476
2019-06-29 15:15:00,2002.2695
2019-06-29 15:30:00,1995.7297
2019-06-29 15:45:00,1963.0057
2019-06-29 16:00:00,1927.5828
2019-06-29 16:15:00,2285.0405
2019-06-29 16:30:00,2500.689
2019-06-29 16:45:00,2730.9927
2019-06-29 17:00:00,2866.3145
2019-06-29 17:15:00,2469.585
2019-06-29 17:30:00,2600.5806
2019-06-29 17:45:00,2138.5332
2019-06-29 18:00:00,2253.1333
2019-06-29 18:15:00,1684.7507
2019-06-29 18:30:00,1768.3066
2019-06-29 18:45:00,1051.6879
2019-06-29 19:00:00,988.88245
2019-06-29 19:15:00,370.25287
2019-06-29 19:30:00,275.04858
2019-06-29 19:45:00,71.474815
2019-06-29 20:00:00,29.17637
2019-06-29 20:15:00,0.0
2019-06-29 20:30:00,0.0
2019-06-29 20:45:00,0.0
2019-06-29 21:00:00,0.035439104
2019-06-29 21:15:00,0.0751656
2019-06-29 21:30:00,0.098797984
2019-06-29 21:45:00,0.11328311
2019-06-29 22:00:00,0.12244816
2019-06-29 22:15:00,0.12842569
2019-06-29 22:30:00,0.13243367
2019-06-29 22:45:00,0.13518715
2019-06-29 23:00:00,0.13711794
2019-06-29 23:15:00,0.1384933
2019-06-29 23:30:00,0.13948402
2019-06-29 23:45:00,0.14020017
2019-06-30 00:00:00,0.14071389
2019-06-30 00:15:00,0.14107469
2019-06-30 00:30:00,0.23537491
2019-06-30 00:45:00,0.40143728
2019-06-30 01:00:00,0.4563652
2019-06-30 01:15:00,0.40143728
2019-06-30 01:30:00,0.23537491
2019-06-30 01:45:00,0.14107469
2019-06-30 02:00:00,0.14071389
2019-06-30 02:15:00,0.1402
2019-06-30 02:30:00,0.13948412
2019-06-30 02:45:00,0.1384933
2019-06-30 03:00:00,0.13711794
2019-06-30 03:15:00,0.13518715
2019-06-30 03:30:00,0.13243367
2019-06-30 03:45:00,0.12842569
2019-06-30 04:00:00,0.12244816
2019-06-30 04:15:00,0.11328311
2019-06-30 04:30:00,0.098797984
2019-06-30 04:45:00,0.0751656
2019-06-30 05:00:00,0.035439104
2019-06-30 05:15:00,0.0
2019-06-30 05:30:00,0.0
2019-06-30 05:45:00,0.0
2019-06-30 06:00:00,0.0
2019-06-30 06:15:00,6.9194417
2019-06-30 06:30:00,18.120186
2019-06-30 06:45:00,172.97545
2019-06-30 07:00:00,179.87933
2019-06-30 07:15:00,522.71686
2019-06-30 07:30:00,481.01642
2019-06-30 07:45:00,836.9408
2019-06-30 08:00:00,767.52515
2019-06-30 08:15:00,1296.635
2019-06-30 08:30:00,1144.3828
2019-06-30 08:45:00,1753.7805
2019-06-30 09:00:00,1562.6326
2019-06-30 09:15:00,2237.6562
2019-06-30 09:30:00,2020.291
2019-06-30 09:45:00,2677.0183
2019-06-30 10:00:00,2510.3022
2019-06-30 10:15:00,2946.2598
2019-06-30 10:30:00,2830.769
2019-06-30 10:45:00,3161.724
2019-06-30 11:00:00,3051.8936
2019-06-30 11:15:00,3218.6929
2019-06-30 11:30:00,3185.3848
2019-06-30 11:45:00,3353.8442
2019-06-30 12:00:00,3332.3286
2019-06-30 12:15:00,3371.5967
2019-06-30 12:30:00,3362.3022
2019-06-30 12:45:00,3032.52
2019-06-30 13:00:00,3031.692
2019-06-30 13:15:00,2156.4421
2019-06-30 13:30:00,2158.2864
2019-06-30 13:45:00,1917.6548
2019-06-30 14:00:00,1926.1758
2019-06-30 14:15:00,1773.6296
2019-06-30 14:30:00,1780.491
2019-06-30 14:45:00,1876.1432
2019-06-30 15:00:00,1894.086
2019-06-30 15:15:00,1874.7308
2019-06-30 15:30:00,1892.0046
2019-06-30 15:45:00,1808.1941
2019-06-30 16:00:00,1823.1979
2019-06-30 16:15:00,1004.6533
2019-06-30 16:30:00,1172.9023
2019-06-30 16:45:00,834.4009
2019-06-30 17:00:00,986.2583
2019-06-30 17:15:00,1184.7886
2019-06-30 17:30:00,1002.8082
2019-06-30 17:45:00,989.40466
2019-06-30 18:00:00,1189.8494
2019-06-30 18:15:00,1385.5615
2019-06-30 18:30:00,1451.838
2019-06-30 18:45:00,1022.02234
2019-06-30 19:00:00,962.5336
2019-06-30 19:15:00,425.7887
2019-06-30 19:30:00,316.60367
2019-06-30 19:45:00,71.474815
2019-06-30 20:00:00,29.17637
2019-06-30 20:15:00,0.0
2019-06-30 20:30:00,0.0
2019-06-30 20:45:00,0.0
2019-06-30 21:00:00,0.035439104
2019-06-30 21:15:00,0.0751656
2019-06-30 21:30:00,0.098797984
2019-06-30 21:45:00,0.11328311
2019-06-30 22:00:00,0.12244816
2019-06-30 22:15:00,0.12842569
2019-06-30 22:30:00,0.13243367
2019-06-30 22:45:00,0.13518715
2019-06-30 23:00:00,0.13711794
2019-06-30 23:15:00,0.1384933
2019-06-30 23:30:00,0.13948402
2019-06-30 23:45:00,0.14020017
2019-07-01 00:00:00,0.14071389
2019-07-01 00:15:00,0.14107469
2019-07-01 00:30:00,0.23537491
2019-07-01 00:45:00,0.40143728
2019-07-01 01:00:00,0.4563652
2019-07-01 01:15:00,0.40143728
2019-07-01 01:30:00,0.23537491
2019-07-01 01:45:00,0.14107469
2019-07-01 02:00:00,0.14071389
2019-07-01 02:15:00,0.1402
2019-07-01 02:30:00,0.13948412
2019-07-01 02:45:00,0.1384933
2019-07-01 03:00:00,0.13711794
2019-07-01 03:15:00,0.13518715
2019-07-01 03:30:00,0.13243367
2019-07-01 03:45:00,0.12842569
2019-07-01 04:00:00,0.12244816
2019-07-01 04:15:00,0.11328311
2019-07-01 04:30:00,0.098797984
2019-07-01 04:45:00,0.0751656
2019-07-01 05:00:00,0.035439104
2019-07-01 05:15:00,0.0
2019-07-01 05:30:00,0.0
2019-07-01 05:45:00,0.0
2019-07-01 06:00:00,0.0
2019-07-01 06:15:00,6.7312746
2019-07-01 06:30:00,16.763115
2019-07-01 06:45:00,126.94478
2019-07-01 07:00:00,141.96451
2019-07-01 07:15:00,432.42093
2019-07-01 07:30:00,418.56375
2019-07-01 07:45:00,809.8792
2019-07-01 08:00:00,751.2903
2019-07-01 08:15:00,1222.9778
2019-07-01 08:30:00,1115.542
2019-07-01 08:45:00,1581.8591
2019-07-01 09:00:00,1481.2961
2019-07-01 09:15:00,1760.0938
2019-07-01 09:30:00,1773.3792
2019-07-01 09:45:00,1974.9633
2019-07-01 10:00:00,2039.3005
2019-07-01 10:15:00,2214.7454
2019-07-01 10:30:00,2232.1768
2019-07-01 10:45:00,2457.6975
2019-07-01 11:00:00,2458.4775
2019-07-01 11:15:00,2903.9858
2019-07-01 11:30:00,2902.2158
2019-07-01 11:45:00,3264.1914
2019-07-01 12:00:00,3250.018
2019-07-01 12:15:00,3210.3477
2019-07-01 12:30:00,3206.6035
2019-07-01 12:45:00,3165.8706
2019-07-01 13:00:00,3164.977
2019-07-01 13:15:00,3053.6704
2019-07-01 13:30:00,3055.8794
2019-07-01 13:45:00,2801.5903
2019-07-01 14:00:00,2802.6218
2019-07-01 14:15:00,2311.25
2019-07-01 14:30:00,2308.0789
2019-07-01 14:45:00,2589.1123
2019-07-01 15:00:00,2587.602
2019-07-01 15:15:00,2585.227
2019-07-01 15:30:00,2604.0974
2019-07-01 15:45:00,2359.4487
2019-07-01 16:00:00,2366.4907
2019-07-01 16:15:00,2372.68
2019-07-01 16:30:00,2671.8926
2019-07-01 16:45:00,2398.8071
2019-07-01 17:00:00,2655.287
2019-07-01 17:15:00,2361.0605
2019-07-01 17:30:00,2485.751
2019-07-01 17:45:00,2000.2102
2019-07-01 18:00:00,2150.2285
2019-07-01 18:15:00,1610.7618
2019-07-01 18:30:00,1682.6423
2019-07-01 18:45:00,1137.0969
2019-07-01 19:00:00,1092.3634
2019-07-01 19:15:00,493.11615
2019-07-01 19:30:00,390.16397
2019-07-01 19:45:00,79.62465
2019-07-01 20:00:00,37.681187
2019-07-01 20:15:00,0.0
2019-07-01 20:30:00,0.0
2019-07-01 20:45:00,0.0
2019-07-01 21:00:00,0.035439104
2019-07-01 21:15:00,0.0751656
2019-07-01 21:30:00,0.098797984
2019-07-01 21:45:00,0.11328311
2019-07-01 22:00:00,0.12244816
2019-07-01 22:15:00,0.12842569
2019-07-01 22:30:00,0.13243367
2019-07-01 22:45:00,0.13518715
2019-07-01 23:00:00,0.13711794
2019-07-01 23:15:00,0.1384933
2019-07-01 23:30:00,0.13948402
2019-07-01 23:45:00,0.14020017
2019-07-02 00:00:00,0.14071389
2019-07-02 00:15:00,0.14107469
2019-07-02 00:30:00,0.23537491
2019-07-02 00:45:00,0.40143728
2019-07-02 01:00:00,0.4563652
2019-07-02 01:15:00,0.40143728
2019-07-02 01:30:00,0.23537491
2019-07-02 01:45:00,0.14107469
2019-07-02 02:00:00,0.14071389
2019-07-02 02:15:00,0.1402
2019-07-02 02:30:00,0.13948412
2019-07-02 02:45:00,0.1384933
2019-07-02 03:00:00,0.13711794
2019-07-02 03:15:00,0.13518715
2019-07-02 03:30:00,0.13243367
2019-07-02 03:45:00,0.12842569
2019-07-02 04:00:00,0.12244816
2019-07-02 04:15:00,0.11328311
2019-07-02 04:30:00,0.098797984
2019-07-02 04:45:00,0.0751656
2019-07-02 05:00:00,0.035439104
2019-07-02 05:15:00,0.0
2019-07-02 05:30:00,0.0
2019-07-02 05:45:00,0.0
2019-07-02 06:00:00,0.0
2019-07-02 06:15:00,6.7312746
2019-07-02 06:30:00,16.763115
2019-07-02 06:45:00,136.36563
2019-07-02 07:00:00,151.91414
2019-07-02 07:15:00,447.39346
2019-07-02 07:30:00,430.3281
2019-07-02 07:45:00,800.2435
2019-07-02 08:00:00,745.18677
2019-07-02 08:15:00,1117.9552
2019-07-02 08:30:00,1067.9185
2019-07-02 08:45:00,1458.8115
2019-07-02 09:00:00,1435.7463
2019-07-02 09:15:00,1720.9893
2019-07-02 09:30:00,1748.6294
2019-07-02 09:45:00,2067.9827
2019-07-02 10:00:00,2111.48
2019-07-02 10:15:00,2685.9753
2019-07-02 10:30:00,2625.9224
2019-07-02 10:45:00,3012.8145
2019-07-02 11:00:00,2958.9785
2019-07-02 11:15:00,3257.6611
2019-07-02 11:30:00,3212.0527
2019-07-02 11:45:00,3511.226
2019-07-02 12:00:00,3440.3096
2019-07-02 12:15:00,3571.6907
2019-07-02 12:30:00,3552.9194
2019-07-02 12:45:00,3590.3257
2019-07-02 13:00:00,3588.2373
2019-07-02 13:15:00,3524.6265
2019-07-02 13:30:00,3544.143
2019-07-02 13:45:00,3560.8696
2019-07-02 14:00:00,3572.9998
2019-07-02 14:15:00,3546.499
2019-07-02 14:30:00,3547.2524
2019-07-02 14:45:00,3487.491
2019-07-02 15:00:00,3486.7632
2019-07-02 15:15:00,3396.5173
2019-07-02 15:30:00,3400.162
2019-07-02 15:45:00,3272.118
2019-07-02 16:00:00,3290.2593
2019-07-02 16:15:00,3105.0127
2019-07-02 16:30:00,3158.9575
2019-07-02 16:45:00,2788.3418
2019-07-02 17:00:00,2927.381
2019-07-02 17:15:00,2435.3447
2019-07-02 17:30:00,2559.35
2019-07-02 17:45:00,2007.6854
2019-07-02 18:00:00,2156.15
2019-07-02 18:15:00,1539.6252
2019-07-02 18:30:00,1590.7339
2019-07-02 18:45:00,1046.1261
2019-07-02 19:00:00,983.52704
2019-07-02 19:15:00,443.33508
2019-07-02 19:30:00,333.37256
2019-07-02 19:45:00,74.19246
2019-07-02 20:00:00,31.952711
2019-07-02 20:15:00,0.0
2019-07-02 20:30:00,0.0
2019-07-02 20:45:00,0.0
2019-07-02 21:00:00,0.035439104
2019-07-02 21:15:00,0.0751656
2019-07-02 21:30:00,0.098797984
2019-07-02 21:45:00,0.11328311
2019-07-02 22:00:00,0.12244816
2019-07-02 22:15:00,0.12842569
2019-07-02 22:30:00,0.13243367
2019-07-02 22:45:00,0.13518715
2019-07-02 23:00:00,0.13711794
2019-07-02 23:15:00,0.1384933
2019-07-02 23:30:00,0.13948402
2019-07-02 23:45:00,0.14020017
2019-07-03 00:00:00,0.14071389
2019-07-03 00:15:00,0.14107469
2019-07-03 00:30:00,0.23537491
2019-07-03 00:45:00,0.40143728
2019-07-03 01:00:00,0.4563652
2019-07-03 01:15:00,0.40143728
2019-07-03 01:30:00,0.23537491
2019-07-03 01:45:00,0.14107469
2019-07-03 02:00:00,0.14071389
2019-07-03 02:15:00,0.1402
2019-07-03 02:30:00,0.13948412
2019-07-03 02:45:00,0.1384933
2019-07-03 03:00:00,0.13711794
2019-07-03 03:15:00,0.13518715
2019-07-03 03:30:00,0.13243367
2019-07-03 03:45:00,0.12842569
2019-07-03 04:00:00,0.12244816
2019-07-03 04:15:00,0.11328311
2019-07-03 04:30:00,0.098797984
2019-07-03 04:45:00,0.0751656
2019-07-03 05:00:00,0.035439104
2019-07-03 05:15:00,0.0
2019-07-03 05:30:00,0.0
2019-07-03 05:45:00,0.0
2019-07-03 06:00:00,0.0
2019-07-03 06:15:00,6.592508
2019-07-03 06:30:00,15.826954
2019-07-03 06:45:00,106.10782
2019-07-03 07:00:00,117.73001
2019-07-03 07:15:00,381.95505
2019-07-03 07:30:00,381.66995
2019-07-03 07:45:00,631.33154
2019-07-03 08:00:00,662.695
2019-07-03 08:15:00,836.52356
2019-07-03 08:30:00,996.0224
2019-07-03 08:45:00,1205.8955
2019-07-03 09:00:00,1358.2688
2019-07-03 09:15:00,1505.7056
2019-07-03 09:30:00,1701.5624
2019-07-03 09:45:00,1813.3569
2019-07-03 10:00:00,1834.2664
2019-07-03 10:15:00,1915.4833
2019-07-03 10:30:00,1911.7405
2019-07-03 10:45:00,2065.7966
2019-07-03 11:00:00,2077.4585
2019-07-03 11:15:00,2109.001
2019-07-03 11:30:00,2110.3394
2019-07-03 11:45:00,2086.5298
2019-07-03 12:00:00,2081.7256
2019-07-03 12:15:00,1983.1938
2019-07-03 12:30:00,1976.9016
2019-07-03 12:45:00,2161.9026
2019-07-03 13:00:00,2161.262
2019-07-03 13:15:00,2167.2751
2019-07-03 13:30:00,2168.9863
2019-07-03 13:45:00,2285.4192
2019-07-03 14:00:00,2286.7021
2019-07-03 14:15:00,2735.2798
2019-07-03 14:30:00,2732.246
2019-07-03 14:45:00,2740.2043
2019-07-03 15:00:00,2744.2896
2019-07-03 15:15:00,2350.7998
2019-07-03 15:30:00,2346.141
2019-07-03 15:45:00,2129.2275
2019-07-03 16:00:00,2088.1953
2019-07-03 16:15:00,1913.1832
2019-07-03 16:30:00,1861.6963
2019-07-03 16:45:00,1716.525
2019-07-03 17:00:00,1853.2903
2019-07-03 17:15:00,1372.7689
2019-07-03 17:30:00,1617.6904
2019-07-03 17:45:00,1603.0029
2019-07-03 18:00:00,1937.9678
2019-07-03 18:15:00,1255.9419
2019-07-03 18:30:00,1419.1775
2019-07-03 18:45:00,746.5222
2019-07-03 19:00:00,860.9951
2019-07-03 19:15:00,402.2729
2019-07-03 19:30:00,296.95074
2019-07-03 19:45:00,75.54945
2019-07-03 20:00:00,33.362396
2019-07-03 20:15:00,0.0
2019-07-03 20:30:00,0.0
2019-07-03 20:45:00,0.0
2019-07-03 21:00:00,0.035439104
2019-07-03 21:15:00,0.0751656
2019-07-03 21:30:00,0.098797984
2019-07-03 21:45:00,0.11328311
2019-07-03 22:00:00,0.12244816
2019-07-03 22:15:00,0.12842569
2019-07-03 22:30:00,0.13243367
2019-07-03 22:45:00,0.13518715
2019-07-03 23:00:00,0.13711794
2019-07-03 23:15:00,0.1384933
2019-07-03 23:30:00,0.13948402
2019-07-03 23:45:00,0.14020017
2019-07-04 00:00:00,0.14071389
2019-07-04 00:15:00,0.14107469
2019-07-04 00:30:00,0.23537491
2019-07-04 00:45:00,0.40143728
2019-07-04 01:00:00,0.4563652
2019-07-04 01:15:00,0.40143728
2019-07-04 01:30:00,0.23537491
2019-07-04 01:45:00,0.14107469
2019-07-04 02:00:00,0.14071389
2019-07-04 02:15:00,0.1402
2019-07-04 02:30:00,0.13948412
2019-07-04 02:45:00,0.1384933
2019-07-04 03:00:00,0.13711794
2019-07-04 03:15:00,0.13518715
2019-07-04 03:30:00,0.13243367
2019-07-04 03:45:00,0.12842569
2019-07-04 04:00:00,0.12244816
2019-07-04 04:15:00,0.11328311
2019-07-04 04:30:00,0.098797984
2019-07-04 04:45:00,0.0751656
2019-07-04 05:00:00,0.035439104
2019-07-04 05:15:00,0.0
2019-07-04 05:30:00,0.0
2019-07-04 05:45:00,0.0
2019-07-04 06:00:00,0.0
2019-07-04 06:15:00,6.364602
2019-07-04 06:30:00,14.378244
2019-07-04 06:45:00,102.10521
2019-07-04 07:00:00,112.95587
2019-07-04 07:15:00,352.87103
2019-07-04 07:30:00,364.64838
2019-07-04 07:45:00,646.48
2019-07-04 08:00:00,668.4689
2019-07-04 08:15:00,719.0015
2019-07-04 08:30:00,732.05206
2019-07-04 08:45:00,1216.3788
2019-07-04 09:00:00,1308.9712
2019-07-04 09:15:00,1555.1316
2019-07-04 09:30:00,1599.9739
2019-07-04 09:45:00,1762.8857
2019-07-04 10:00:00,1755.5065
2019-07-04 10:15:00,1658.0969
2019-07-04 10:30:00,1586.1393
2019-07-04 10:45:00,1265.3892
2019-07-04 11:00:00,1278.4443
2019-07-04 11:15:00,1277.3949
2019-07-04 11:30:00,1277.4205
2019-07-04 11:45:00,1399.2372
2019-07-04 12:00:00,1383.5658
2019-07-04 12:15:00,1198.3678
2019-07-04 12:30:00,1193.1361
2019-07-04 12:45:00,2150.8926
2019-07-04 13:00:00,2150.204
2019-07-04 13:15:00,2514.4868
2019-07-04 13:30:00,2522.3467
2019-07-04 13:45:00,2791.126
2019-07-04 14:00:00,2792.1436
2019-07-04 14:15:00,3119.871
2019-07-04 14:30:00,3128.62
2019-07-04 14:45:00,3164.4521
2019-07-04 15:00:00,3284.3933
2019-07-04 15:15:00,3161.724
2019-07-04 15:30:00,3342.4941
2019-07-04 15:45:00,3251.4146
2019-07-04 16:00:00,3278.748
2019-07-04 16:15:00,3085.8276
2019-07-04 16:30:00,3148.0186
2019-07-04 16:45:00,2812.3027
2019-07-04 17:00:00,2948.9653
2019-07-04 17:15:00,2508.0752
2019-07-04 17:30:00,2651.3552
2019-07-04 17:45:00,2166.0605
2019-07-04 18:00:00,2273.106
2019-07-04 18:15:00,1691.8928
2019-07-04 18:30:00,1775.8674
2019-07-04 18:45:00,1180.0182
2019-07-04 19:00:00,1154.0327
2019-07-04 19:15:00,522.00134
2019-07-04 19:30:00,428.362
2019-07-04 19:45:00,82.3531
2019-07-04 20:00:00,40.639153
2019-07-04 20:15:00,0.0
2019-07-04 20:30:00,0.0
2019-07-04 20:45:00,0.0
2019-07-04 21:00:00,0.035439104
2019-07-04 21:15:00,0.0751656
2019-07-04 21:30:00,0.098797984
2019-07-04 21:45:00,0.11328311
2019-07-04 22:00:00,0.12244816
2019-07-04 22:15:00,0.12842569
2019-07-04 22:30:00,0.13243367
2019-07-04 22:45:00,0.13518715
2019-07-04 23:00:00,0.13711794
2019-07-04 23:15:00,0.1384933
2019-07-04 23:30:00,0.13948402
2019-07-04 23:45:00,0.14020017
2019-07-05 00:00:00,0.14071389
2019-07-05 00:15:00,0.14107469
2019-07-05 00:30:00,0.23537491
2019-07-05 00:45:00,0.40143728
2019-07-05 01:00:00,0.4563652
2019-07-05 01:15:00,0.40143728
2019-07-05 01:30:00,0.23537491
2019-07-05 01:45:00,0.14107469
2019-07-05 02:00:00,0.14071389
2019-07-05 02:15:00,0.1402
2019-07-05 02:30:00,0.13948412
2019-07-05 02:45:00,0.1384933
2019-07-05 03:00:00,0.13711794
2019-07-05 03:15:00,0.13518715
2019-07-05 03:30:00,0.13243367
2019-07-05 03:45:00,0.12842569
2019-07-05 04:00:00,0.12244816
2019-07-05 04:15:00,0.11328311
2019-07-05 04:30:00,0.098797984
2019-07-05 04:45:00,0.0751656
2019-07-05 05:00:00,0.035439104
2019-07-05 05:15:00,0.0
2019-07-05 05:30:00,0.0
2019-07-05 05:45:00,0.0
2019-07-05 06:00:00,0.0
2019-07-05 06:15:00,6.6632023
2019-07-05 06:30:00,16.298077
2019-07-05 06:45:00,131.5195
2019-07-05 07:00:00,146.91986
2019-07-05 07:15:00,447.39346
2019-07-05 07:30:00,430.3281
2019-07-05 07:45:00,820.07623
2019-07-05 08:00:00,757.6113
2019-07-05 08:15:00,1181.9213
2019-07-05 08:30:00,1096.4716
2019-07-05 08:45:00,1298.4579
2019-07-05 09:00:00,1365.967
2019-07-05 09:15:00,1614.36
2019-07-05 09:30:00,1678.3464
2019-07-05 09:45:00,1904.5251
2019-07-05 10:00:00,1982.5029
2019-07-05 10:15:00,2123.3213
2019-07-05 10:30:00,2142.5852
2019-07-05 10:45:00,2468.2651
2019-07-05 11:00:00,2468.8853
2019-07-05 11:15:00,2915.2017
2019-07-05 11:30:00,2912.9858
2019-07-05 11:45:00,3018.0183
2019-07-05 12:00:00,3017.858
2019-07-05 12:15:00,2948.9116
2019-07-05 12:30:00,2946.4795
2019-07-05 12:45:00,2867.5173
2019-07-05 13:00:00,2866.8162
2019-07-05 13:15:00,2972.5967
2019-07-05 13:30:00,2974.6787
2019-07-05 13:45:00,2938.317
2019-07-05 14:00:00,2939.875
2019-07-05 14:15:00,2791.2153
2019-07-05 14:30:00,2788.494
2019-07-05 14:45:00,2697.6643
2019-07-05 15:00:00,2699.5654
2019-07-05 15:15:00,2507.5334
2019-07-05 15:30:00,2515.7363
2019-07-05 15:45:00,2355.358
2019-07-05 16:00:00,2361.0986
2019-07-05 16:15:00,2063.459
2019-07-05 16:30:00,2109.2424
2019-07-05 16:45:00,1538.0503
2019-07-05 17:00:00,1484.6603
2019-07-05 17:15:00,1245.4456
2019-07-05 17:30:00,1280.6003
2019-07-05 17:45:00,1162.5859
2019-07-05 18:00:00,1707.436
2019-07-05 18:15:00,805.0026
2019-07-05 18:30:00,1291.2595
2019-07-05 18:45:00,895.67065
2019-07-05 19:00:00,898.4168
2019-07-05 19:15:00,411.94666
2019-07-05 19:30:00,304.64728
2019-07-05 19:45:00,78.26472
2019-07-05 20:00:00,36.226295
2019-07-05 20:15:00,0.0
2019-07-05 20:30:00,0.0
2019-07-05 20:45:00,0.0
2019-07-05 21:00:00,0.035439104
2019-07-05 21:15:00,0.0751656
2019-07-05 21:30:00,0.098797984
2019-07-05 21:45:00,0.11328311
2019-07-05 22:00:00,0.12244816
2019-07-05 22:15:00,0.12842569
2019-07-05 22:30:00,0.13243367
2019-07-05 22:45:00,0.13518715
2019-07-05 23:00:00,0.13711794
2019-07-05 23:15:00,0.1384933
2019-07-05 23:30:00,0.13948402
2019-07-05 23:45:00,0.14020017
2019-07-06 00:00:00,0.14071389
2019-07-06 00:15:00,0.14107469
2019-07-06 00:30:00,0.23537491
2019-07-06 00:45:00,0.40143728
2019-07-06 01:00:00,0.4563652
2019-07-06 01:15:00,0.40143728
2019-07-06 01:30:00,0.23537491
2019-07-06 01:45:00,0.14107469
2019-07-06 02:00:00,0.14071389
2019-07-06 02:15:00,0.1402
2019-07-06 02:30:00,0.13948412
2019-07-06 02:45:00,0.1384933
2019-07-06 03:00:00,0.13711794
2019-07-06 03:15:00,0.13518715
2019-07-06 03:30:00,0.13243367
2019-07-06 03:45:00,0.12842569
2019-07-06 04:00:00,0.12244816
2019-07-06 04:15:00,0.11328311
2019-07-06 04:30:00,0.098797984
2019-07-06 04:45:00,0.0751656
2019-07-06 05:00:00,0.035439104
2019-07-06 05:15:00,0.0
2019-07-06 05:30:00,0.0
2019-07-06 05:45:00,0.0
2019-07-06 06:00:00,0.0
2019-07-06 06:15:00,6.592508
2019-07-06 06:30:00,15.826954
2019-07-06 06:45:00,133.90337
2019-07-06 07:00:00,149.41223
2019-07-06 07:15:00,455.19324
2019-07-06 07:30:00,436.4796
2019-07-06 07:45:00,814.8951
2019-07-06 08:00:00,754.4227
2019-07-06 08:15:00,1230.4841
2019-07-06 08:30:00,1118.903
2019-07-06 08:45:00,1650.0162
2019-07-06 09:00:00,1513.6638
2019-07-06 09:15:00,2009.8794
2019-07-06 09:30:00,1896.9551
2019-07-06 09:45:00,2382.0474
2019-07-06 10:00:00,2309.6836
2019-07-06 10:15:00,2418.9397
2019-07-06 10:30:00,2414.486
2019-07-06 10:45:00,2570.125
2019-07-06 11:00:00,2566.433
2019-07-06 11:15:00,2779.5796
2019-07-06 11:30:00,2781.4448
2019-07-06 11:45:00,2425.8384
2019-07-06 12:00:00,2414.4087
2019-07-06 12:15:00,2055.978
2019-07-06 12:30:00,2051.2969
2019-07-06 12:45:00,1637.7931
2019-07-06 13:00:00,1633.8258
2019-07-06 13:15:00,1801.8429
2019-07-06 13:30:00,1812.099
2019-07-06 13:45:00,2015.1436
2019-07-06 14:00:00,2021.3647
2019-07-06 14:15:00,1345.8534
2019-07-06 14:30:00,1352.3734
2019-07-06 14:45:00,1239.7802
2019-07-06 15:00:00,1220.4382
2019-07-06 15:15:00,1257.7012
2019-07-06 15:30:00,1334.5697
2019-07-06 15:45:00,1617.3441
2019-07-06 16:00:00,1676.8937
2019-07-06 16:15:00,1770.5068
2019-07-06 16:30:00,1707.4858
2019-07-06 16:45:00,1545.4797
2019-07-06 17:00:00,1375.4529
2019-07-06 17:15:00,1216.1593
2019-07-06 17:30:00,1009.6991
2019-07-06 17:45:00,957.1665
2019-07-06 18:00:00,1066.7949
2019-07-06 18:15:00,1453.7134
2019-07-06 18:30:00,1493.7263
2019-07-06 18:45:00,1057.104
2019-07-06 19:00:00,994.2811
2019-07-06 19:15:00,460.21442
2019-07-06 19:30:00,351.16785
2019-07-06 19:45:00,75.54945
2019-07-06 20:00:00,33.362396
2019-07-06 20:15:00,0.0
2019-07-06 20:30:00,0.0
2019-07-06 20:45:00,0.0
2019-07-06 21:00:00,0.035439104
2019-07-06 21:15:00,0.0751656
2019-07-06 21:30:00,0.098797984
2019-07-06 21:45:00,0.11328311
2019-07-06 22:00:00,0.12244816
2019-07-06 22:15:00,0.12842569
2019-07-06 22:30:00,0.13243367
2019-07-06 22:45:00,0.13518715
2019-07-06 23:00:00,0.13711794
2019-07-06 23:15:00,0.1384933
2019-07-06 23:30:00,0.13948402
2019-07-06 23:45:00,0.14020017
2019-07-07 00:00:00,0.14071389
2019-07-07 00:15:00,0.14107469
2019-07-07 00:30:00,0.23537491
2019-07-07 00:45:00,0.40143728
2019-07-07 01:00:00,0.4563652
2019-07-07 01:15:00,0.40143728
2019-07-07 01:30:00,0.23537491
2019-07-07 01:45:00,0.14107469
2019-07-07 02:00:00,0.14071389
2019-07-07 02:15:00,0.1402
2019-07-07 02:30:00,0.13948412
2019-07-07 02:45:00,0.1384933
2019-07-07 03:00:00,0.13711794
2019-07-07 03:15:00,0.13518715
2019-07-07 03:30:00,0.13243367
2019-07-07 03:45:00,0.12842569
2019-07-07 04:00:00,0.12244816
2019-07-07 04:15:00,0.11328311
2019-07-07 04:30:00,0.098797984
2019-07-07 04:45:00,0.0751656
2019-07-07 05:00:00,0.035439104
2019-07-07 05:15:00,0.0
2019-07-07 05:30:00,0.0
2019-07-07 05:45:00,0.0
2019-07-07 06:00:00,0.0
2019-07-07 06:15:00,6.4431844
2019-07-07 06:30:00,14.866961
2019-07-07 06:45:00,110.13363
2019-07-07 07:00:00,122.5188
2019-07-07 07:15:00,414.29108
2019-07-07 07:30:00,404.75214
2019-07-07 07:45:00,782.04913
2019-07-07 08:00:00,733.603
2019-07-07 08:15:00,1175.4371
2019-07-07 08:30:00,1093.4509
2019-07-07 08:45:00,1604.889
2019-07-07 09:00:00,1491.5441
2019-07-07 09:15:00,2063.7097
2019-07-07 09:30:00,1925.9924
2019-07-07 09:45:00,2382.0474
2019-07-07 10:00:00,2309.6836
2019-07-07 10:15:00,2445.7021
2019-07-07 10:30:00,2437.016
2019-07-07 10:45:00,2589.0261
2019-07-07 11:00:00,2584.0645
2019-07-07 11:15:00,2934.0244
2019-07-07 11:30:00,2930.9854
2019-07-07 11:45:00,2812.2773
2019-07-07 12:00:00,2813.1099
2019-07-07 12:15:00,2511.3237
2019-07-07 12:30:00,2499.556
2019-07-07 12:45:00,2256.9895
2019-07-07 13:00:00,2256.603
2019-07-07 13:15:00,2169.93
2019-07-07 13:30:00,2171.6091
2019-07-07 13:45:00,2392.6377
2019-07-07 14:00:00,2399.9158
2019-07-07 14:15:00,2703.9062
2019-07-07 14:30:00,2700.7659
2019-07-07 14:45:00,2797.6108
2019-07-07 15:00:00,2805.0908
2019-07-07 15:15:00,2489.583
2019-07-07 15:30:00,2495.5352
2019-07-07 15:45:00,2228.3247
2019-07-07 16:00:00,2201.4583
2019-07-07 16:15:00,2465.207
2019-07-07 16:30:00,2777.211
2019-07-07 16:45:00,2117.6802
2019-07-07 17:00:00,2562.3193
2019-07-07 17:15:00,1483.1349
2019-07-07 17:30:00,2015.9357
2019-07-07 17:45:00,1651.0396
2019-07-07 18:00:00,1952.85
2019-07-07 18:15:00,1677.6709
2019-07-07 18:30:00,1760.6929
2019-07-07 18:45:00,1092.0826
2019-07-07 19:00:00,1033.2894
2019-07-07 19:15:00,439.025
2019-07-07 19:30:00,329.0875
2019-07-07 19:45:00,70.11227
2019-07-07 20:00:00,27.809086
2019-07-07 20:15:00,0.0
2019-07-07 20:30:00,0.0
2019-07-07 20:45:00,0.0
2019-07-07 21:00:00,0.035439104
2019-07-07 21:15:00,0.0751656
2019-07-07 21:30:00,0.098797984
2019-07-07 21:45:00,0.11328311
2019-07-07 22:00:00,0.12244816
2019-07-07 22:15:00,0.12842569
2019-07-07 22:30:00,0.13243367
2019-07-07 22:45:00,0.13518715
2019-07-07 23:00:00,0.13711794
2019-07-07 23:15:00,0.1384933
2019-07-07 23:30:00,0.13948402
2019-07-07 23:45:00,0.14020017
2019-07-08 00:00:00,0.14071389
2019-07-08 00:15:00,0.14107469
2019-07-08 00:30:00,0.23537491
2019-07-08 00:45:00,0.40143728
2019-07-08 01:00:00,0.4563652
2019-07-08 01:15:00,0.40143728
2019-07-08 01:30:00,0.23537491
2019-07-08 01:45:00,0.14107469
2019-07-08 02:00:00,0.14071389
2019-07-08 02:15:00,0.1402
2019-07-08 02:30:00,0.13948412
2019-07-08 02:45:00,0.1384933
2019-07-08 03:00:00,0.13711794
2019-07-08 03:15:00,0.13518715
2019-07-08 03:30:00,0.13243367
2019-07-08 03:45:00,0.12842569
2019-07-08 04:00:00,0.12244816
2019-07-08 04:15:00,0.11328311
2019-07-08 04:30:00,0.098797984
2019-07-08 04:45:00,0.0751656
2019-07-08 05:00:00,0.035439104
2019-07-08 05:15:00,0.0
2019-07-08 05:30:00,0.0
2019-07-08 05:45:00,0.0
2019-07-08 06:00:00,0.0
2019-07-08 06:15:00,6.4431844
2019-07-08 06:30:00,14.866961
2019-07-08 06:45:00,118.335526
2019-07-08 07:00:00,132.1721
2019-07-08 07:15:00,417.89062
2019-07-08 07:30:00,407.444
2019-07-08 07:45:00,743.25464
2019-07-08 08:00:00,710.4486
2019-07-08 08:15:00,1007.8991
2019-07-08 08:30:00,1023.84546
2019-07-08 08:45:00,1362.5234
2019-07-08 09:00:00,1397.4858
2019-07-08 09:15:00,1679.4998
2019-07-08 09:30:00,1720.6772
2019-07-08 09:45:00,1854.6515
2019-07-08 10:00:00,1947.2847
2019-07-08 10:15:00,1905.1693
2019-07-08 10:30:00,1898.7273
2019-07-08 10:45:00,2218.3052
2019-07-08 11:00:00,2218.7783
2019-07-08 11:15:00,2603.0425
2019-07-08 11:30:00,2606.6309
2019-07-08 11:45:00,2442.4624
2019-07-08 12:00:00,2429.852
2019-07-08 12:15:00,2542.9866
2019-07-08 12:30:00,2531.5674
2019-07-08 12:45:00,2912.9185
2019-07-08 13:00:00,2912.1824
2019-07-08 13:15:00,2969.0762
2019-07-08 13:30:00,2971.151
2019-07-08 13:45:00,2920.6782
2019-07-08 14:00:00,2922.1934
2019-07-08 14:15:00,2594.3093
2019-07-08 14:30:00,2592.625
2019-07-08 14:45:00,2487.725
2019-07-08 15:00:00,2486.2266
2019-07-08 15:15:00,2522.0356
2019-07-08 15:30:00,2532.1416
2019-07-08 15:45:00,2637.3838
2019-07-08 16:00:00,2753.2861
2019-07-08 16:15:00,2428.9414
2019-07-08 16:30:00,2742.602
2019-07-08 16:45:00,1754.8254
2019-07-08 17:00:00,1920.7369
2019-07-08 17:15:00,1264.6321
2019-07-08 17:30:00,1334.0951
2019-07-08 17:45:00,939.53357
2019-07-08 18:00:00,1025.8319
2019-07-08 18:15:00,849.72943
2019-07-08 18:30:00,1328.6746
2019-07-08 18:45:00,957.70245
2019-07-08 19:00:00,922.43475
2019-07-08 19:15:00,460.21442
2019-07-08 19:30:00,351.16785
2019-07-08 19:45:00,80.98717
2019-07-08 20:00:00,39.152073
2019-07-08 20:15:00,0.0
2019-07-08 20:30:00,0.0
2019-07-08 20:45:00,0.0
2019-07-08 21:00:00,0.035439104
2019-07-08 21:15:00,0.0751656
2019-07-08 21:30:00,0.098797984
2019-07-08 21:45:00,0.11328311
2019-07-08 22:00:00,0.12244816
2019-07-08 22:15:00,0.12842569
2019-07-08 22:30:00,0.13243367
2019-07-08 22:45:00,0.13518715
2019-07-08 23:00:00,0.13711794
2019-07-08 23:15:00,0.1384933
2019-07-08 23:30:00,0.13948402
2019-07-08 23:45:00,0.14020017
2019-07-09 00:00:00,0.14071389
2019-07-09 00:15:00,0.14107469
2019-07-09 00:30:00,0.23537491
2019-07-09 00:45:00,0.40143728
2019-07-09 01:00:00,0.4563652
2019-07-09 01:15:00,0.40143728
2019-07-09 01:30:00,0.23537491
2019-07-09 01:45:00,0.14107469
2019-07-09 02:00:00,0.14071389
2019-07-09 02:15:00,0.1402
2019-07-09 02:30:00,0.13948412
2019-07-09 02:45:00,0.1384933
2019-07-09 03:00:00,0.13711794
2019-07-09 03:15:00,0.13518715
2019-07-09 03:30:00,0.13243367
2019-07-09 03:45:00,0.12842569
2019-07-09 04:00:00,0.12244816
2019-07-09 04:15:00,0.11328311
2019-07-09 04:30:00,0.098797984
2019-07-09 04:45:00,0.0751656
2019-07-09 05:00:00,0.035439104
2019-07-09 05:15:00,0.0
2019-07-09 05:30:00,0.0
2019-07-09 05:45:00,0.0
2019-07-09 06:00:00,0.0
2019-07-09 06:15:00,6.51914
2019-07-09 06:30:00,15.349892
2019-07-09 06:45:00,126.94478
2019-07-09 07:00:00,141.96451
2019-07-09 07:15:00,436.10754
2019-07-09 07:30:00,421.4407
2019-07-09 07:45:00,773.2814
2019-07-09 08:00:00,728.1122
2019-07-09 08:15:00,1143.4377
2019-07-09 08:30:00,1078.918
2019-07-09 08:45:00,1549.8875
2019-07-09 09:00:00,1468.3066
2019-07-09 09:15:00,1926.9636
2019-07-09 09:30:00,1857.5266
2019-07-09 09:45:00,2233.0486
2019-07-09 10:00:00,2226.6885
2019-07-09 10:15:00,2228.3242
2019-07-09 10:30:00,2245.183
2019-07-09 10:45:00,2320.0837
2019-07-09 11:00:00,2316.7295
2019-07-09 11:15:00,2610.0117
2019-07-09 11:30:00,2613.6177
2019-07-09 11:45:00,2497.2393
2019-07-09 12:00:00,2484.9248
2019-07-09 12:15:00,2677.4482
2019-07-09 12:30:00,2673.099
2019-07-09 12:45:00,2843.1208
2019-07-09 13:00:00,2842.425
2019-07-09 13:15:00,2979.6392
2019-07-09 13:30:00,2981.7388
2019-07-09 13:45:00,3005.486
2019-07-09 14:00:00,3007.213
2019-07-09 14:15:00,2964.4297
2019-07-09 14:30:00,2963.5696
2019-07-09 14:45:00,3192.7358
2019-07-09 15:00:00,3355.4312
2019-07-09 15:15:00,3394.0327
2019-07-09 15:30:00,3398.751
2019-07-09 15:45:00,3265.5854
2019-07-09 16:00:00,3286.5886
2019-07-09 16:15:00,3070.733
2019-07-09 16:30:00,3139.06
2019-07-09 16:45:00,2725.3992
2019-07-09 17:00:00,2859.7686
2019-07-09 17:15:00,2417.585
2019-07-09 17:30:00,2539.858
2019-07-09 17:45:00,2110.2832
2019-07-09 18:00:00,2232.8428
2019-07-09 18:15:00,1623.5525
2019-07-09 18:30:00,1698.4
2019-07-09 18:45:00,1119.517
2019-07-09 19:00:00,1068.32
2019-07-09 19:15:00,464.36755
2019-07-09 19:30:00,355.78708
2019-07-09 19:45:00,78.26472
2019-07-09 20:00:00,36.226295
2019-07-09 20:15:00,0.0
2019-07-09 20:30:00,0.0
2019-07-09 20:45:00,0.0
2019-07-09 21:00:00,0.035439104
2019-07-09 21:15:00,0.0751656
2019-07-09 21:30:00,0.098797984
2019-07-09 21:45:00,0.11328311
2019-07-09 22:00:00,0.12244816
2019-07-09 22:15:00,0.12842569
2019-07-09 22:30:00,0.13243367
2019-07-09 22:45:00,0.13518715
2019-07-09 23:00:00,0.13711794
2019-07-09 23:15:00,0.1384933
2019-07-09 23:30:00,0.13948402
2019-07-09 23:45:00,0.14020017
2019-07-10 00:00:00,0.14071389
2019-07-10 00:15:00,0.14107469
2019-07-10 00:30:00,0.23537491
2019-07-10 00:45:00,0.40143728
2019-07-10 01:00:00,0.4563652
2019-07-10 01:15:00,0.40143728
2019-07-10 01:30:00,0.23537491
2019-07-10 01:45:00,0.14107469
2019-07-10 02:00:00,0.14071389
2019-07-10 02:15:00,0.1402
2019-07-10 02:30:00,0.13948412
2019-07-10 02:45:00,0.1384933
2019-07-10 03:00:00,0.13711794
2019-07-10 03:15:00,0.13518715
2019-07-10 03:30:00,0.13243367
2019-07-10 03:45:00,0.12842569
2019-07-10 04:00:00,0.12244816
2019-07-10 04:15:00,0.11328311
2019-07-10 04:30:00,0.098797984
2019-07-10 04:45:00,0.0751656
2019-07-10 05:00:00,0.035439104
2019-07-10 05:15:00,0.0
2019-07-10 05:30:00,0.0
2019-07-10 05:45:00,0.0
2019-07-10 06:00:00,0.0
2019-07-10 06:15:00,6.4431844
2019-07-10 06:30:00,14.866961
2019-07-10 06:45:00,114.201324
2019-07-10 07:00:00,127.33049
2019-07-10 07:15:00,389.1613
2019-07-10 07:30:00,386.66327
2019-07-10 07:45:00,743.25464
2019-07-10 08:00:00,710.4486
2019-07-10 08:15:00,1086.4244
2019-07-10 08:30:00,1054.926
2019-07-10 08:45:00,1428.6046
2019-07-10 09:00:00,1424.8748
2019-07-10 09:15:00,1835.237
2019-07-10 09:30:00,1814.6674
2019-07-10 09:45:00,2261.8018
2019-07-10 10:00:00,2244.1638
2019-07-10 10:15:00,2643.2646
2019-07-10 10:30:00,2595.4517
2019-07-10 10:45:00,2755.9531
2019-07-10 11:00:00,2736.7817
2019-07-10 11:15:00,2930.2454
2019-07-10 11:30:00,2927.3804
2019-07-10 11:45:00,2967.9915
2019-07-10 12:00:00,2968.2056
2019-07-10 12:15:00,2959.5146
2019-07-10 12:30:00,2957.0464
2019-07-10 12:45:00,2909.418
2019-07-10 13:00:00,2908.686
2019-07-10 13:15:00,2787.1724
2019-07-10 13:30:00,2789.0671
2019-07-10 13:45:00,2261.633
2019-07-10 14:00:00,2262.7725
2019-07-10 14:15:00,2509.5977
2019-07-10 14:30:00,2513.8333
2019-07-10 14:45:00,2772.392
2019-07-10 15:00:00,2778.329
2019-07-10 15:15:00,2755.9531
2019-07-10 15:30:00,2809.1514
2019-07-10 15:45:00,2520.8643
2019-07-10 16:00:00,2609.0347
2019-07-10 16:15:00,2617.1304
2019-07-10 16:30:00,2898.422
2019-07-10 16:45:00,2776.599
2019-07-10 17:00:00,2915.924
2019-07-10 17:15:00,2524.3975
2019-07-10 17:30:00,2673.377
2019-07-10 17:45:00,2066.8608
2019-07-10 18:00:00,2201.272
2019-07-10 18:15:00,1506.3336
2019-07-10 18:30:00,1548.9065
2019-07-10 18:45:00,993.52893
2019-07-10 19:00:00,942.1919
2019-07-10 19:15:00,430.25858
2019-07-10 19:30:00,320.7044
2019-07-10 19:45:00,70.11227
2019-07-10 20:00:00,27.809086
2019-07-10 20:15:00,0.0
2019-07-10 20:30:00,0.0
2019-07-10 20:45:00,0.0
2019-07-10 21:00:00,0.035439104
2019-07-10 21:15:00,0.0751656
2019-07-10 21:30:00,0.098797984
2019-07-10 21:45:00,0.11328311
2019-07-10 22:00:00,0.12244816
2019-07-10 22:15:00,0.12842569
2019-07-10 22:30:00,0.13243367
2019-07-10 22:45:00,0.13518715
2019-07-10 23:00:00,0.13711794
2019-07-10 23:15:00,0.1384933
2019-07-10 23:30:00,0.13948402
2019-07-10 23:45:00,0.14020017
2019-07-11 00:00:00,0.14071389
2019-07-11 00:15:00,0.14107469
2019-07-11 00:30:00,0.23537491
2019-07-11 00:45:00,0.40143728
2019-07-11 01:00:00,0.4563652
2019-07-11 01:15:00,0.40143728
2019-07-11 01:30:00,0.23537491
2019-07-11 01:45:00,0.14107469
2019-07-11 02:00:00,0.14071389
2019-07-11 02:15:00,0.1402
2019-07-11 02:30:00,0.13948412
2019-07-11 02:45:00,0.1384933
2019-07-11 03:00:00,0.13711794
2019-07-11 03:15:00,0.13518715
2019-07-11 03:30:00,0.13243367
2019-07-11 03:45:00,0.12842569
2019-07-11 04:00:00,0.12244816
2019-07-11 04:15:00,0.11328311
2019-07-11 04:30:00,0.098797984
2019-07-11 04:45:00,0.0751656
2019-07-11 05:00:00,0.035439104
2019-07-11 05:15:00,0.0
2019-07-11 05:30:00,0.0
2019-07-11 05:45:00,0.0
2019-07-11 06:00:00,0.0
2019-07-11 06:15:00,6.1996098
2019-07-11 06:30:00,13.38366
2019-07-11 06:45:00,75.97101
2019-07-11 07:00:00,81.68741
2019-07-11 07:15:00,248.17883
2019-07-11 07:30:00,291.12314
2019-07-11 07:45:00,454.703
2019-07-11 08:00:00,462.42514
2019-07-11 08:15:00,799.1568
2019-07-11 08:30:00,886.78754
2019-07-11 08:45:00,1214.4636
2019-07-11 09:00:00,1292.5157
2019-07-11 09:15:00,1561.644
2019-07-11 09:30:00,1634.9568
2019-07-11 09:45:00,1826.0869
2019-07-11 10:00:00,1883.8955
2019-07-11 10:15:00,2108.8662
2019-07-11 10:30:00,2128.9048
2019-07-11 10:45:00,2619.7344
2019-07-11 11:00:00,2612.473
2019-07-11 11:15:00,2837.5825
2019-07-11 11:30:00,2838.0088
2019-07-11 11:45:00,2545.4644
2019-07-11 12:00:00,2537.3813
2019-07-11 12:15:00,2257.3074
2019-07-11 12:30:00,2255.8892
2019-07-11 12:45:00,2310.826
2019-07-11 13:00:00,2310.3267
2019-07-11 13:15:00,2839.637
2019-07-11 13:30:00,2841.4229
2019-07-11 13:45:00,3196.1663
2019-07-11 14:00:00,3200.7397
2019-07-11 14:15:00,3123.6084
2019-07-11 14:30:00,3132.8672
2019-07-11 14:45:00,2903.9858
2019-07-11 15:00:00,2920.1506
2019-07-11 15:15:00,2623.6128
2019-07-11 15:30:00,2648.0637
2019-07-11 15:45:00,2380.2168
2019-07-11 16:00:00,2394.2715
2019-07-11 16:15:00,2105.9753
2019-07-11 16:30:00,2197.775
2019-07-11 16:45:00,1683.3687
2019-07-11 17:00:00,1788.8529
2019-07-11 17:15:00,1264.6321
2019-07-11 17:30:00,1334.0951
2019-07-11 17:45:00,905.42993
2019-07-11 18:00:00,961.49866
2019-07-11 18:15:00,704.6992
2019-07-11 18:30:00,1029.6298
2019-07-11 18:45:00,530.47186
2019-07-11 19:00:00,790.14557
2019-07-11 19:15:00,339.02936
2019-07-11 19:30:00,257.98712
2019-07-11 19:45:00,63.217205
2019-07-11 20:00:00,21.167038
2019-07-11 20:15:00,0.0
2019-07-11 20:30:00,0.0
2019-07-11 20:45:00,0.0
2019-07-11 21:00:00,0.035439104
2019-07-11 21:15:00,0.0751656
2019-07-11 21:30:00,0.098797984
2019-07-11 21:45:00,0.11328311
2019-07-11 22:00:00,0.12244816
2019-07-11 22:15:00,0.12842569
2019-07-11 22:30:00,0.13243367
2019-07-11 22:45:00,0.13518715
2019-07-11 23:00:00,0.13711794
2019-07-11 23:15:00,0.1384933
2019-07-11 23:30:00,0.13948402
2019-07-11 23:45:00,0.14020017
2019-07-12 00:00:00,0.14071389
2019-07-12 00:15:00,0.14107469
2019-07-12 00:30:00,0.23537491
2019-07-12 00:45:00,0.40143728
2019-07-12 01:00:00,0.4563652
2019-07-12 01:15:00,0.40143728
2019-07-12 01:30:00,0.23537491
2019-07-12 01:45:00,0.14107469
2019-07-12 02:00:00,0.14071389
2019-07-12 02:15:00,0.1402
2019-07-12 02:30:00,0.13948412
2019-07-12 02:45:00,0.1384933
2019-07-12 03:00:00,0.13711794
2019-07-12 03:15:00,0.13518715
2019-07-12 03:30:00,0.13243367
2019-07-12 03:45:00,0.12842569
2019-07-12 04:00:00,0.12244816
2019-07-12 04:15:00,0.11328311
2019-07-12 04:30:00,0.098797984
2019-07-12 04:45:00,0.0751656
2019-07-12 05:00:00,0.035439104
2019-07-12 05:15:00,0.0
2019-07-12 05:30:00,0.0
2019-07-12 05:45:00,0.0
2019-07-12 06:00:00,0.0
2019-07-12 06:15:00,6.1996098
2019-07-12 06:30:00,13.38366
2019-07-12 06:45:00,100.1084
2019-07-12 07:00:00,110.571594
2019-07-12 07:15:00,371.09763
2019-07-12 07:30:00,374.25726
2019-07-12 07:45:00,696.11884
2019-07-12 08:00:00,687.6139
2019-07-12 08:15:00,1033.5933
2019-07-12 08:30:00,1033.8995
2019-07-12 08:45:00,1421.55
2019-07-12 09:00:00,1422.2314
2019-07-12 09:15:00,1850.3263
2019-07-12 09:30:00,1822.0767
2019-07-12 09:45:00,2345.0059
2019-07-12 10:00:00,2290.2476
2019-07-12 10:15:00,2730.0283
2019-07-12 10:30:00,2657.0176
2019-07-12 10:45:00,2888.393
2019-07-12 11:00:00,2851.6235
2019-07-12 11:15:00,2637.9385
2019-07-12 11:30:00,2641.5103
2019-07-12 11:45:00,2245.1106
2019-07-12 12:00:00,2245.4194
2019-07-12 12:15:00,1912.9862
2019-07-12 12:30:00,1903.7068
2019-07-12 12:45:00,1631.3257
2019-07-12 13:00:00,1627.3723
2019-07-12 13:15:00,1162.4014
2019-07-12 13:30:00,1165.5536
2019-07-12 13:45:00,1153.3016
2019-07-12 14:00:00,1159.7789
2019-07-12 14:15:00,1338.6133
2019-07-12 14:30:00,1345.3489
2019-07-12 14:45:00,1463.2458
2019-07-12 15:00:00,1456.7881
2019-07-12 15:15:00,1150.1484
2019-07-12 15:30:00,1153.8267
2019-07-12 15:45:00,1097.2267
2019-07-12 16:00:00,1239.5105
2019-07-12 16:15:00,1251.3008
2019-07-12 16:30:00,1369.7133
2019-07-12 16:45:00,1469.1317
2019-07-12 17:00:00,1385.8954
2019-07-12 17:15:00,1211.6543
2019-07-12 17:30:00,1001.06165
2019-07-12 17:45:00,825.1418
2019-07-12 18:00:00,757.6113
2019-07-12 18:15:00,542.1349
2019-07-12 18:30:00,554.1787
2019-07-12 18:45:00,385.5609
2019-07-12 19:00:00,522.72723
2019-07-12 19:15:00,310.81113
2019-07-12 19:30:00,244.9868
2019-07-12 19:45:00,70.11227
2019-07-12 20:00:00,27.809086
2019-07-12 20:15:00,0.0
2019-07-12 20:30:00,0.0
2019-07-12 20:45:00,0.0
2019-07-12 21:00:00,0.035439104
2019-07-12 21:15:00,0.0751656
2019-07-12 21:30:00,0.098797984
2019-07-12 21:45:00,0.11328311
2019-07-12 22:00:00,0.12244816
2019-07-12 22:15:00,0.12842569
2019-07-12 22:30:00,0.13243367
2019-07-12 22:45:00,0.13518715
2019-07-12 23:00:00,0.13711794
2019-07-12 23:15:00,0.1384933
2019-07-12 23:30:00,0.13948402
2019-07-12 23:45:00,0.14020017
2019-07-13 00:00:00,0.14071389
2019-07-13 00:15:00,0.14107469
2019-07-13 00:30:00,0.23537491
2019-07-13 00:45:00,0.40143728
2019-07-13 01:00:00,0.4563652
2019-07-13 01:15:00,0.40143728
2019-07-13 01:30:00,0.23537491
2019-07-13 01:45:00,0.14107469
2019-07-13 02:00:00,0.14071389
2019-07-13 02:15:00,0.1402
2019-07-13 02:30:00,0.13948412
2019-07-13 02:45:00,0.1384933
2019-07-13 03:00:00,0.13711794
2019-07-13 03:15:00,0.13518715
2019-07-13 03:30:00,0.13243367
2019-07-13 03:45:00,0.12842569
2019-07-13 04:00:00,0.12244816
2019-07-13 04:15:00,0.11328311
2019-07-13 04:30:00,0.098797984
2019-07-13 04:45:00,0.0751656
2019-07-13 05:00:00,0.035439104
2019-07-13 05:15:00,0.0
2019-07-13 05:30:00,0.0
2019-07-13 05:45:00,0.0
2019-07-13 06:00:00,0.0
2019-07-13 06:15:00,6.283402
2019-07-13 06:30:00,13.883786
2019-07-13 06:45:00,96.11609
2019-07-13 07:00:00,105.80264
2019-07-13 07:15:00,278.21347
2019-07-13 07:30:00,324.71994
2019-07-13 07:45:00,496.18213
2019-07-13 08:00:00,531.849
2019-07-13 08:15:00,769.0768
2019-07-13 08:30:00,821.2993
2019-07-13 08:45:00,1196.7645
2019-07-13 09:00:00,1235.4109
2019-07-13 09:15:00,1521.4233
2019-07-13 09:30:00,1530.1511
2019-07-13 09:45:00,1743.5908
2019-07-13 10:00:00,1728.7739
2019-07-13 10:15:00,1997.3025
2019-07-13 10:30:00,2015.5139
2019-07-13 10:45:00,2562.6282
2019-07-13 11:00:00,2559.405
2019-07-13 11:15:00,2870.6133
2019-07-13 11:30:00,2870.0283
2019-07-13 11:45:00,3218.1235
2019-07-13 12:00:00,3208.1787
2019-07-13 12:15:00,3430.7966
2019-07-13 12:30:00,3417.8018
2019-07-13 12:45:00,3482.3862
2019-07-13 13:00:00,3478.23
2019-07-13 13:15:00,3565.1797
2019-07-13 13:30:00,3576.513
2019-07-13 13:45:00,3569.2712
2019-07-13 14:00:00,3577.0898
2019-07-13 14:15:00,3546.499
2019-07-13 14:30:00,3547.2524
2019-07-13 14:45:00,3493.3428
2019-07-13 15:00:00,3490.1826
2019-07-13 15:15:00,3407.8416
2019-07-13 15:30:00,3406.8315
2019-07-13 15:45:00,3287.1477
2019-07-13 16:00:00,3298.7852
2019-07-13 16:15:00,2916.5044
2019-07-13 16:30:00,3040.4707
2019-07-13 16:45:00,1683.3687
2019-07-13 17:00:00,1788.8529
2019-07-13 17:15:00,1193.827
2019-07-13 17:30:00,1045.1731
2019-07-13 17:45:00,810.9008
2019-07-13 18:00:00,715.2481
2019-07-13 18:15:00,534.0277
2019-07-13 18:30:00,538.7076
2019-07-13 18:45:00,345.54706
2019-07-13 19:00:00,388.92426
2019-07-13 19:15:00,267.3532
2019-07-13 19:30:00,227.55946
2019-07-13 19:45:00,68.74591
2019-07-13 20:00:00,26.455187
2019-07-13 20:15:00,0.0
2019-07-13 20:30:00,0.0
2019-07-13 20:45:00,0.0
2019-07-13 21:00:00,0.035439104
2019-07-13 21:15:00,0.0751656
2019-07-13 21:30:00,0.098797984
2019-07-13 21:45:00,0.11328311
2019-07-13 22:00:00,0.12244816
2019-07-13 22:15:00,0.12842569
2019-07-13 22:30:00,0.13243367
2019-07-13 22:45:00,0.13518715
2019-07-13 23:00:00,0.13711794
2019-07-13 23:15:00,0.1384933
2019-07-13 23:30:00,0.13948402
2019-07-13 23:45:00,0.14020017
2019-07-14 00:00:00,0.14071389
2019-07-14 00:15:00,0.14107469
2019-07-14 00:30:00,0.23537491
2019-07-14 00:45:00,0.40143728
2019-07-14 01:00:00,0.4563652
2019-07-14 01:15:00,0.40143728
2019-07-14 01:30:00,0.23537491
2019-07-14 01:45:00,0.14107469
2019-07-14 02:00:00,0.14071389
2019-07-14 02:15:00,0.1402
2019-07-14 02:30:00,0.13948412
2019-07-14 02:45:00,0.1384933
2019-07-14 03:00:00,0.13711794
2019-07-14 03:15:00,0.13518715
2019-07-14 03:30:00,0.13243367
2019-07-14 03:45:00,0.12842569
2019-07-14 04:00:00,0.12244816
2019-07-14 04:15:00,0.11328311
2019-07-14 04:30:00,0.098797984
2019-07-14 04:45:00,0.0751656
2019-07-14 05:00:00,0.035439104
2019-07-14 05:15:00,0.0
2019-07-14 05:30:00,0.0
2019-07-14 05:45:00,0.0
2019-07-14 06:00:00,0.0
2019-07-14 06:15:00,6.1996098
2019-07-14 06:30:00,13.38366
2019-07-14 06:45:00,102.10521
2019-07-14 07:00:00,112.95587
2019-07-14 07:15:00,374.72363
2019-07-14 07:30:00,376.72092
2019-07-14 07:45:00,734.71545
2019-07-14 08:00:00,705.849
2019-07-14 08:15:00,1105.2615
2019-07-14 08:30:00,1062.6194
2019-07-14 08:45:00,1508.2186
2019-07-14 09:00:00,1452.9867
2019-07-14 09:15:00,1954.5547
2019-07-14 09:30:00,1870.1848
2019-07-14 09:45:00,2447.2993
2019-07-14 10:00:00,2345.2146
2019-07-14 10:15:00,2789.5327
2019-07-14 10:30:00,2702.8848
2019-07-14 10:45:00,3012.8145
2019-07-14 11:00:00,2958.9785
2019-07-14 11:15:00,3230.4004
2019-07-14 11:30:00,3194.2803
2019-07-14 11:45:00,3434.079
2019-07-14 12:00:00,3382.8848
2019-07-14 12:15:00,3546.4517
2019-07-14 12:30:00,3514.0498
2019-07-14 12:45:00,3588.2358
2019-07-14 13:00:00,3585.8818
2019-07-14 13:15:00,3600.4182
2019-07-14 13:30:00,3601.8235
2019-07-14 13:45:00,3592.6602
2019-07-14 14:00:00,3591.061
2019-07-14 14:15:00,3565.1172
2019-07-14 14:30:00,3558.6523
2019-07-14 14:45:00,3507.729
2019-07-14 15:00:00,3499.1663
2019-07-14 15:15:00,3411.9558
2019-07-14 15:30:00,3409.3276
2019-07-14 15:45:00,3281.343
2019-07-14 16:00:00,3295.481
2019-07-14 16:15:00,2885.7227
2019-07-14 16:30:00,3024.8416
2019-07-14 16:45:00,1535.9421
2019-07-14 17:00:00,1481.2961
2019-07-14 17:15:00,1180.5146
2019-07-14 17:30:00,1102.6389
2019-07-14 17:45:00,949.9177
2019-07-14 18:00:00,1048.6583
2019-07-14 18:15:00,683.32465
2019-07-14 18:30:00,897.1624
2019-07-14 18:45:00,476.45248
2019-07-14 19:00:00,742.8607
2019-07-14 19:15:00,303.38007
2019-07-14 19:30:00,241.81488
2019-07-14 19:45:00,67.37447
2019-07-14 20:00:00,25.114395
2019-07-14 20:15:00,0.0
2019-07-14 20:30:00,0.0
2019-07-14 20:45:00,0.0
2019-07-14 21:00:00,0.035439104
2019-07-14 21:15:00,0.0751656
2019-07-14 21:30:00,0.098797984
2019-07-14 21:45:00,0.11328311
2019-07-14 22:00:00,0.12244816
2019-07-14 22:15:00,0.12842569
2019-07-14 22:30:00,0.13243367
2019-07-14 22:45:00,0.13518715
2019-07-14 23:00:00,0.13711794
2019-07-14 23:15:00,0.1384933
2019-07-14 23:30:00,0.13948402
2019-07-14 23:45:00,0.14020017
2019-07-15 00:00:00,0.14071389
2019-07-15 00:15:00,0.14107469
2019-07-15 00:30:00,0.23537491
2019-07-15 00:45:00,0.40143728
2019-07-15 01:00:00,0.4563652
2019-07-15 01:15:00,0.40143728
2019-07-15 01:30:00,0.23537491
2019-07-15 01:45:00,0.14107469
2019-07-15 02:00:00,0.14071389
2019-07-15 02:15:00,0.1402
2019-07-15 02:30:00,0.13948412
2019-07-15 02:45:00,0.1384933
2019-07-15 03:00:00,0.13711794
2019-07-15 03:15:00,0.13518715
2019-07-15 03:30:00,0.13243367
2019-07-15 03:45:00,0.12842569
2019-07-15 04:00:00,0.12244816
2019-07-15 04:15:00,0.11328311
2019-07-15 04:30:00,0.098797984
2019-07-15 04:45:00,0.0751656
2019-07-15 05:00:00,0.035439104
2019-07-15 05:15:00,0.0
2019-07-15 05:30:00,0.0
2019-07-15 05:45:00,0.0
2019-07-15 06:00:00,0.0
2019-07-15 06:15:00,6.1996098
2019-07-15 06:30:00,13.38366
2019-07-15 06:45:00,110.13363
2019-07-15 07:00:00,122.5188
2019-07-15 07:15:00,392.75647
2019-07-15 07:30:00,389.18204
2019-07-15 07:45:00,713.29065
2019-07-15 08:00:00,695.2279
2019-07-15 08:15:00,1044.6722
2019-07-15 08:30:00,1038.2758
2019-07-15 08:45:00,1533.3729
2019-07-15 09:00:00,1462.0657
2019-07-15 09:15:00,1991.5543
2019-07-15 09:30:00,1887.8025
2019-07-15 09:45:00,2301.377
2019-07-15 10:00:00,2266.7683
2019-07-15 10:15:00,2667.3726
2019-07-15 10:30:00,2612.7915
2019-07-15 10:45:00,2743.5784
2019-07-15 11:00:00,2725.561
2019-07-15 11:15:00,2543.8506
2019-07-15 11:30:00,2546.5813
2019-07-15 11:45:00,2386.9863
2019-07-15 12:00:00,2379.9766
2019-07-15 12:15:00,2497.784
2019-07-15 12:30:00,2486.2153
2019-07-15 12:45:00,2478.9702
2019-07-15 13:00:00,2476.5444
2019-07-15 13:15:00,2428.3506
2019-07-15 13:30:00,2433.4888
2019-07-15 13:45:00,2296.3516
2019-07-15 14:00:00,2297.7808
2019-07-15 14:15:00,2251.5535
2019-07-15 14:30:00,2247.1426
2019-07-15 14:45:00,2194.3113
2019-07-15 15:00:00,2177.3625
2019-07-15 15:15:00,2088.1445
2019-07-15 15:30:00,2069.779
2019-07-15 15:45:00,2066.606
2019-07-15 16:00:00,2019.7717
2019-07-15 16:15:00,1865.7424
2019-07-15 16:30:00,1793.3689
2019-07-15 16:45:00,1617.4559
2019-07-15 17:00:00,1630.2183
2019-07-15 17:15:00,1352.9272
2019-07-15 17:30:00,1547.2494
2019-07-15 17:45:00,1080.2351
2019-07-15 18:00:00,1585.5444
2019-07-15 18:15:00,751.79
2019-07-15 18:30:00,1212.3926
2019-07-15 18:45:00,496.7928
2019-07-15 19:00:00,764.708
2019-07-15 19:15:00,310.81113
2019-07-15 19:30:00,244.9868
2019-07-15 19:45:00,67.37447
2019-07-15 20:00:00,25.114395
2019-07-15 20:15:00,0.0
2019-07-15 20:30:00,0.0
2019-07-15 20:45:00,0.0
2019-07-15 21:00:00,0.035439104
2019-07-15 21:15:00,0.0751656
2019-07-15 21:30:00,0.098797984
2019-07-15 21:45:00,0.11328311
2019-07-15 22:00:00,0.12244816
2019-07-15 22:15:00,0.12842569
2019-07-15 22:30:00,0.13243367
2019-07-15 22:45:00,0.13518715
2019-07-15 23:00:00,0.13711794
2019-07-15 23:15:00,0.1384933
2019-07-15 23:30:00,0.13948402
2019-07-15 23:45:00,0.14020017
2019-07-16 00:00:00,0.14071389
2019-07-16 00:15:00,0.14107469
2019-07-16 00:30:00,0.23537491
2019-07-16 00:45:00,0.40143728
2019-07-16 01:00:00,0.4563652
2019-07-16 01:15:00,0.40143728
2019-07-16 01:30:00,0.23537491
2019-07-16 01:45:00,0.14107469
2019-07-16 02:00:00,0.14071389
2019-07-16 02:15:00,0.1402
2019-07-16 02:30:00,0.13948412
2019-07-16 02:45:00,0.1384933
2019-07-16 03:00:00,0.13711794
2019-07-16 03:15:00,0.13518715
2019-07-16 03:30:00,0.13243367
2019-07-16 03:45:00,0.12842569
2019-07-16 04:00:00,0.12244816
2019-07-16 04:15:00,0.11328311
2019-07-16 04:30:00,0.098797984
2019-07-16 04:45:00,0.0751656
2019-07-16 05:00:00,0.035439104
2019-07-16 05:15:00,0.0
2019-07-16 05:30:00,0.0
2019-07-16 05:45:00,0.0
2019-07-16 06:00:00,0.0
2019-07-16 06:15:00,6.113226
2019-07-16 06:30:00,12.87788
2019-07-16 06:45:00,96.11609
2019-07-16 07:00:00,105.80264
2019-07-16 07:15:00,371.09763
2019-07-16 07:30:00,374.25726
2019-07-16 07:45:00,683.3246
2019-07-16 08:00:00,682.37823
2019-07-16 08:15:00,953.5074
2019-07-16 08:30:00,1005.3823
2019-07-16 08:45:00,1383.7369
2019-07-16 09:00:00,1407.0051
2019-07-16 09:15:00,1760.0938
2019-07-16 09:30:00,1773.3792
2019-07-16 09:45:00,2037.2933
2019-07-16 10:00:00,2088.1953
2019-07-16 10:15:00,2555.7773
2019-07-16 10:30:00,2528.019
2019-07-16 10:45:00,2961.5159
2019-07-16 11:00:00,2911.823
2019-07-16 11:15:00,3197.6638
2019-07-16 11:30:00,3167.642
2019-07-16 11:45:00,3369.1116
2019-07-16 12:00:00,3343.8916
2019-07-16 12:15:00,3415.1636
2019-07-16 12:30:00,3404.1328
2019-07-16 12:45:00,3539.3591
2019-07-16 13:00:00,3532.8945
2019-07-16 13:15:00,3588.2358
2019-07-16 13:30:00,3592.7114
2019-07-16 13:45:00,3584.8154
2019-07-16 14:00:00,3585.8862
2019-07-16 14:15:00,3557.7178
2019-07-16 14:30:00,3553.9
2019-07-16 14:45:00,3503.3467
2019-07-16 15:00:00,3496.3748
2019-07-16 15:15:00,3413.94
2019-07-16 15:30:00,3410.5405
2019-07-16 15:45:00,3275.266
2019-07-16 16:00:00,3292.0366
2019-07-16 16:15:00,2950.4365
2019-07-16 16:30:00,3060.284
2019-07-16 16:45:00,2719.815
2019-07-16 17:00:00,2853.1665
2019-07-16 17:15:00,2475.1565
2019-07-16 17:30:00,2607.7026
2019-07-16 17:45:00,2044.8055
2019-07-16 18:00:00,2184.802
2019-07-16 18:15:00,1472.2805
2019-07-16 18:30:00,1511.092
2019-07-16 18:45:00,1022.02234
2019-07-16 19:00:00,962.5336
2019-07-16 19:15:00,370.25287
2019-07-16 19:30:00,275.04858
2019-07-16 19:45:00,65.99681
2019-07-16 20:00:00,23.786257
2019-07-16 20:15:00,0.0
2019-07-16 20:30:00,0.0
2019-07-16 20:45:00,0.0
2019-07-16 21:00:00,0.035439104
2019-07-16 21:15:00,0.0751656
2019-07-16 21:30:00,0.098797984
2019-07-16 21:45:00,0.11328311
2019-07-16 22:00:00,0.12244816
2019-07-16 22:15:00,0.12842569
2019-07-16 22:30:00,0.13243367
2019-07-16 22:45:00,0.13518715
2019-07-16 23:00:00,0.13711794
2019-07-16 23:15:00,0.1384933
2019-07-16 23:30:00,0.13948402
2019-07-16 23:45:00,0.14020017
2019-07-17 00:00:00,0.14071389
2019-07-17 00:15:00,0.14107469
2019-07-17 00:30:00,0.23537491
2019-07-17 00:45:00,0.40143728
2019-07-17 01:00:00,0.4563652
2019-07-17 01:15:00,0.40143728
2019-07-17 01:30:00,0.23537491
2019-07-17 01:45:00,0.14107469
2019-07-17 02:00:00,0.14071389
2019-07-17 02:15:00,0.1402
2019-07-17 02:30:00,0.13948412
2019-07-17 02:45:00,0.1384933
2019-07-17 03:00:00,0.13711794
2019-07-17 03:15:00,0.13518715
2019-07-17 03:30:00,0.13243367
2019-07-17 03:45:00,0.12842569
2019-07-17 04:00:00,0.12244816
2019-07-17 04:15:00,0.11328311
2019-07-17 04:30:00,0.098797984
2019-07-17 04:45:00,0.0751656
2019-07-17 05:00:00,0.035439104
2019-07-17 05:15:00,0.0
2019-07-17 05:30:00,0.0
2019-07-17 05:45:00,0.0
2019-07-17 06:00:00,0.0
2019-07-17 06:15:00,6.113226
2019-07-17 06:30:00,12.87788
2019-07-17 06:45:00,96.11609
2019-07-17 07:00:00,105.80264
2019-07-17 07:15:00,349.2104
2019-07-17 07:30:00,363.1463
2019-07-17 07:45:00,617.12646
2019-07-17 08:00:00,656.8286
2019-07-17 08:15:00,989.40466
2019-07-17 08:30:00,1016.8617
2019-07-17 08:45:00,1435.8678
2019-07-17 09:00:00,1427.5479
2019-07-17 09:15:00,1699.422
2019-07-17 09:30:00,1734.2336
2019-07-17 09:45:00,2008.7556
2019-07-17 10:00:00,2066.0913
2019-07-17 10:15:00,2550.6948
2019-07-17 10:30:00,2523.9119
2019-07-17 10:45:00,2907.8354
2019-07-17 11:00:00,2867.3828
2019-07-17 11:15:00,2915.2017
2019-07-17 11:30:00,2912.9858
2019-07-17 11:45:00,2957.3079
2019-07-17 12:00:00,2957.5757
2019-07-17 12:15:00,3160.8652
2019-07-17 12:30:00,3157.7837
2019-07-17 12:45:00,3335.816
2019-07-17 13:00:00,3334.1992
2019-07-17 13:15:00,3384.6775
2019-07-17 13:30:00,3390.3828
2019-07-17 13:45:00,3360.6963
2019-07-17 14:00:00,3374.8628
2019-07-17 14:15:00,3563.986
2019-07-17 14:30:00,3557.9165
2019-07-17 14:45:00,3511.7842
2019-07-17 15:00:00,3501.7678
2019-07-17 15:15:00,3424.941
2019-07-17 15:30:00,3417.3735
2019-07-17 15:45:00,3305.5688
2019-07-17 16:00:00,3309.3787
2019-07-17 16:15:00,3105.0127
2019-07-17 16:30:00,3158.9575
2019-07-17 16:45:00,2527.8916
2019-07-17 17:00:00,2689.9146
2019-07-17 17:15:00,2271.0952
2019-07-17 17:30:00,2419.498
2019-07-17 17:45:00,2110.2832
2019-07-17 18:00:00,2232.8428
2019-07-17 18:15:00,1650.0309
2019-07-17 18:30:00,1729.7871
2019-07-17 18:45:00,1115.0494
2019-07-17 19:00:00,1062.3887
2019-07-17 19:15:00,434.6682
2019-07-17 19:30:00,324.86505
2019-07-17 19:45:00,70.11227
2019-07-17 20:00:00,27.809086
2019-07-17 20:15:00,0.0
2019-07-17 20:30:00,0.0
2019-07-17 20:45:00,0.0
2019-07-17 21:00:00,0.035439104
2019-07-17 21:15:00,0.0751656
2019-07-17 21:30:00,0.098797984
2019-07-17 21:45:00,0.11328311
2019-07-17 22:00:00,0.12244816
2019-07-17 22:15:00,0.12842569
2019-07-17 22:30:00,0.13243367
2019-07-17 22:45:00,0.13518715
2019-07-17 23:00:00,0.13711794
2019-07-17 23:15:00,0.1384933
2019-07-17 23:30:00,0.13948402
2019-07-17 23:45:00,0.14020017
2019-07-18 00:00:00,0.14071389
2019-07-18 00:15:00,0.14107469
2019-07-18 00:30:00,0.23537491
2019-07-18 00:45:00,0.40143728
2019-07-18 01:00:00,0.4563652
2019-07-18 01:15:00,0.40143728
2019-07-18 01:30:00,0.23537491
2019-07-18 01:45:00,0.14107469
2019-07-18 02:00:00,0.14071389
2019-07-18 02:15:00,0.1402
2019-07-18 02:30:00,0.13948412
2019-07-18 02:45:00,0.1384933
2019-07-18 03:00:00,0.13711794
2019-07-18 03:15:00,0.13518715
2019-07-18 03:30:00,0.13243367
2019-07-18 03:45:00,0.12842569
2019-07-18 04:00:00,0.12244816
2019-07-18 04:15:00,0.11328311
2019-07-18 04:30:00,0.098797984
2019-07-18 04:45:00,0.0751656
2019-07-18 05:00:00,0.035439104
2019-07-18 05:15:00,0.0
2019-07-18 05:30:00,0.0
2019-07-18 05:45:00,0.0
2019-07-18 06:00:00,0.0
2019-07-18 06:15:00,6.0242677
2019-07-18 06:30:00,12.366449
2019-07-18 06:45:00,96.11609
2019-07-18 07:00:00,105.80264
2019-07-18 07:15:00,360.17938
2019-07-18 07:30:00,367.57904
2019-07-18 07:45:00,691.84015
2019-07-18 08:00:00,685.8263
2019-07-18 08:15:00,1033.5933
2019-07-18 08:30:00,1033.8995
2019-07-18 08:45:00,1372.7689
2019-07-18 09:00:00,1402.179
2019-07-18 09:15:00,1744.6438
2019-07-18 09:30:00,1763.8489
2019-07-18 09:45:00,2110.9656
2019-07-18 10:00:00,2143.2866
2019-07-18 10:15:00,2535.646
2019-07-18 10:30:00,2511.6694
2019-07-18 10:45:00,2772.5916
2019-07-18 11:00:00,2751.8179
2019-07-18 11:15:00,2945.413
2019-07-18 11:30:00,2941.8184
2019-07-18 11:45:00,3247.4092
2019-07-18 12:00:00,3234.6147
2019-07-18 12:15:00,3364.3413
2019-07-18 12:30:00,3355.1677
2019-07-18 12:45:00,3445.0464
2019-07-18 13:00:00,3442.6738
2019-07-18 13:15:00,3441.654
2019-07-18 13:30:00,3449.8154
2019-07-18 13:45:00,3448.0312
2019-07-18 14:00:00,3496.3545
2019-07-18 14:15:00,3553.3462
2019-07-18 14:30:00,3551.204
2019-07-18 14:45:00,3507.729
2019-07-18 15:00:00,3499.1663
2019-07-18 15:15:00,3426.6387
2019-07-18 15:30:00,3418.4412
2019-07-18 15:45:00,3300.5862
2019-07-18 16:00:00,3306.4958
2019-07-18 16:15:00,3114.1855
2019-07-18 16:30:00,3164.0266
2019-07-18 16:45:00,2830.668
2019-07-18 17:00:00,2963.9504
2019-07-18 17:15:00,2508.0752
2019-07-18 17:30:00,2651.3552
2019-07-18 17:45:00,2152.395
2019-07-18 18:00:00,2263.142
2019-07-18 18:15:00,1656.8352
2019-07-18 18:30:00,1737.5719
2019-07-18 18:45:00,1137.0969
2019-07-18 19:00:00,1092.3634
2019-07-18 19:15:00,476.7316
2019-07-18 19:30:00,370.07364
2019-07-18 19:45:00,70.11227
2019-07-18 20:00:00,27.809086
2019-07-18 20:15:00,0.0
2019-07-18 20:30:00,0.0
2019-07-18 20:45:00,0.0
2019-07-18 21:00:00,0.035439104
2019-07-18 21:15:00,0.0751656
2019-07-18 21:30:00,0.098797984
2019-07-18 21:45:00,0.11328311
2019-07-18 22:00:00,0.12244816
2019-07-18 22:15:00,0.12842569
2019-07-18 22:30:00,0.13243367
2019-07-18 22:45:00,0.13518715
2019-07-18 23:00:00,0.13711794
2019-07-18 23:15:00,0.1384933
2019-07-18 23:30:00,0.13948402
2019-07-18 23:45:00,0.14020017
2019-07-19 00:00:00,0.14071389
2019-07-19 00:15:00,0.14107469
2019-07-19 00:30:00,0.23537491
2019-07-19 00:45:00,0.40143728
2019-07-19 01:00:00,0.4563652
2019-07-19 01:15:00,0.40143728
2019-07-19 01:30:00,0.23537491
2019-07-19 01:45:00,0.14107469
2019-07-19 02:00:00,0.14071389
2019-07-19 02:15:00,0.1402
2019-07-19 02:30:00,0.13948412
2019-07-19 02:45:00,0.1384933
2019-07-19 03:00:00,0.13711794
2019-07-19 03:15:00,0.13518715
2019-07-19 03:30:00,0.13243367
2019-07-19 03:45:00,0.12842569
2019-07-19 04:00:00,0.12244816
2019-07-19 04:15:00,0.11328311
2019-07-19 04:30:00,0.098797984
2019-07-19 04:45:00,0.0751656
2019-07-19 05:00:00,0.035439104
2019-07-19 05:15:00,0.0
2019-07-19 05:30:00,0.0
2019-07-19 05:45:00,0.0
2019-07-19 06:00:00,0.0
2019-07-19 06:15:00,5.932754
2019-07-19 06:30:00,11.8494
2019-07-19 06:45:00,84.08465
2019-07-19 07:00:00,91.416405
2019-07-19 07:15:00,319.95886
2019-07-19 07:30:00,349.8671
2019-07-19 07:45:00,635.03296
2019-07-19 08:00:00,664.13763
2019-07-19 08:15:00,926.4772
2019-07-19 08:30:00,1000.7743
2019-07-19 08:45:00,1285.5408
2019-07-19 09:00:00,1360.3472
2019-07-19 09:15:00,1707.8301
2019-07-19 09:30:00,1739.8931
2019-07-19 09:45:00,2041.5425
2019-07-19 10:00:00,2091.448
2019-07-19 10:15:00,2540.6306
2019-07-19 10:30:00,2515.7363
2019-07-19 10:45:00,2869.3503
2019-07-19 11:00:00,2836.005
2019-07-19 11:15:00,3046.016
2019-07-19 11:30:00,3033.5903
2019-07-19 11:45:00,3247.4092
2019-07-19 12:00:00,3234.6147
2019-07-19 12:15:00,3327.4062
2019-07-19 12:30:00,3319.2593
2019-07-19 12:45:00,3441.654
2019-07-19 13:00:00,3439.3655
2019-07-19 13:15:00,3262.7053
2019-07-19 13:30:00,3265.9648
2019-07-19 13:45:00,2934.7861
2019-07-19 14:00:00,2936.3372
2019-07-19 14:15:00,3021.6025
2019-07-19 14:30:00,3022.3672
2019-07-19 14:45:00,2937.8125
2019-07-19 15:00:00,2958.9785
2019-07-19 15:15:00,3135.7793
2019-07-19 15:30:00,3337.0684
2019-07-19 15:45:00,3135.4075
2019-07-19 16:00:00,3233.4624
2019-07-19 16:15:00,2965.1653
2019-07-19 16:30:00,3069.7112
2019-07-19 16:45:00,2770.7864
2019-07-19 17:00:00,2910.0403
2019-07-19 17:15:00,2486.21
2019-07-19 17:30:00,2622.1104
2019-07-19 17:45:00,2117.406
2019-07-19 18:00:00,2237.9604
2019-07-19 18:15:00,1562.4078
2019-07-19 18:30:00,1620.4812
2019-07-19 18:45:00,1057.104
2019-07-19 19:00:00,994.2811
2019-07-19 19:15:00,421.2523
2019-07-19 19:30:00,312.56122
2019-07-19 19:45:00,67.37447
2019-07-19 20:00:00,25.114395
2019-07-19 20:15:00,0.0
2019-07-19 20:30:00,0.0
2019-07-19 20:45:00,0.0
2019-07-19 21:00:00,0.035439104
2019-07-19 21:15:00,0.0751656
2019-07-19 21:30:00,0.098797984
2019-07-19 21:45:00,0.11328311
2019-07-19 22:00:00,0.12244816
2019-07-19 22:15:00,0.12842569
2019-07-19 22:30:00,0.13243367
2019-07-19 22:45:00,0.13518715
2019-07-19 23:00:00,0.13711794
2019-07-19 23:15:00,0.1384933
2019-07-19 23:30:00,0.13948402
2019-07-19 23:45:00,0.14020017
2019-07-20 00:00:00,0.14071389
2019-07-20 00:15:00,0.14107469
2019-07-20 00:30:00,0.23537491
2019-07-20 00:45:00,0.40143728
2019-07-20 01:00:00,0.4563652
2019-07-20 01:15:00,0.40143728
2019-07-20 01:30:00,0.23537491
2019-07-20 01:45:00,0.14107469
2019-07-20 02:00:00,0.14071389
2019-07-20 02:15:00,0.1402
2019-07-20 02:30:00,0.13948412
2019-07-20 02:45:00,0.1384933
2019-07-20 03:00:00,0.13711794
2019-07-20 03:15:00,0.13518715
2019-07-20 03:30:00,0.13243367
2019-07-20 03:45:00,0.12842569
2019-07-20 04:00:00,0.12244816
2019-07-20 04:15:00,0.11328311
2019-07-20 04:30:00,0.098797984
2019-07-20 04:45:00,0.0751656
2019-07-20 05:00:00,0.035439104
2019-07-20 05:15:00,0.0
2019-07-20 05:30:00,0.0
2019-07-20 05:45:00,0.0
2019-07-20 06:00:00,0.0
2019-07-20 06:15:00,5.932754
2019-07-20 06:30:00,11.8494
2019-07-20 06:45:00,84.08465
2019-07-20 07:00:00,91.416405
2019-07-20 07:15:00,327.24176
2019-07-20 07:30:00,353.42792
2019-07-20 07:45:00,594.58673
2019-07-20 08:00:00,645.6864
2019-07-20 08:15:00,856.7796
2019-07-20 08:30:00,1006.6145
2019-07-20 08:45:00,1211.9255
2019-07-20 09:00:00,1361.976
2019-07-20 09:15:00,1668.2014
2019-07-20 09:30:00,1712.9656
2019-07-20 09:45:00,2067.9827
2019-07-20 10:00:00,2111.48
2019-07-20 10:15:00,2482.5676
2019-07-20 10:30:00,2467.8335
2019-07-20 10:45:00,2631.3936
2019-07-20 11:00:00,2623.195
2019-07-20 11:15:00,2772.392
2019-07-20 11:30:00,2774.3984
2019-07-20 11:45:00,3108.726
2019-07-20 12:00:00,3106.7275
2019-07-20 12:15:00,3231.748
2019-07-20 12:30:00,3227.5034
2019-07-20 12:45:00,3398.3047
2019-07-20 13:00:00,3396.3809
2019-07-20 13:15:00,3394.9185
2019-07-20 13:30:00,3400.709
2019-07-20 13:45:00,3434.9258
2019-07-20 14:00:00,3477.4678
2019-07-20 14:15:00,3490.2605
2019-07-20 14:30:00,3526.0063
2019-07-20 14:45:00,3504.8457
2019-07-20 15:00:00,3497.3276
2019-07-20 15:15:00,3421.433
2019-07-20 15:30:00,3415.1797
2019-07-20 15:45:00,3303.104
2019-07-20 16:00:00,3307.9507
2019-07-20 16:15:00,3123.07
2019-07-20 16:30:00,3168.8506
2019-07-20 16:45:00,2849.3071
2019-07-20 17:00:00,2977.8936
2019-07-20 17:15:00,2529.8499
2019-07-20 17:30:00,2680.6814
2019-07-20 17:45:00,2186.1602
2019-07-20 18:00:00,2288.056
2019-07-20 18:15:00,1623.5525
2019-07-20 18:30:00,1698.4
2019-07-20 18:45:00,1087.3292
2019-07-20 19:00:00,1027.5886
2019-07-20 19:15:00,430.25858
2019-07-20 19:30:00,320.7044
2019-07-20 19:45:00,70.11227
2019-07-20 20:00:00,27.809086
2019-07-20 20:15:00,0.0
2019-07-20 20:30:00,0.0
2019-07-20 20:45:00,0.0
2019-07-20 21:00:00,0.035439104
2019-07-20 21:15:00,0.0751656
2019-07-20 21:30:00,0.098797984
2019-07-20 21:45:00,0.11328311
2019-07-20 22:00:00,0.12244816
2019-07-20 22:15:00,0.12842569
2019-07-20 22:30:00,0.13243367
2019-07-20 22:45:00,0.13518715
2019-07-20 23:00:00,0.13711794
2019-07-20 23:15:00,0.1384933
2019-07-20 23:30:00,0.13948402
2019-07-20 23:45:00,0.14020017
2019-07-21 00:00:00,0.14071389
2019-07-21 00:15:00,0.14107469
2019-07-21 00:30:00,0.23537491
2019-07-21 00:45:00,0.40143728
2019-07-21 01:00:00,0.4563652
2019-07-21 01:15:00,0.40143728
2019-07-21 01:30:00,0.23537491
2019-07-21 01:45:00,0.14107469
2019-07-21 02:00:00,0.14071389
2019-07-21 02:15:00,0.1402
2019-07-21 02:30:00,0.13948412
2019-07-21 02:45:00,0.1384933
2019-07-21 03:00:00,0.13711794
2019-07-21 03:15:00,0.13518715
2019-07-21 03:30:00,0.13243367
2019-07-21 03:45:00,0.12842569
2019-07-21 04:00:00,0.12244816
2019-07-21 04:15:00,0.11328311
2019-07-21 04:30:00,0.098797984
2019-07-21 04:45:00,0.0751656
2019-07-21 05:00:00,0.035439104
2019-07-21 05:15:00,0.0
2019-07-21 05:30:00,0.0
2019-07-21 05:45:00,0.0
2019-07-21 06:00:00,0.0
2019-07-21 06:15:00,5.8386846
2019-07-21 06:30:00,11.3266735
2019-07-21 06:45:00,90.116165
2019-07-21 07:00:00,98.63216
2019-07-21 07:15:00,363.82495
2019-07-21 07:30:00,369.3411
2019-07-21 07:45:00,627.6897
2019-07-21 08:00:00,661.2466
2019-07-21 08:15:00,886.3933
2019-07-21 08:30:00,1003.23676
2019-07-21 08:45:00,1188.8955
2019-07-21 09:00:00,1379.209
2019-07-21 09:15:00,1531.8645
2019-07-21 09:30:00,1670.5404
2019-07-21 09:45:00,1818.6543
2019-07-21 10:00:00,1920.0708
2019-07-21 10:15:00,2129.2275
2019-07-21 10:30:00,2148.2817
2019-07-21 10:45:00,2511.1465
2019-07-21 11:00:00,2510.53
2019-07-21 11:15:00,2603.0425
2019-07-21 11:30:00,2606.6309
2019-07-21 11:45:00,2463.5942
2019-07-21 12:00:00,2450.3333
2019-07-21 12:15:00,2416.0098
2019-07-21 12:30:00,2409.165
2019-07-21 12:45:00,2783.6506
2019-07-21 13:00:00,2782.8867
2019-07-21 13:15:00,2787.1724
2019-07-21 13:30:00,2789.0671
2019-07-21 13:45:00,3238.9285
2019-07-21 14:00:00,3246.1487
2019-07-21 14:15:00,3567.274
2019-07-21 14:30:00,3560.0586
2019-07-21 14:45:00,3515.5503
2019-07-21 15:00:00,3504.1838
2019-07-21 15:15:00,3433.0947
2019-07-21 15:30:00,3422.526
2019-07-21 15:45:00,3317.1353
2019-07-21 16:00:00,3316.149
2019-07-21 16:15:00,3143.9868
2019-07-21 16:30:00,3179.9263
2019-07-21 16:45:00,2880.7183
2019-07-21 17:00:00,2998.8914
2019-07-21 17:15:00,2214.5618
2019-07-21 17:30:00,2391.902
2019-07-21 17:45:00,989.40466
2019-07-21 18:00:00,1189.8494
2019-07-21 18:15:00,791.00684
2019-07-21 18:30:00,1275.4822
2019-07-21 18:45:00,568.468
2019-07-21 19:00:00,809.5509
2019-07-21 19:15:00,310.81113
2019-07-21 19:30:00,244.9868
2019-07-21 19:45:00,60.396008
2019-07-21 20:00:00,18.594774
2019-07-21 20:15:00,0.0
2019-07-21 20:30:00,0.0
2019-07-21 20:45:00,0.0
2019-07-21 21:00:00,0.035439104
2019-07-21 21:15:00,0.0751656
2019-07-21 21:30:00,0.098797984
2019-07-21 21:45:00,0.11328311
2019-07-21 22:00:00,0.12244816
2019-07-21 22:15:00,0.12842569
2019-07-21 22:30:00,0.13243367
2019-07-21 22:45:00,0.13518715
2019-07-21 23:00:00,0.13711794
2019-07-21 23:15:00,0.1384933
2019-07-21 23:30:00,0.13948402
2019-07-21 23:45:00,0.14020017
2019-07-22 00:00:00,0.14071389
2019-07-22 00:15:00,0.14107469
2019-07-22 00:30:00,0.23537491
2019-07-22 00:45:00,0.40143728
2019-07-22 01:00:00,0.4563652
2019-07-22 01:15:00,0.40143728
2019-07-22 01:30:00,0.23537491
2019-07-22 01:45:00,0.14107469
2019-07-22 02:00:00,0.14071389
2019-07-22 02:15:00,0.1402
2019-07-22 02:30:00,0.13948412
2019-07-22 02:45:00,0.1384933
2019-07-22 03:00:00,0.13711794
2019-07-22 03:15:00,0.13518715
2019-07-22 03:30:00,0.13243367
2019-07-22 03:45:00,0.12842569
2019-07-22 04:00:00,0.12244816
2019-07-22 04:15:00,0.11328311
2019-07-22 04:30:00,0.098797984
2019-07-22 04:45:00,0.0751656
2019-07-22 05:00:00,0.035439104
2019-07-22 05:15:00,0.0
2019-07-22 05:30:00,0.0
2019-07-22 05:45:00,0.0
2019-07-22 06:00:00,0.0
2019-07-22 06:15:00,5.8386846
2019-07-22 06:30:00,11.3266735
2019-07-22 06:45:00,88.10991
2019-07-22 07:00:00,96.233154
2019-07-22 07:15:00,341.88235
2019-07-22 07:30:00,360.0518
2019-07-22 07:45:00,666.5719
2019-07-22 08:00:00,675.93115
2019-07-22 08:15:00,1028.2222
2019-07-22 08:30:00,1031.7827
2019-07-22 08:45:00,1295.1512
2019-07-22 09:00:00,1364.456
2019-07-22 09:15:00,1563.8301
2019-07-22 09:30:00,1660.2356
2019-07-22 09:45:00,1820.649
2019-07-22 10:00:00,1926.7598
2019-07-22 10:15:00,2069.0176
2019-07-22 10:30:00,2093.4375
2019-07-22 10:45:00,2173.3345
2019-07-22 11:00:00,2185.1348
2019-07-22 11:15:00,2208.0713
2019-07-22 11:30:00,2217.995
2019-07-22 11:45:00,2095.9312
2019-07-22 12:00:00,2091.484
2019-07-22 12:15:00,2112.2412
2019-07-22 12:30:00,2108.639
2019-07-22 12:45:00,2278.4353
2019-07-22 13:00:00,2278.0327
2019-07-22 13:15:00,2265.5977
2019-07-22 13:30:00,2266.6687
2019-07-22 13:45:00,2099.7297
2019-07-22 14:00:00,2104.0942
2019-07-22 14:15:00,1902.1064
2019-07-22 14:30:00,1910.9475
2019-07-22 14:45:00,1936.4722
2019-07-22 15:00:00,1948.4862
2019-07-22 15:15:00,2241.5571
2019-07-22 15:30:00,2238.6675
2019-07-22 15:45:00,2459.3672
2019-07-22 16:00:00,2510.3022
2019-07-22 16:15:00,3080.863
2019-07-22 16:30:00,3145.1074
2019-07-22 16:45:00,2880.7183
2019-07-22 17:00:00,2998.8914
2019-07-22 17:15:00,2546.313
2019-07-22 17:30:00,2702.352
2019-07-22 17:45:00,2192.748
2019-07-22 18:00:00,2293.0603
2019-07-22 18:15:00,1684.7507
2019-07-22 18:30:00,1768.3066
2019-07-22 18:45:00,1158.6459
2019-07-22 19:00:00,1122.9976
2019-07-22 19:15:00,489.02197
2019-07-22 19:30:00,385.02643
2019-07-22 19:45:00,70.11227
2019-07-22 20:00:00,27.809086
2019-07-22 20:15:00,0.0
2019-07-22 20:30:00,0.0
2019-07-22 20:45:00,0.0
2019-07-22 21:00:00,0.035439104
2019-07-22 21:15:00,0.0751656
2019-07-22 21:30:00,0.098797984
2019-07-22 21:45:00,0.11328311
2019-07-22 22:00:00,0.12244816
2019-07-22 22:15:00,0.12842569
2019-07-22 22:30:00,0.13243367
2019-07-22 22:45:00,0.13518715
2019-07-22 23:00:00,0.13711794
2019-07-22 23:15:00,0.1384933
2019-07-22 23:30:00,0.13948402
2019-07-22 23:45:00,0.14020017
2019-07-23 00:00:00,0.14071389
2019-07-23 00:15:00,0.14107469
2019-07-23 00:30:00,0.23537491
2019-07-23 00:45:00,0.40143728
2019-07-23 01:00:00,0.4563652
2019-07-23 01:15:00,0.40143728
2019-07-23 01:30:00,0.23537491
2019-07-23 01:45:00,0.14107469
2019-07-23 02:00:00,0.14071389
2019-07-23 02:15:00,0.1402
2019-07-23 02:30:00,0.13948412
2019-07-23 02:45:00,0.1384933
2019-07-23 03:00:00,0.13711794
2019-07-23 03:15:00,0.13518715
2019-07-23 03:30:00,0.13243367
2019-07-23 03:45:00,0.12842569
2019-07-23 04:00:00,0.12244816
2019-07-23 04:15:00,0.11328311
2019-07-23 04:30:00,0.098797984
2019-07-23 04:45:00,0.0751656
2019-07-23 05:00:00,0.035439104
2019-07-23 05:15:00,0.0
2019-07-23 05:30:00,0.0
2019-07-23 05:45:00,0.0
2019-07-23 06:00:00,0.0
2019-07-23 06:15:00,5.7420835
2019-07-23 06:30:00,10.798216
2019-07-23 06:45:00,78.00807
2019-07-23 07:00:00,84.13322
2019-07-23 07:15:00,330.89554
2019-07-23 07:30:00,355.14377
2019-07-23 07:45:00,658.39996
2019-07-23 08:00:00,672.8869
2019-07-23 08:15:00,1003.1084
2019-07-23 08:30:00,1022.00415
2019-07-23 08:45:00,1395.4927
2019-07-23 09:00:00,1411.9583
2019-07-23 09:15:00,1814.0813
2019-07-23 09:30:00,1803.8486
2019-07-23 09:45:00,2277.1272
2019-07-23 10:00:00,2253.1035
2019-07-23 10:15:00,2685.9753
2019-07-23 10:30:00,2625.9224
2019-07-23 10:45:00,2985.0928
2019-07-23 11:00:00,2932.8325
2019-07-23 11:15:00,3202.6982
2019-07-23 11:30:00,3172.0652
2019-07-23 11:45:00,3386.1929
2019-07-23 12:00:00,3355.4207
2019-07-23 12:15:00,3494.916
2019-07-23 12:30:00,3465.8086
2019-07-23 12:45:00,3553.1023
2019-07-23 13:00:00,3547.1309
2019-07-23 13:15:00,3578.2695
2019-07-23 13:30:00,3585.6743
2019-07-23 13:45:00,3576.0547
2019-07-23 14:00:00,3580.6973
2019-07-23 14:15:00,3548.343
2019-07-23 14:30:00,3548.2803
2019-07-23 14:45:00,3489.5198
2019-07-23 15:00:00,3487.9282
2019-07-23 15:15:00,3401.249
2019-07-23 15:30:00,3402.9058
2019-07-23 15:45:00,3272.118
2019-07-23 16:00:00,3290.2593
2019-07-23 16:15:00,3065.57
2019-07-23 16:30:00,3135.9207
2019-07-23 16:45:00,2776.599
2019-07-23 17:00:00,2915.924
2019-07-23 17:15:00,2458.3384
2019-07-23 17:30:00,2586.53
2019-07-23 17:45:00,2095.9307
2019-07-23 18:00:00,2222.498
2019-07-23 18:15:00,1610.7618
2019-07-23 18:30:00,1682.6423
2019-07-23 18:45:00,1119.517
2019-07-23 19:00:00,1068.32
2019-07-23 19:15:00,464.36755
2019-07-23 19:30:00,355.78708
2019-07-23 19:45:00,65.99681
2019-07-23 20:00:00,23.786257
2019-07-23 20:15:00,0.0
2019-07-23 20:30:00,0.0
2019-07-23 20:45:00,0.0
2019-07-23 21:00:00,0.035439104
2019-07-23 21:15:00,0.0751656
2019-07-23 21:30:00,0.098797984
2019-07-23 21:45:00,0.11328311
2019-07-23 22:00:00,0.12244816
2019-07-23 22:15:00,0.12842569
2019-07-23 22:30:00,0.13243367
2019-07-23 22:45:00,0.13518715
2019-07-23 23:00:00,0.13711794
2019-07-23 23:15:00,0.1384933
2019-07-23 23:30:00,0.13948402
2019-07-23 23:45:00,0.14020017
2019-07-24 00:00:00,0.14071389
2019-07-24 00:15:00,0.14107469
2019-07-24 00:30:00,0.23537491
2019-07-24 00:45:00,0.40143728
2019-07-24 01:00:00,0.4563652
2019-07-24 01:15:00,0.40143728
2019-07-24 01:30:00,0.23537491
2019-07-24 01:45:00,0.14107469
2019-07-24 02:00:00,0.14071389
2019-07-24 02:15:00,0.1402
2019-07-24 02:30:00,0.13948412
2019-07-24 02:45:00,0.1384933
2019-07-24 03:00:00,0.13711794
2019-07-24 03:15:00,0.13518715
2019-07-24 03:30:00,0.13243367
2019-07-24 03:45:00,0.12842569
2019-07-24 04:00:00,0.12244816
2019-07-24 04:15:00,0.11328311
2019-07-24 04:30:00,0.098797984
2019-07-24 04:45:00,0.0751656
2019-07-24 05:00:00,0.035439104
2019-07-24 05:15:00,0.0
2019-07-24 05:30:00,0.0
2019-07-24 05:45:00,0.0
2019-07-24 06:00:00,0.0
2019-07-24 06:15:00,5.7420835
2019-07-24 06:30:00,10.798216
2019-07-24 06:45:00,78.00807
2019-07-24 07:00:00,84.13322
2019-07-24 07:15:00,327.24176
2019-07-24 07:30:00,353.42792
2019-07-24 07:45:00,642.6089
2019-07-24 08:00:00,667.02075
2019-07-24 08:15:00,972.574
2019-07-24 08:30:00,1010.98
2019-07-24 08:45:00,1343.9073
2019-07-24 09:00:00,1388.5273
2019-07-24 09:15:00,1760.0938
2019-07-24 09:30:00,1773.3792
2019-07-24 09:45:00,2226.223
2019-07-24 10:00:00,2222.402
2019-07-24 10:15:00,2625.8015
2019-07-24 10:30:00,2582.5718
2019-07-24 10:45:00,2883.5898
2019-07-24 11:00:00,2847.7083
2019-07-24 11:15:00,3095.3145
2019-07-24 11:30:00,3075.716
2019-07-24 11:45:00,3276.7214
2019-07-24 12:00:00,3261.7012
2019-07-24 12:15:00,3393.188
2019-07-24 12:30:00,3383.4375
2019-07-24 12:45:00,3424.9941
2019-07-24 13:00:00,3422.956
2019-07-24 13:15:00,3293.8628
2019-07-24 13:30:00,3297.7993
2019-07-24 13:45:00,3238.9285
2019-07-24 14:00:00,3246.1487
2019-07-24 14:15:00,3213.9795
2019-07-24 14:30:00,3234.1875
2019-07-24 14:45:00,3322.4143
2019-07-24 15:00:00,3442.4648
2019-07-24 15:15:00,3309.709
2019-07-24 15:30:00,3367.9556
2019-07-24 15:45:00,3108.849
2019-07-24 16:00:00,3227.2493
2019-07-24 16:15:00,2797.149
2019-07-24 16:30:00,2986.278
2019-07-24 16:45:00,2471.3354
2019-07-24 17:00:00,2672.3616
2019-07-24 17:15:00,1885.4812
2019-07-24 17:30:00,2321.7021
2019-07-24 17:45:00,1323.4243
2019-07-24 18:00:00,1848.1785
2019-07-24 18:15:00,1396.8662
2019-07-24 18:30:00,1456.7671
2019-07-24 18:45:00,687.4057
2019-07-24 19:00:00,847.0825
2019-07-24 19:15:00,364.37347
2019-07-24 19:30:00,271.5567
2019-07-24 19:45:00,60.396008
2019-07-24 20:00:00,18.594774
2019-07-24 20:15:00,0.0
2019-07-24 20:30:00,0.0
2019-07-24 20:45:00,0.0
2019-07-24 21:00:00,0.035439104
2019-07-24 21:15:00,0.0751656
2019-07-24 21:30:00,0.098797984
2019-07-24 21:45:00,0.11328311
2019-07-24 22:00:00,0.12244816
2019-07-24 22:15:00,0.12842569
2019-07-24 22:30:00,0.13243367
2019-07-24 22:45:00,0.13518715
2019-07-24 23:00:00,0.13711794
2019-07-24 23:15:00,0.1384933
2019-07-24 23:30:00,0.13948402
2019-07-24 23:45:00,0.14020017
2019-07-25 00:00:00,0.14071389
2019-07-25 00:15:00,0.14107469
2019-07-25 00:30:00,0.23537491
2019-07-25 00:45:00,0.40143728
2019-07-25 01:00:00,0.4563652
2019-07-25 01:15:00,0.40143728
2019-07-25 01:30:00,0.23537491
2019-07-25 01:45:00,0.14107469
2019-07-25 02:00:00,0.14071389
2019-07-25 02:15:00,0.1402
2019-07-25 02:30:00,0.13948412
2019-07-25 02:45:00,0.1384933
2019-07-25 03:00:00,0.13711794
2019-07-25 03:15:00,0.13518715
2019-07-25 03:30:00,0.13243367
2019-07-25 03:45:00,0.12842569
2019-07-25 04:00:00,0.12244816
2019-07-25 04:15:00,0.11328311
2019-07-25 04:30:00,0.098797984
2019-07-25 04:45:00,0.0751656
2019-07-25 05:00:00,0.035439104
2019-07-25 05:15:00,0.0
2019-07-25 05:30:00,0.0
2019-07-25 05:45:00,0.0
2019-07-25 06:00:00,0.0
2019-07-25 06:15:00,5.7420835
2019-07-25 06:30:00,10.798216
2019-07-25 06:45:00,71.87804
2019-07-25 07:00:00,77.563614
2019-07-25 07:15:00,287.99786
2019-07-25 07:30:00,331.60214
2019-07-25 07:45:00,580.19794
2019-07-25 08:00:00,636.6586
2019-07-25 08:15:00,902.59045
2019-07-25 08:30:00,1001.0208
2019-07-25 08:45:00,1253.4756
2019-07-25 09:00:00,1351.8495
2019-07-25 09:15:00,1510.9882
2019-07-25 09:30:00,1692.9357
2019-07-25 09:45:00,1818.71
2019-07-25 10:00:00,1921.1399
2019-07-25 10:15:00,1958.9303
2019-07-25 10:30:00,1966.4319
2019-07-25 10:45:00,1966.4409
2019-07-25 11:00:00,1959.9807
2019-07-25 11:15:00,2158.965
2019-07-25 11:30:00,2164.5513
2019-07-25 11:45:00,2187.1191
2019-07-25 12:00:00,2186.1348
2019-07-25 12:15:00,2395.8108
2019-07-25 12:30:00,2390.4087
2019-07-25 12:45:00,2776.59
2019-07-25 13:00:00,2775.8071
2019-07-25 13:15:00,2665.2534
2019-07-25 13:30:00,2669.2402
2019-07-25 13:45:00,2352.8535
2019-07-25 14:00:00,2356.3772
2019-07-25 14:15:00,2268.7354
2019-07-25 14:30:00,2263.8503
2019-07-25 14:45:00,2350.4448
2019-07-25 15:00:00,2356.5354
2019-07-25 15:15:00,2436.7197
2019-07-25 15:30:00,2437.016
2019-07-25 15:45:00,2323.4006
2019-07-25 16:00:00,2319.6313
2019-07-25 16:15:00,2033.0895
2019-07-25 16:30:00,2049.7725
2019-07-25 16:45:00,2036.988
2019-07-25 17:00:00,2510.1997
2019-07-25 17:15:00,1945.5673
2019-07-25 17:30:00,2333.9111
2019-07-25 17:45:00,1848.5364
2019-07-25 18:00:00,2032.7189
2019-07-25 18:15:00,1460.1008
2019-07-25 18:30:00,1499.4048
2019-07-25 18:45:00,1015.4005
2019-07-25 19:00:00,957.38965
2019-07-25 19:15:00,381.50812
2019-07-25 19:30:00,282.1629
2019-07-25 19:45:00,56.05702
2019-07-25 20:00:00,14.81891
2019-07-25 20:15:00,0.0
2019-07-25 20:30:00,0.0
2019-07-25 20:45:00,0.0
2019-07-25 21:00:00,0.035439104
2019-07-25 21:15:00,0.0751656
2019-07-25 21:30:00,0.098797984
2019-07-25 21:45:00,0.11328311
2019-07-25 22:00:00,0.12244816
2019-07-25 22:15:00,0.12842569
2019-07-25 22:30:00,0.13243367
2019-07-25 22:45:00,0.13518715
2019-07-25 23:00:00,0.13711794
2019-07-25 23:15:00,0.1384933
2019-07-25 23:30:00,0.13948402
2019-07-25 23:45:00,0.14020017
2019-07-26 00:00:00,0.14071389
2019-07-26 00:15:00,0.14107469
2019-07-26 00:30:00,0.23537491
2019-07-26 00:45:00,0.40143728
2019-07-26 01:00:00,0.4563652
2019-07-26 01:15:00,0.40143728
2019-07-26 01:30:00,0.23537491
2019-07-26 01:45:00,0.14107469
2019-07-26 02:00:00,0.14071389
2019-07-26 02:15:00,0.1402
2019-07-26 02:30:00,0.13948412
2019-07-26 02:45:00,0.1384933
2019-07-26 03:00:00,0.13711794
2019-07-26 03:15:00,0.13518715
2019-07-26 03:30:00,0.13243367
2019-07-26 03:45:00,0.12842569
2019-07-26 04:00:00,0.12244816
2019-07-26 04:15:00,0.11328311
2019-07-26 04:30:00,0.098797984
2019-07-26 04:45:00,0.0751656
2019-07-26 05:00:00,0.035439104
2019-07-26 05:15:00,0.0
2019-07-26 05:30:00,0.0
2019-07-26 05:45:00,0.0
2019-07-26 06:00:00,0.0
2019-07-26 06:15:00,5.6429534
2019-07-26 06:30:00,10.263989
2019-07-26 06:45:00,33.783394
2019-07-26 07:00:00,41.543655
2019-07-26 07:15:00,191.4212
2019-07-26 07:30:00,221.60153
2019-07-26 07:45:00,487.33932
2019-07-26 08:00:00,518.1632
2019-07-26 08:15:00,835.36755
2019-07-26 08:30:00,994.41394
2019-07-26 08:45:00,1189.5413
2019-07-26 09:00:00,1380.3328
2019-07-26 09:15:00,1559.9993
2019-07-26 09:30:00,1618.2385
2019-07-26 09:45:00,1795.0022
2019-07-26 10:00:00,1802.5043
2019-07-26 10:15:00,2000.488
2019-07-26 10:30:00,2019.6929
2019-07-26 10:45:00,2190.2534
2019-07-26 11:00:00,2197.5256
2019-07-26 11:15:00,2365.6921
2019-07-26 11:30:00,2358.1597
2019-07-26 11:45:00,2612.4136
2019-07-26 12:00:00,2610.2686
2019-07-26 12:15:00,2784.149
2019-07-26 12:30:00,2782.0586
2019-07-26 12:45:00,2773.0503
2019-07-26 13:00:00,2772.2583
2019-07-26 13:15:00,2751.6719
2019-07-26 13:30:00,2753.8496
2019-07-26 13:45:00,2706.5715
2019-07-26 14:00:00,2708.3125
2019-07-26 14:15:00,2545.4644
2019-07-26 14:30:00,2546.5813
2019-07-26 14:45:00,2554.3037
2019-07-26 15:00:00,2552.3918
2019-07-26 15:15:00,2478.892
2019-07-26 15:30:00,2483.5786
2019-07-26 15:45:00,2343.2153
2019-07-26 16:00:00,2345.2146
2019-07-26 16:15:00,2277.1272
2019-07-26 16:30:00,2485.1616
2019-07-26 16:45:00,1874.4175
2019-07-26 17:00:00,2317.2573
2019-07-26 17:15:00,1408.0881
2019-07-26 17:30:00,1764.4414
2019-07-26 17:45:00,1143.4377
2019-07-26 18:00:00,1683.8281
2019-07-26 18:15:00,809.879
2019-07-26 18:30:00,1296.2372
2019-07-26 18:45:00,557.8002
2019-07-26 19:00:00,804.7572
2019-07-26 19:15:00,274.58536
2019-07-26 19:30:00,230.01062
2019-07-26 19:45:00,43.45801
2019-07-26 20:00:00,5.172946
2019-07-26 20:15:00,0.0
2019-07-26 20:30:00,0.0
2019-07-26 20:45:00,0.0
2019-07-26 21:00:00,0.035439104
2019-07-26 21:15:00,0.0751656
2019-07-26 21:30:00,0.098797984
2019-07-26 21:45:00,0.11328311
2019-07-26 22:00:00,0.12244816
2019-07-26 22:15:00,0.12842569
2019-07-26 22:30:00,0.13243367
2019-07-26 22:45:00,0.13518715
2019-07-26 23:00:00,0.13711794
2019-07-26 23:15:00,0.1384933
2019-07-26 23:30:00,0.13948402
2019-07-26 23:45:00,0.14020017
2019-07-27 00:00:00,0.14071389
2019-07-27 00:15:00,0.14107469
2019-07-27 00:30:00,0.23537491
2019-07-27 00:45:00,0.40143728
2019-07-27 01:00:00,0.4563652
2019-07-27 01:15:00,0.40143728
2019-07-27 01:30:00,0.23537491
2019-07-27 01:45:00,0.14107469
2019-07-27 02:00:00,0.14071389
2019-07-27 02:15:00,0.1402
2019-07-27 02:30:00,0.13948412
2019-07-27 02:45:00,0.1384933
2019-07-27 03:00:00,0.13711794
2019-07-27 03:15:00,0.13518715
2019-07-27 03:30:00,0.13243367
2019-07-27 03:45:00,0.12842569
2019-07-27 04:00:00,0.12244816
2019-07-27 04:15:00,0.11328311
2019-07-27 04:30:00,0.098797984
2019-07-27 04:45:00,0.0751656
2019-07-27 05:00:00,0.035439104
2019-07-27 05:15:00,0.0
2019-07-27 05:30:00,0.0
2019-07-27 05:45:00,0.0
2019-07-27 06:00:00,0.0
2019-07-27 06:15:00,5.7420835
2019-07-27 06:30:00,10.798216
2019-07-27 06:45:00,65.68909
2019-07-27 07:00:00,71.75194
2019-07-27 07:15:00,298.45764
2019-07-27 07:30:00,338.09805
2019-07-27 07:45:00,607.11
2019-07-27 08:00:00,652.2307
2019-07-27 08:15:00,939.53357
2019-07-27 08:30:00,1002.4087
2019-07-27 08:45:00,1301.8229
2019-07-27 09:00:00,1367.544
2019-07-27 09:15:00,1703.5918
2019-07-27 09:30:00,1737.0465
2019-07-27 09:45:00,2164.3657
2019-07-27 10:00:00,2181.3103
2019-07-27 10:15:00,2571.2441
2019-07-27 10:30:00,2540.421
2019-07-27 10:45:00,2832.7646
2019-07-27 11:00:00,2805.0908
2019-07-27 11:15:00,3041.6934
2019-07-27 11:30:00,3029.8394
2019-07-27 11:45:00,3239.0115
2019-07-27 12:00:00,3226.994
2019-07-27 12:15:00,3371.5967
2019-07-27 12:30:00,3362.3022
2019-07-27 12:45:00,3408.3865
2019-07-27 13:00:00,3406.437
2019-07-27 13:15:00,3466.4421
2019-07-27 13:30:00,3479.05
2019-07-27 13:45:00,3472.7734
2019-07-27 14:00:00,3523.9597
2019-07-27 14:15:00,3449.0117
2019-07-27 14:30:00,3514.0137
2019-07-27 14:45:00,3445.8726
2019-07-27 15:00:00,3469.0698
2019-07-27 15:15:00,3365.7817
2019-07-27 15:30:00,3384.732
2019-07-27 15:45:00,3235.2925
2019-07-27 16:00:00,3270.184
2019-07-27 16:15:00,2906.8086
2019-07-27 16:30:00,3035.3296
2019-07-27 16:45:00,2599.391
2019-07-27 17:00:00,2726.6804
2019-07-27 17:15:00,2333.8994
2019-07-27 17:30:00,2463.291
2019-07-27 17:45:00,1931.3315
2019-07-27 18:00:00,2093.9727
2019-07-27 18:15:00,1478.1494
2019-07-27 18:30:00,1517.1046
2019-07-27 18:45:00,947.10205
2019-07-27 19:00:00,917.57623
2019-07-27 19:15:00,352.07397
2019-07-27 19:30:00,264.69482
2019-07-27 19:45:00,51.543076
2019-07-27 20:00:00,11.134279
2019-07-27 20:15:00,0.0
2019-07-27 20:30:00,0.0
2019-07-27 20:45:00,0.0
2019-07-27 21:00:00,0.035439104
2019-07-27 21:15:00,0.0751656
2019-07-27 21:30:00,0.098797984
2019-07-27 21:45:00,0.11328311
2019-07-27 22:00:00,0.12244816
2019-07-27 22:15:00,0.12842569
2019-07-27 22:30:00,0.13243367
2019-07-27 22:45:00,0.13518715
2019-07-27 23:00:00,0.13711794
2019-07-27 23:15:00,0.1384933
2019-07-27 23:30:00,0.13948402
2019-07-27 23:45:00,0.14020017
2019-07-28 00:00:00,0.14071389
2019-07-28 00:15:00,0.14107469
2019-07-28 00:30:00,0.23537491
2019-07-28 00:45:00,0.40143728
2019-07-28 01:00:00,0.4563652
2019-07-28 01:15:00,0.40143728
2019-07-28 01:30:00,0.23537491
2019-07-28 01:45:00,0.14107469
2019-07-28 02:00:00,0.14071389
2019-07-28 02:15:00,0.1402
2019-07-28 02:30:00,0.13948412
2019-07-28 02:45:00,0.1384933
2019-07-28 03:00:00,0.13711794
2019-07-28 03:15:00,0.13518715
2019-07-28 03:30:00,0.13243367
2019-07-28 03:45:00,0.12842569
2019-07-28 04:00:00,0.12244816
2019-07-28 04:15:00,0.11328311
2019-07-28 04:30:00,0.098797984
2019-07-28 04:45:00,0.0751656
2019-07-28 05:00:00,0.035439104
2019-07-28 05:15:00,0.0
2019-07-28 05:30:00,0.0
2019-07-28 05:45:00,0.0
2019-07-28 06:00:00,0.0
2019-07-28 06:15:00,5.6429534
2019-07-28 06:30:00,10.263989
2019-07-28 06:45:00,48.877396
2019-07-28 07:00:00,55.863068
2019-07-28 07:15:00,259.12332
2019-07-28 07:30:00,304.6911
2019-07-28 07:45:00,585.79114
2019-07-28 08:00:00,640.3926
2019-07-28 08:15:00,936.19006
2019-07-28 08:30:00,1001.8767
2019-07-28 08:45:00,1220.776
2019-07-28 09:00:00,1357.3824
2019-07-28 09:15:00,1544.6305
2019-07-28 09:30:00,1663.3689
2019-07-28 09:45:00,1822.6965
2019-07-28 10:00:00,1929.1552
2019-07-28 10:15:00,2006.6913
2019-07-28 10:30:00,2027.846
2019-07-28 10:45:00,2063.655
2019-07-28 11:00:00,2074.9258
2019-07-28 11:15:00,2081.824
2019-07-28 11:30:00,2080.8306
2019-07-28 11:45:00,2083.3364
2019-07-28 12:00:00,2078.4143
2019-07-28 12:15:00,2130.2134
2019-07-28 12:30:00,2126.9836
2019-07-28 12:45:00,1777.6492
2019-07-28 13:00:00,1773.8495
2019-07-28 13:15:00,1395.5273
2019-07-28 13:30:00,1399.9111
2019-07-28 13:45:00,1331.8734
2019-07-28 14:00:00,1340.2555
2019-07-28 14:15:00,1309.6594
2019-07-28 14:30:00,1316.8772
2019-07-28 14:45:00,1433.1729
2019-07-28 15:00:00,1423.6279
2019-07-28 15:15:00,1811.1538
2019-07-28 15:30:00,1840.5408
2019-07-28 15:45:00,1998.9033
2019-07-28 16:00:00,1943.8209
2019-07-28 16:15:00,1978.5645
2019-07-28 16:30:00,1957.8993
2019-07-28 16:45:00,1963.8164
2019-07-28 17:00:00,2454.6846
2019-07-28 17:15:00,1718.9072
2019-07-28 17:30:00,2257.278
2019-07-28 17:45:00,1550.8298
2019-07-28 18:00:00,1923.0305
2019-07-28 18:15:00,978.1647
2019-07-28 18:30:00,1375.8962
2019-07-28 18:45:00,592.45544
2019-07-28 19:00:00,819.0487
2019-07-28 19:15:00,339.02936
2019-07-28 19:30:00,257.98712
2019-07-28 19:45:00,53.07081
2019-07-28 20:00:00,12.3528805
2019-07-28 20:15:00,0.0
2019-07-28 20:30:00,0.0
2019-07-28 20:45:00,0.0
2019-07-28 21:00:00,0.035439104
2019-07-28 21:15:00,0.0751656
2019-07-28 21:30:00,0.098797984
2019-07-28 21:45:00,0.11328311
2019-07-28 22:00:00,0.12244816
2019-07-28 22:15:00,0.12842569
2019-07-28 22:30:00,0.13243367
2019-07-28 22:45:00,0.13518715
2019-07-28 23:00:00,0.13711794
2019-07-28 23:15:00,0.1384933
2019-07-28 23:30:00,0.13948402
2019-07-28 23:45:00,0.14020017
2019-07-29 00:00:00,0.14071389
2019-07-29 00:15:00,0.14107469
2019-07-29 00:30:00,0.23537491
2019-07-29 00:45:00,0.40143728
2019-07-29 01:00:00,0.4563652
2019-07-29 01:15:00,0.40143728
2019-07-29 01:30:00,0.23537491
2019-07-29 01:45:00,0.14107469
2019-07-29 02:00:00,0.14071389
2019-07-29 02:15:00,0.1402
2019-07-29 02:30:00,0.13948412
2019-07-29 02:45:00,0.1384933
2019-07-29 03:00:00,0.13711794
2019-07-29 03:15:00,0.13518715
2019-07-29 03:30:00,0.13243367
2019-07-29 03:45:00,0.12842569
2019-07-29 04:00:00,0.12244816
2019-07-29 04:15:00,0.11328311
2019-07-29 04:30:00,0.098797984
2019-07-29 04:45:00,0.0751656
2019-07-29 05:00:00,0.035439104
2019-07-29 05:15:00,0.0
2019-07-29 05:30:00,0.0
2019-07-29 05:45:00,0.0
2019-07-29 06:00:00,0.0
2019-07-29 06:15:00,5.7420835
2019-07-29 06:30:00,10.798216
2019-07-29 06:45:00,61.528847
2019-07-29 07:00:00,67.832436
2019-07-29 07:15:00,291.45856
2019-07-29 07:30:00,333.81155
2019-07-29 07:45:00,594.58673
2019-07-29 08:00:00,645.6864
2019-07-29 08:15:00,902.59045
2019-07-29 08:30:00,1001.0208
2019-07-29 08:45:00,1203.7919
2019-07-29 09:00:00,1367.2769
2019-07-29 09:15:00,1617.4559
2019-07-29 09:30:00,1680.1206
2019-07-29 09:45:00,2063.459
2019-07-29 10:00:00,2108.0793
2019-07-29 10:15:00,2224.906
2019-07-29 10:30:00,2241.9224
2019-07-29 10:45:00,2357.6267
2019-07-29 11:00:00,2356.5354
2019-07-29 11:15:00,2415.1064
2019-07-29 11:30:00,2408.3438
2019-07-29 11:45:00,2745.7456
2019-07-29 12:00:00,2746.798
2019-07-29 12:15:00,3072.688
2019-07-29 12:30:00,3069.9868
2019-07-29 12:45:00,3148.4463
2019-07-29 13:00:00,3147.5645
2019-07-29 13:15:00,2804.722
2019-07-29 13:30:00,2806.5493
2019-07-29 13:45:00,2136.0015
2019-07-29 14:00:00,2139.351
2019-07-29 14:15:00,2177.5652
2019-07-29 14:30:00,2176.2632
2019-07-29 14:45:00,2192.3203
2019-07-29 15:00:00,2175.4595
2019-07-29 15:15:00,2131.9167
2019-07-29 15:30:00,2118.6147
2019-07-29 15:45:00,2162.8115
2019-07-29 16:00:00,2125.3477
2019-07-29 16:15:00,1870.4604
2019-07-29 16:30:00,1800.3184
2019-07-29 16:45:00,1617.4559
2019-07-29 17:00:00,1630.2183
2019-07-29 17:15:00,1270.4143
2019-07-29 17:30:00,1349.2021
2019-07-29 17:45:00,869.4214
2019-07-29 18:00:00,889.2512
2019-07-29 18:15:00,585.79114
2019-07-29 18:30:00,624.0304
2019-07-29 18:45:00,407.1093
2019-07-29 19:00:00,598.9552
2019-07-29 19:15:00,199.12671
2019-07-29 19:30:00,203.8158
2019-07-29 19:45:00,41.73225
2019-07-29 20:00:00,4.004817
2019-07-29 20:15:00,0.0
2019-07-29 20:30:00,0.0
2019-07-29 20:45:00,0.0
2019-07-29 21:00:00,0.035439104
2019-07-29 21:15:00,0.0751656
2019-07-29 21:30:00,0.098797984
2019-07-29 21:45:00,0.11328311
2019-07-29 22:00:00,0.12244816
2019-07-29 22:15:00,0.12842569
2019-07-29 22:30:00,0.13243367
2019-07-29 22:45:00,0.13518715
2019-07-29 23:00:00,0.13711794
2019-07-29 23:15:00,0.1384933
2019-07-29 23:30:00,0.13948402
2019-07-29 23:45:00,0.14020017
2019-07-30 00:00:00,0.14071389
2019-07-30 00:15:00,0.14107469
2019-07-30 00:30:00,0.23537491
2019-07-30 00:45:00,0.40143728
2019-07-30 01:00:00,0.4563652
2019-07-30 01:15:00,0.40143728
2019-07-30 01:30:00,0.23537491
2019-07-30 01:45:00,0.14107469
2019-07-30 02:00:00,0.14071389
2019-07-30 02:15:00,0.1402
2019-07-30 02:30:00,0.13948412
2019-07-30 02:45:00,0.1384933
2019-07-30 03:00:00,0.13711794
2019-07-30 03:15:00,0.13518715
2019-07-30 03:30:00,0.13243367
2019-07-30 03:45:00,0.12842569
2019-07-30 04:00:00,0.12244816
2019-07-30 04:15:00,0.11328311
2019-07-30 04:30:00,0.098797984
2019-07-30 04:45:00,0.0751656
2019-07-30 05:00:00,0.035439104
2019-07-30 05:15:00,0.0
2019-07-30 05:30:00,0.0
2019-07-30 05:45:00,0.0
2019-07-30 06:00:00,0.0
2019-07-30 06:15:00,5.6429534
2019-07-30 06:30:00,10.263989
2019-07-30 06:45:00,40.297356
2019-07-30 07:00:00,47.722435
2019-07-30 07:15:00,254.67322
2019-07-30 07:30:00,299.3506
2019-07-30 07:45:00,582.968
2019-07-30 08:00:00,638.54694
2019-07-30 08:15:00,874.043
2019-07-30 08:30:00,1005.33734
2019-07-30 08:45:00,1235.1794
2019-07-30 09:00:00,1352.7687
2019-07-30 09:15:00,1671.9174
2019-07-30 09:30:00,1715.4995
2019-07-30 09:45:00,2147.617
2019-07-30 10:00:00,2169.5908
2019-07-30 10:15:00,2581.7583
2019-07-30 10:30:00,2548.751
2019-07-30 10:45:00,2878.812
2019-07-30 11:00:00,2843.8
2019-07-30 11:15:00,3059.1562
2019-07-30 11:30:00,3044.9102
2019-07-30 11:45:00,3025.1917
2019-07-30 12:00:00,3024.957
2019-07-30 12:15:00,2805.0774
2019-07-30 12:30:00,2803.055
2019-07-30 12:45:00,2632.3606
2019-07-30 13:00:00,2630.402
2019-07-30 13:15:00,2681.0288
2019-07-30 13:30:00,2684.5537
2019-07-30 13:45:00,2677.4482
2019-07-30 14:00:00,2680.0352
2019-07-30 14:15:00,2735.2798
2019-07-30 14:30:00,2732.246
2019-07-30 14:45:00,3146.041
2019-07-30 15:00:00,3233.3687
2019-07-30 15:15:00,3369.6895
2019-07-30 15:30:00,3386.4153
2019-07-30 15:45:00,3258.7012
2019-07-30 16:00:00,3282.7554
2019-07-30 16:15:00,2991.795
2019-07-30 16:30:00,3087.546
2019-07-30 16:45:00,2691.8257
2019-07-30 17:00:00,2819.5737
2019-07-30 17:15:00,2347.683
2019-07-30 17:30:00,2474.4365
2019-07-30 17:45:00,1939.2444
2019-07-30 18:00:00,2100.4834
2019-07-30 18:15:00,1432.6969
2019-07-30 18:30:00,1477.3184
2019-07-30 18:45:00,935.68207
2019-07-30 19:00:00,912.7468
2019-07-30 19:15:00,325.25153
2019-07-30 19:30:00,251.42143
2019-07-30 19:45:00,45.143734
2019-07-30 20:00:00,6.3487463
2019-07-30 20:15:00,0.0
2019-07-30 20:30:00,0.0
2019-07-30 20:45:00,0.0
2019-07-30 21:00:00,0.035439104
2019-07-30 21:15:00,0.0751656
2019-07-30 21:30:00,0.098797984
2019-07-30 21:45:00,0.11328311
2019-07-30 22:00:00,0.12244816
2019-07-30 22:15:00,0.12842569
2019-07-30 22:30:00,0.13243367
2019-07-30 22:45:00,0.13518715
2019-07-30 23:00:00,0.13711794
2019-07-30 23:15:00,0.1384933
2019-07-30 23:30:00,0.13948402
2019-07-30 23:45:00,0.14020017
2019-07-31 00:00:00,0.14071389
2019-07-31 00:15:00,0.14107469
2019-07-31 00:30:00,0.23537491
2019-07-31 00:45:00,0.40143728
2019-07-31 01:00:00,0.4563652
2019-07-31 01:15:00,0.40143728
2019-07-31 01:30:00,0.23537491
2019-07-31 01:45:00,0.14107469
2019-07-31 02:00:00,0.14071389
2019-07-31 02:15:00,0.1402
2019-07-31 02:30:00,0.13948412
2019-07-31 02:45:00,0.1384933
2019-07-31 03:00:00,0.13711794
2019-07-31 03:15:00,0.13518715
2019-07-31 03:30:00,0.13243367
2019-07-31 03:45:00,0.12842569
2019-07-31 04:00:00,0.12244816
2019-07-31 04:15:00,0.11328311
2019-07-31 04:30:00,0.098797984
2019-07-31 04:45:00,0.0751656
2019-07-31 05:00:00,0.035439104
2019-07-31 05:15:00,0.0
2019-07-31 05:30:00,0.0
2019-07-31 05:45:00,0.0
2019-07-31 06:00:00,0.0
2019-07-31 06:15:00,5.6429534
2019-07-31 06:30:00,10.263989
2019-07-31 06:45:00,35.962425
2019-07-31 07:00:00,43.60972
2019-07-31 07:15:00,218.7338
2019-07-31 07:30:00,254.28831
2019-07-31 07:45:00,530.08856
2019-07-31 08:00:00,584.3866
2019-07-31 08:15:00,837.73157
2019-07-31 08:30:00,997.51666
2019-07-31 08:45:00,1180.2393
2019-07-31 09:00:00,1388.582
2019-07-31 09:15:00,1633.4324
2019-07-31 09:30:00,1689.8636
2019-07-31 09:45:00,2164.3657
2019-07-31 10:00:00,2181.3103
2019-07-31 10:15:00,2405.843
2019-07-31 10:30:00,2403.4026
2019-07-31 10:45:00,2566.3716
2019-07-31 11:00:00,2562.9177
2019-07-31 11:15:00,2790.3872
2019-07-31 11:30:00,2792.02
2019-07-31 11:45:00,3142.4802
2019-07-31 12:00:00,3138.9053
2019-07-31 12:15:00,3293.7957
2019-07-31 12:30:00,3287.14
2019-07-31 12:45:00,3370.849
2019-07-31 13:00:00,3369.0068
2019-07-31 13:15:00,3448.471
2019-07-31 13:30:00,3457.602
2019-07-31 13:45:00,3472.7734
2019-07-31 14:00:00,3523.9597
2019-07-31 14:15:00,3344.423
2019-07-31 14:30:00,3432.1465
2019-07-31 14:45:00,3192.7358
2019-07-31 15:00:00,3355.4312
2019-07-31 15:15:00,2932.3835
2019-07-31 15:30:00,3025.6392
2019-07-31 15:45:00,2957.7588
2019-07-31 16:00:00,3192.067
2019-07-31 16:15:00,2972.1265
2019-07-31 16:30:00,3074.2988
2019-07-31 16:45:00,2607.9834
2019-07-31 17:00:00,2733.0286
2019-07-31 17:15:00,2296.7407
2019-07-31 17:30:00,2435.871
2019-07-31 17:45:00,1898.0615
2019-07-31 18:00:00,2067.315
2019-07-31 18:15:00,1440.0818
2019-07-31 18:30:00,1482.6865
2019-07-31 18:45:00,620.2141
2019-07-31 19:00:00,828.4522
2019-07-31 19:15:00,267.3532
2019-07-31 19:30:00,227.55946
2019-07-31 19:45:00,43.45801
2019-07-31 20:00:00,5.172946
2019-07-31 20:15:00,0.0
2019-07-31 20:30:00,0.0
2019-07-31 20:45:00,0.0
2019-07-31 21:00:00,0.035439104
2019-07-31 21:15:00,0.0751656
2019-07-31 21:30:00,0.098797984
2019-07-31 21:45:00,0.11328311
2019-07-31 22:00:00,0.12244816
2019-07-31 22:15:00,0.12842569
2019-07-31 22:30:00,0.13243367
2019-07-31 22:45:00,0.13518715
2019-07-31 23:00:00,0.13711794
2019-07-31 23:15:00,0.1384933
2019-07-31 23:30:00,0.13948402
2019-07-31 23:45:00,0.14020017
2019-08-01 00:00:00,0.14071389
2019-08-01 00:15:00,0.14107469
2019-08-01 00:30:00,0.23537491
2019-08-01 00:45:00,0.40143728
2019-08-01 01:00:00,0.4563652
2019-08-01 01:15:00,0.40143728
2019-08-01 01:30:00,0.23537491
2019-08-01 01:45:00,0.14107469
2019-08-01 02:00:00,0.14071389
2019-08-01 02:15:00,0.1402
2019-08-01 02:30:00,0.13948412
2019-08-01 02:45:00,0.1384933
2019-08-01 03:00:00,0.13711794
2019-08-01 03:15:00,0.13518715
2019-08-01 03:30:00,0.13243367
2019-08-01 03:45:00,0.12842569
2019-08-01 04:00:00,0.12244816
2019-08-01 04:15:00,0.11328311
2019-08-01 04:30:00,0.098797984
2019-08-01 04:45:00,0.0751656
2019-08-01 05:00:00,0.035439104
2019-08-01 05:15:00,0.0
2019-08-01 05:30:00,0.0
2019-08-01 05:45:00,0.0
2019-08-01 06:00:00,0.0
2019-08-01 06:15:00,5.6429534
2019-08-01 06:30:00,10.263989
2019-08-01 06:45:00,51.003967
2019-08-01 07:00:00,57.87901
2019-08-01 07:15:00,273.2277
2019-08-01 07:30:00,319.93018
2019-08-01 07:45:00,585.79114
2019-08-01 08:00:00,640.3926
2019-08-01 08:15:00,881.3223
2019-08-01 08:30:00,1004.10834
2019-08-01 08:45:00,1264.6321
2019-08-01 09:00:00,1353.6163
2019-08-01 09:15:00,1703.5918
2019-08-01 09:30:00,1737.0465
2019-08-01 09:45:00,2072.5547
2019-08-01 10:00:00,2114.9084
2019-08-01 10:15:00,2153.477
2019-08-01 10:30:00,2172.0693
2019-08-01 10:45:00,2316.6682
2019-08-01 11:00:00,2313.0996
2019-08-01 11:15:00,2303.6606
2019-08-01 11:30:00,2305.435
2019-08-01 11:45:00,2198.7556
2019-08-01 12:00:00,2198.1143
2019-08-01 12:15:00,1832.0161
2019-08-01 12:30:00,1817.8943
2019-08-01 12:45:00,1702.2583
2019-08-01 13:00:00,1698.2363
2019-08-01 13:15:00,1509.5859
2019-08-01 13:30:00,1520.183
2019-08-01 13:45:00,1299.9415
2019-08-01 14:00:00,1307.9282
2019-08-01 14:15:00,1504.3906
2019-08-01 14:30:00,1529.2762
2019-08-01 14:45:00,1592.7396
2019-08-01 15:00:00,1608.5952
2019-08-01 15:15:00,1713.9906
2019-08-01 15:30:00,1761.2085
2019-08-01 15:45:00,1934.8523
2019-08-01 16:00:00,1914.0894
2019-08-01 16:15:00,1825.1436
2019-08-01 16:30:00,1662.8457
2019-08-01 16:45:00,1524.7517
2019-08-01 17:00:00,1365.967
2019-08-01 17:15:00,1179.6244
2019-08-01 17:30:00,1084.6226
2019-08-01 17:45:00,847.7951
2019-08-01 18:00:00,835.3615
2019-08-01 18:15:00,600.7315
2019-08-01 18:30:00,645.8571
2019-08-01 18:45:00,396.3476
2019-08-01 19:00:00,562.19617
2019-08-01 19:15:00,193.32452
2019-08-01 19:30:00,201.47688
2019-08-01 19:45:00,39.9631
2019-08-01 20:00:00,2.8439412
2019-08-01 20:15:00,0.0
2019-08-01 20:30:00,0.0
2019-08-01 20:45:00,0.0
2019-08-01 21:00:00,0.035439104
2019-08-01 21:15:00,0.0751656
2019-08-01 21:30:00,0.098797984
2019-08-01 21:45:00,0.11328311
2019-08-01 22:00:00,0.12244816
2019-08-01 22:15:00,0.12842569
2019-08-01 22:30:00,0.13243367
2019-08-01 22:45:00,0.13518715
2019-08-01 23:00:00,0.13711794
2019-08-01 23:15:00,0.1384933
2019-08-01 23:30:00,0.13948402
2019-08-01 23:45:00,0.14020017
2019-08-02 00:00:00,0.14071389
2019-08-02 00:15:00,0.14107469
2019-08-02 00:30:00,0.23537491
2019-08-02 00:45:00,0.40143728
2019-08-02 01:00:00,0.4563652
2019-08-02 01:15:00,0.40143728
2019-08-02 01:30:00,0.23537491
2019-08-02 01:45:00,0.14107469
2019-08-02 02:00:00,0.14071389
2019-08-02 02:15:00,0.1402
2019-08-02 02:30:00,0.13948412
2019-08-02 02:45:00,0.1384933
2019-08-02 03:00:00,0.13711794
2019-08-02 03:15:00,0.13518715
2019-08-02 03:30:00,0.13243367
2019-08-02 03:45:00,0.12842569
2019-08-02 04:00:00,0.12244816
2019-08-02 04:15:00,0.11328311
2019-08-02 04:30:00,0.098797984
2019-08-02 04:45:00,0.0751656
2019-08-02 05:00:00,0.035439104
2019-08-02 05:15:00,0.0
2019-08-02 05:30:00,0.0
2019-08-02 05:45:00,0.0
2019-08-02 06:00:00,0.0
2019-08-02 06:15:00,5.6429534
2019-08-02 06:30:00,10.263989
2019-08-02 06:45:00,51.003967
2019-08-02 07:00:00,57.87901
2019-08-02 07:15:00,266.02234
2019-08-02 07:30:00,312.4653
2019-08-02 07:45:00,552.9086
2019-08-02 08:00:00,613.01874
2019-08-02 08:15:00,891.63135
2019-08-02 08:30:00,1002.3946
2019-08-02 08:45:00,1276.3434
2019-08-02 09:00:00,1356.9375
2019-08-02 09:15:00,1683.3687
2019-08-02 09:30:00,1723.3198
2019-08-02 09:45:00,1820.1278
2019-08-02 10:00:00,1925.9089
2019-08-02 10:15:00,1592.333
2019-08-02 10:30:00,1505.4607
2019-08-02 10:45:00,1538.8365
2019-08-02 11:00:00,1490.8752
2019-08-02 11:15:00,1973.9348
2019-08-02 11:30:00,1964.3357
2019-08-02 11:45:00,2189.4722
2019-08-02 12:00:00,2188.5596
2019-08-02 12:15:00,2268.1108
2019-08-02 12:30:00,2266.6687
2019-08-02 12:45:00,2326.5007
2019-08-02 13:00:00,2325.923
2019-08-02 13:15:00,2551.6128
2019-08-02 13:30:00,2559.1997
2019-08-02 13:45:00,2938.317
2019-08-02 14:00:00,2939.875
2019-08-02 14:15:00,2759.7139
2019-08-02 14:30:00,2756.809
2019-08-02 14:45:00,2863.2463
2019-08-02 15:00:00,2875.3252
2019-08-02 15:15:00,2723.1218
2019-08-02 15:30:00,2766.781
2019-08-02 15:45:00,2492.0005
2019-08-02 16:00:00,2563.1382
2019-08-02 16:15:00,2635.0645
2019-08-02 16:30:00,2910.2964
2019-08-02 16:45:00,2081.4626
2019-08-02 17:00:00,2539.8066
2019-08-02 17:15:00,1558.0233
2019-08-02 17:30:00,2111.4487
2019-08-02 17:45:00,1137.064
2019-08-02 18:00:00,1675.6104
2019-08-02 18:15:00,805.0026
2019-08-02 18:30:00,1291.2595
2019-08-02 18:45:00,481.1693
2019-08-02 19:00:00,748.48505
2019-08-02 19:15:00,193.32452
2019-08-02 19:30:00,201.47688
2019-08-02 19:45:00,38.14751
2019-08-02 20:00:00,1.6900274
2019-08-02 20:15:00,0.0
2019-08-02 20:30:00,0.0
2019-08-02 20:45:00,0.0
2019-08-02 21:00:00,0.035439104
2019-08-02 21:15:00,0.0751656
2019-08-02 21:30:00,0.098797984
2019-08-02 21:45:00,0.11328311
2019-08-02 22:00:00,0.12244816
2019-08-02 22:15:00,0.12842569
2019-08-02 22:30:00,0.13243367
2019-08-02 22:45:00,0.13518715
2019-08-02 23:00:00,0.13711794
2019-08-02 23:15:00,0.1384933
2019-08-02 23:30:00,0.13948402
2019-08-02 23:45:00,0.14020017
2019-08-03 00:00:00,0.14071389
2019-08-03 00:15:00,0.14107469
2019-08-03 00:30:00,0.23537491
2019-08-03 00:45:00,0.40143728
2019-08-03 01:00:00,0.4563652
2019-08-03 01:15:00,0.40143728
2019-08-03 01:30:00,0.23537491
2019-08-03 01:45:00,0.14107469
2019-08-03 02:00:00,0.14071389
2019-08-03 02:15:00,0.1402
2019-08-03 02:30:00,0.13948412
2019-08-03 02:45:00,0.1384933
2019-08-03 03:00:00,0.13711794
2019-08-03 03:15:00,0.13518715
2019-08-03 03:30:00,0.13243367
2019-08-03 03:45:00,0.12842569
2019-08-03 04:00:00,0.12244816
2019-08-03 04:15:00,0.11328311
2019-08-03 04:30:00,0.098797984
2019-08-03 04:45:00,0.0751656
2019-08-03 05:00:00,0.035439104
2019-08-03 05:15:00,0.0
2019-08-03 05:30:00,0.0
2019-08-03 05:45:00,0.0
2019-08-03 06:00:00,0.0
2019-08-03 06:15:00,5.6429534
2019-08-03 06:30:00,10.263989
2019-08-03 06:45:00,35.962425
2019-08-03 07:00:00,43.60972
2019-08-03 07:15:00,241.83931
2019-08-03 07:30:00,282.65604
2019-08-03 07:45:00,572.1942
2019-08-03 08:00:00,630.7345
2019-08-03 08:15:00,908.30994
2019-08-03 08:30:00,1000.5879
2019-08-03 08:45:00,1282.4321
2019-08-03 09:00:00,1359.1289
2019-08-03 09:15:00,1734.8959
2019-08-03 09:30:00,1757.6617
2019-08-03 09:45:00,2175.9365
2019-08-03 10:00:00,2189.276
2019-08-03 10:15:00,2571.2441
2019-08-03 10:30:00,2540.421
2019-08-03 10:45:00,2841.7266
2019-08-03 11:00:00,2812.7837
2019-08-03 11:15:00,3050.3647
2019-08-03 11:30:00,3037.353
2019-08-03 11:45:00,3251.6084
2019-08-03 12:00:00,3238.4458
2019-08-03 12:15:00,3371.5967
2019-08-03 12:30:00,3362.3022
2019-08-03 12:45:00,3438.29
2019-08-03 13:00:00,3436.0718
2019-08-03 13:15:00,3451.9429
2019-08-03 13:30:00,3461.6484
2019-08-03 13:45:00,3367.9739
2019-08-03 14:00:00,3382.8848
2019-08-03 14:15:00,3339.8813
2019-08-03 14:30:00,3423.708
2019-08-03 14:45:00,3146.041
2019-08-03 15:00:00,3233.3687
2019-08-03 15:15:00,2828.3262
2019-08-03 15:30:00,2897.9316
2019-08-03 15:45:00,2410.188
2019-08-03 16:00:00,2435.9473
2019-08-03 16:15:00,2491.0552
2019-08-03 16:30:00,2799.2778
2019-08-03 16:45:00,2221.2275
2019-08-03 17:00:00,2611.3315
2019-08-03 17:15:00,1699.4105
2019-08-03 17:30:00,2243.7407
2019-08-03 17:45:00,1443.2357
2019-08-03 18:00:00,1893.0662
2019-08-03 18:15:00,864.3349
2019-08-03 18:30:00,1337.4502
2019-08-03 18:45:00,592.45544
2019-08-03 19:00:00,819.0487
2019-08-03 19:15:00,238.6381
2019-08-03 19:30:00,217.92969
2019-08-03 19:45:00,38.14751
2019-08-03 20:00:00,1.6900274
2019-08-03 20:15:00,0.0
2019-08-03 20:30:00,0.0
2019-08-03 20:45:00,0.0
2019-08-03 21:00:00,0.035439104
2019-08-03 21:15:00,0.0751656
2019-08-03 21:30:00,0.098797984
2019-08-03 21:45:00,0.11328311
2019-08-03 22:00:00,0.12244816
2019-08-03 22:15:00,0.12842569
2019-08-03 22:30:00,0.13243367
2019-08-03 22:45:00,0.13518715
2019-08-03 23:00:00,0.13711794
2019-08-03 23:15:00,0.1384933
2019-08-03 23:30:00,0.13948402
2019-08-03 23:45:00,0.14020017
2019-08-04 00:00:00,0.14071389
2019-08-04 00:15:00,0.14107469
2019-08-04 00:30:00,0.23537491
2019-08-04 00:45:00,0.40143728
2019-08-04 01:00:00,0.4563652
2019-08-04 01:15:00,0.40143728
2019-08-04 01:30:00,0.23537491
2019-08-04 01:45:00,0.14107469
2019-08-04 02:00:00,0.14071389
2019-08-04 02:15:00,0.1402
2019-08-04 02:30:00,0.13948412
2019-08-04 02:45:00,0.1384933
2019-08-04 03:00:00,0.13711794
2019-08-04 03:15:00,0.13518715
2019-08-04 03:30:00,0.13243367
2019-08-04 03:45:00,0.12842569
2019-08-04 04:00:00,0.12244816
2019-08-04 04:15:00,0.11328311
2019-08-04 04:30:00,0.098797984
2019-08-04 04:45:00,0.0751656
2019-08-04 05:00:00,0.035439104
2019-08-04 05:15:00,0.0
2019-08-04 05:30:00,0.0
2019-08-04 05:45:00,0.0
2019-08-04 06:00:00,0.0
2019-08-04 06:15:00,5.541324
2019-08-04 06:30:00,9.723947
2019-08-04 06:45:00,44.60219
2019-08-04 07:00:00,51.807583
2019-08-04 07:15:00,261.39136
2019-08-04 07:30:00,307.31512
2019-08-04 07:45:00,585.79114
2019-08-04 08:00:00,640.3926
2019-08-04 08:15:00,923.33826
2019-08-04 08:30:00,1000.566
2019-08-04 08:45:00,1308.738
2019-08-04 09:00:00,1370.8853
2019-08-04 09:15:00,1695.3174
2019-08-04 09:30:00,1731.4541
2019-08-04 09:45:00,1974.9633
2019-08-04 10:00:00,2039.3005
2019-08-04 10:15:00,2218.1162
2019-08-04 10:30:00,2235.4187
2019-08-04 10:45:00,2532.9995
2019-08-04 11:00:00,2531.4185
2019-08-04 11:15:00,2743.768
2019-08-04 11:30:00,2746.272
2019-08-04 11:45:00,2784.206
2019-08-04 12:00:00,2785.1648
2019-08-04 12:15:00,2713.7407
2019-08-04 12:30:00,2710.6304
2019-08-04 12:45:00,2801.2188
2019-08-04 13:00:00,2800.4902
2019-08-04 13:15:00,2762.3975
2019-08-04 13:30:00,2764.4658
2019-08-04 13:45:00,3016.101
2019-08-04 14:00:00,3017.858
2019-08-04 14:15:00,3093.9917
2019-08-04 14:30:00,3099.6182
2019-08-04 14:45:00,2900.259
2019-08-04 15:00:00,2915.9736
2019-08-04 15:15:00,2739.4722
2019-08-04 15:30:00,2787.7263
2019-08-04 15:45:00,2571.2441
2019-08-04 16:00:00,2678.993
2019-08-04 16:15:00,2410.2698
2019-08-04 16:30:00,2722.079
2019-08-04 16:45:00,1945.312
2019-08-04 17:00:00,2437.1135
2019-08-04 17:15:00,1421.55
2019-08-04 17:30:00,1823.1929
2019-08-04 17:45:00,968.5985
2019-08-04 18:00:00,1100.9937
2019-08-04 18:15:00,713.2905
2019-08-04 18:30:00,1077.713
2019-08-04 18:45:00,515.5322
2019-08-04 19:00:00,780.1633
2019-08-04 19:15:00,245.73773
2019-08-04 19:30:00,220.31421
2019-08-04 19:45:00,36.282425
2019-08-04 20:00:00,0.54282635
2019-08-04 20:15:00,0.0
2019-08-04 20:30:00,0.0
2019-08-04 20:45:00,0.0
2019-08-04 21:00:00,0.035439104
2019-08-04 21:15:00,0.0751656
2019-08-04 21:30:00,0.098797984
2019-08-04 21:45:00,0.11328311
2019-08-04 22:00:00,0.12244816
2019-08-04 22:15:00,0.12842569
2019-08-04 22:30:00,0.13243367
2019-08-04 22:45:00,0.13518715
2019-08-04 23:00:00,0.13711794
2019-08-04 23:15:00,0.1384933
2019-08-04 23:30:00,0.13948402
2019-08-04 23:45:00,0.14020017
2019-08-05 00:00:00,0.14071389
2019-08-05 00:15:00,0.14107469
2019-08-05 00:30:00,0.23537491
2019-08-05 00:45:00,0.40143728
2019-08-05 01:00:00,0.4563652
2019-08-05 01:15:00,0.40143728
2019-08-05 01:30:00,0.23537491
2019-08-05 01:45:00,0.14107469
2019-08-05 02:00:00,0.14071389
2019-08-05 02:15:00,0.1402
2019-08-05 02:30:00,0.13948412
2019-08-05 02:45:00,0.1384933
2019-08-05 03:00:00,0.13711794
2019-08-05 03:15:00,0.13518715
2019-08-05 03:30:00,0.13243367
2019-08-05 03:45:00,0.12842569
2019-08-05 04:00:00,0.12244816
2019-08-05 04:15:00,0.11328311
2019-08-05 04:30:00,0.098797984
2019-08-05 04:45:00,0.0751656
2019-08-05 05:00:00,0.035439104
2019-08-05 05:15:00,0.0
2019-08-05 05:30:00,0.0
2019-08-05 05:45:00,0.0
2019-08-05 06:00:00,0.0
2019-08-05 06:15:00,5.541324
2019-08-05 06:30:00,9.723947
2019-08-05 06:45:00,42.45343
2019-08-05 07:00:00,49.768612
2019-08-05 07:15:00,256.88477
2019-08-05 07:30:00,302.03586
2019-08-05 07:45:00,577.4794
2019-08-05 08:00:00,634.72754
2019-08-05 08:15:00,920.2456
2019-08-05 08:30:00,1000.4332
2019-08-05 08:45:00,1270.4143
2019-08-05 09:00:00,1355.0928
2019-08-05 09:15:00,1579.5973
2019-08-05 09:30:00,1662.8457
2019-08-05 09:45:00,1820.3884
2019-08-05 10:00:00,1909.9788
2019-08-05 10:15:00,1907.7888
2019-08-05 10:30:00,1902.0342
2019-08-05 10:45:00,2038.6152
2019-08-05 11:00:00,2045.3105
2019-08-05 11:15:00,2161.149
2019-08-05 11:30:00,2166.9243
2019-08-05 11:45:00,2459.3564
2019-08-05 12:00:00,2446.1455
2019-08-05 12:15:00,2368.9668
2019-08-05 12:30:00,2365.141
2019-08-05 12:45:00,2278.4353
2019-08-05 13:00:00,2278.0327
2019-08-05 13:15:00,2164.6
2019-08-05 13:30:00,2166.3433
2019-08-05 13:45:00,1486.2039
2019-08-05 14:00:00,1509.5629
2019-08-05 14:15:00,1338.6133
2019-08-05 14:30:00,1345.3489
2019-08-05 14:45:00,1020.232
2019-08-05 15:00:00,1018.4025
2019-08-05 15:15:00,951.32135
2019-08-05 15:30:00,907.5418
2019-08-05 15:45:00,853.47345
2019-08-05 16:00:00,864.11163
2019-08-05 16:15:00,1625.4097
2019-08-05 16:30:00,1638.1189
2019-08-05 16:45:00,1547.3564
2019-08-05 17:00:00,1374.1288
2019-08-05 17:15:00,1189.5413
2019-08-05 17:30:00,1052.432
2019-08-05 17:45:00,874.043
2019-08-05 18:00:00,899.4648
2019-08-05 18:15:00,713.2905
2019-08-05 18:30:00,1077.713
2019-08-05 18:45:00,467.55603
2019-08-05 19:00:00,731.2098
2019-08-05 19:15:00,164.48604
2019-08-05 19:30:00,187.30675
2019-08-05 19:45:00,28.264761
2019-08-05 20:00:00,0.0
2019-08-05 20:15:00,0.0
2019-08-05 20:30:00,0.0
2019-08-05 20:45:00,0.0
2019-08-05 21:00:00,0.035439104
2019-08-05 21:15:00,0.0751656
2019-08-05 21:30:00,0.098797984
2019-08-05 21:45:00,0.11328311
2019-08-05 22:00:00,0.12244816
2019-08-05 22:15:00,0.12842569
2019-08-05 22:30:00,0.13243367
2019-08-05 22:45:00,0.13518715
2019-08-05 23:00:00,0.13711794
2019-08-05 23:15:00,0.1384933
2019-08-05 23:30:00,0.13948402
2019-08-05 23:45:00,0.14020017
2019-08-06 00:00:00,0.14071389
2019-08-06 00:15:00,0.14107469
2019-08-06 00:30:00,0.23537491
2019-08-06 00:45:00,0.40143728
2019-08-06 01:00:00,0.4563652
2019-08-06 01:15:00,0.40143728
2019-08-06 01:30:00,0.23537491
2019-08-06 01:45:00,0.14107469
2019-08-06 02:00:00,0.14071389
2019-08-06 02:15:00,0.1402
2019-08-06 02:30:00,0.13948412
2019-08-06 02:45:00,0.1384933
2019-08-06 03:00:00,0.13711794
2019-08-06 03:15:00,0.13518715
2019-08-06 03:30:00,0.13243367
2019-08-06 03:45:00,0.12842569
2019-08-06 04:00:00,0.12244816
2019-08-06 04:15:00,0.11328311
2019-08-06 04:30:00,0.098797984
2019-08-06 04:45:00,0.0751656
2019-08-06 05:00:00,0.035439104
2019-08-06 05:15:00,0.0
2019-08-06 05:30:00,0.0
2019-08-06 05:45:00,0.0
2019-08-06 06:00:00,0.0
2019-08-06 06:15:00,5.541324
2019-08-06 06:30:00,9.723947
2019-08-06 06:45:00,42.45343
2019-08-06 07:00:00,49.768612
2019-08-06 07:15:00,268.38858
2019-08-06 07:30:00,314.9895
2019-08-06 07:45:00,591.59906
2019-08-06 08:00:00,643.9613
2019-08-06 08:15:00,926.4772
2019-08-06 08:30:00,1000.7743
2019-08-06 08:45:00,1305.2479
2019-08-06 09:00:00,1369.1842
2019-08-06 09:15:00,1725.5354
2019-08-06 09:30:00,1751.6074
2019-08-06 09:45:00,2181.855
2019-08-06 10:00:00,2193.3062
2019-08-06 10:15:00,2482.5676
2019-08-06 10:30:00,2467.8335
2019-08-06 10:45:00,2475.3433
2019-08-06 11:00:00,2475.8218
2019-08-06 11:15:00,2634.4421
2019-08-06 11:30:00,2638.0269
2019-08-06 11:45:00,2513.6738
2019-08-06 12:00:00,2502.5498
2019-08-06 12:15:00,2352.8535
2019-08-06 12:30:00,2349.7388
2019-08-06 12:45:00,2615.177
2019-08-06 13:00:00,2613.0088
2019-08-06 13:15:00,3014.895
2019-08-06 13:30:00,3017.0447
2019-08-06 13:45:00,3005.486
2019-08-06 14:00:00,3007.213
2019-08-06 14:15:00,2801.7402
2019-08-06 14:30:00,2799.0767
2019-08-06 14:45:00,2715.3398
2019-08-06 15:00:00,2718.1062
2019-08-06 15:15:00,2727.1973
2019-08-06 15:30:00,2771.9624
2019-08-06 15:45:00,2363.5596
2019-08-06 16:00:00,2371.935
2019-08-06 16:15:00,2116.0132
2019-08-06 16:30:00,2218.0593
2019-08-06 16:45:00,1699.422
2019-08-06 17:00:00,1821.485
2019-08-06 17:15:00,1782.524
2019-08-06 17:30:00,2290.1895
2019-08-06 17:45:00,1869.9858
2019-08-06 18:00:00,2046.7148
2019-08-06 18:15:00,999.2361
2019-08-06 18:30:00,1380.142
2019-08-06 18:45:00,515.5322
2019-08-06 19:00:00,780.1633
2019-08-06 19:15:00,296.04935
2019-08-06 19:30:00,238.6716
2019-08-06 19:45:00,34.36462
2019-08-06 20:00:00,0.0
2019-08-06 20:15:00,0.0
2019-08-06 20:30:00,0.0
2019-08-06 20:45:00,0.0
2019-08-06 21:00:00,0.035439104
2019-08-06 21:15:00,0.0751656
2019-08-06 21:30:00,0.098797984
2019-08-06 21:45:00,0.11328311
2019-08-06 22:00:00,0.12244816
2019-08-06 22:15:00,0.12842569
2019-08-06 22:30:00,0.13243367
2019-08-06 22:45:00,0.13518715
2019-08-06 23:00:00,0.13711794
2019-08-06 23:15:00,0.1384933
2019-08-06 23:30:00,0.13948402
2019-08-06 23:45:00,0.14020017
2019-08-07 00:00:00,0.14071389
2019-08-07 00:15:00,0.14107469
2019-08-07 00:30:00,0.23537491
2019-08-07 00:45:00,0.40143728
2019-08-07 01:00:00,0.4563652
2019-08-07 01:15:00,0.40143728
2019-08-07 01:30:00,0.23537491
2019-08-07 01:45:00,0.14107469
2019-08-07 02:00:00,0.14071389
2019-08-07 02:15:00,0.1402
2019-08-07 02:30:00,0.13948412
2019-08-07 02:45:00,0.1384933
2019-08-07 03:00:00,0.13711794
2019-08-07 03:15:00,0.13518715
2019-08-07 03:30:00,0.13243367
2019-08-07 03:45:00,0.12842569
2019-08-07 04:00:00,0.12244816
2019-08-07 04:15:00,0.11328311
2019-08-07 04:30:00,0.098797984
2019-08-07 04:45:00,0.0751656
2019-08-07 05:00:00,0.035439104
2019-08-07 05:15:00,0.0
2019-08-07 05:30:00,0.0
2019-08-07 05:45:00,0.0
2019-08-07 06:00:00,0.0
2019-08-07 06:15:00,5.541324
2019-08-07 06:30:00,9.723947
2019-08-07 06:45:00,35.962425
2019-08-07 07:00:00,43.60972
2019-08-07 07:15:00,259.12332
2019-08-07 07:30:00,304.6911
2019-08-07 07:45:00,574.8121
2019-08-07 08:00:00,632.7529
2019-08-07 08:15:00,908.30994
2019-08-07 08:30:00,1000.5879
2019-08-07 08:45:00,1282.4321
2019-08-07 09:00:00,1359.1289
2019-08-07 09:15:00,1695.3174
2019-08-07 09:30:00,1731.4541
2019-08-07 09:45:00,2158.7039
2019-08-07 10:00:00,2177.3735
2019-08-07 10:15:00,2555.7773
2019-08-07 10:30:00,2528.019
2019-08-07 10:45:00,2702.8499
2019-08-07 11:00:00,2688.5093
2019-08-07 11:15:00,2972.3662
2019-08-07 11:30:00,2967.2065
2019-08-07 11:45:00,3108.726
2019-08-07 12:00:00,3106.7275
2019-08-07 12:15:00,2920.6782
2019-08-07 12:30:00,2918.3525
2019-08-07 12:45:00,2997.2612
2019-08-07 13:00:00,2996.45
2019-08-07 13:15:00,3356.8809
2019-08-07 13:30:00,3362.3022
2019-08-07 13:45:00,3489.2585
2019-08-07 14:00:00,3537.046
2019-08-07 14:15:00,3463.689
2019-08-07 14:30:00,3518.4365
2019-08-07 14:45:00,3395.9058
2019-08-07 15:00:00,3457.125
2019-08-07 15:15:00,3288.8613
2019-08-07 15:30:00,3363.7842
2019-08-07 15:45:00,3122.6597
2019-08-07 16:00:00,3230.3882
2019-08-07 16:15:00,2885.7227
2019-08-07 16:30:00,3024.8416
2019-08-07 16:45:00,2072.58
2019-08-07 17:00:00,2534.044
2019-08-07 17:15:00,1389.5126
2019-08-07 17:30:00,1685.9766
2019-08-07 17:45:00,1105.2615
2019-08-07 18:00:00,1630.11
2019-08-07 18:15:00,700.4061
2019-08-07 18:30:00,1003.5121
2019-08-07 18:45:00,455.19324
2019-08-07 19:00:00,712.4849
2019-08-07 19:15:00,238.6381
2019-08-07 19:30:00,217.92969
2019-08-07 19:45:00,30.358646
2019-08-07 20:00:00,0.0
2019-08-07 20:15:00,0.0
2019-08-07 20:30:00,0.0
2019-08-07 20:45:00,0.0
2019-08-07 21:00:00,0.035439104
2019-08-07 21:15:00,0.0751656
2019-08-07 21:30:00,0.098797984
2019-08-07 21:45:00,0.11328311
2019-08-07 22:00:00,0.12244816
2019-08-07 22:15:00,0.12842569
2019-08-07 22:30:00,0.13243367
2019-08-07 22:45:00,0.13518715
2019-08-07 23:00:00,0.13711794
2019-08-07 23:15:00,0.1384933
2019-08-07 23:30:00,0.13948402
2019-08-07 23:45:00,0.14020017
2019-08-08 00:00:00,0.14071389
2019-08-08 00:15:00,0.14107469
2019-08-08 00:30:00,0.23537491
2019-08-08 00:45:00,0.40143728
2019-08-08 01:00:00,0.4563652
2019-08-08 01:15:00,0.40143728
2019-08-08 01:30:00,0.23537491
2019-08-08 01:45:00,0.14107469
2019-08-08 02:00:00,0.14071389
2019-08-08 02:15:00,0.1402
2019-08-08 02:30:00,0.13948412
2019-08-08 02:45:00,0.1384933
2019-08-08 03:00:00,0.13711794
2019-08-08 03:15:00,0.13518715
2019-08-08 03:30:00,0.13243367
2019-08-08 03:45:00,0.12842569
2019-08-08 04:00:00,0.12244816
2019-08-08 04:15:00,0.11328311
2019-08-08 04:30:00,0.098797984
2019-08-08 04:45:00,0.0751656
2019-08-08 05:00:00,0.035439104
2019-08-08 05:15:00,0.0
2019-08-08 05:30:00,0.0
2019-08-08 05:45:00,0.0
2019-08-08 06:00:00,0.0
2019-08-08 06:15:00,5.541324
2019-08-08 06:30:00,9.723947
2019-08-08 06:45:00,33.783394
2019-08-08 07:00:00,41.543655
2019-08-08 07:15:00,252.48672
2019-08-08 07:30:00,296.63602
2019-08-08 07:45:00,524.2594
2019-08-08 08:00:00,575.80145
2019-08-08 08:15:00,831.2094
2019-08-08 08:30:00,986.8737
2019-08-08 08:45:00,1184.2253
2019-08-08 09:00:00,1383.501
2019-08-08 09:15:00,1668.2014
2019-08-08 09:30:00,1712.9656
2019-08-08 09:45:00,2024.8107
2019-08-08 10:00:00,2078.581
2019-08-08 10:15:00,2267.005
2019-08-08 10:30:00,2281.4438
2019-08-08 10:45:00,2447.1833
2019-08-08 11:00:00,2448.062
2019-08-08 11:15:00,2672.997
2019-08-08 11:30:00,2676.3457
2019-08-08 11:45:00,2623.1514
2019-08-08 12:00:00,2621.658
2019-08-08 12:15:00,2377.5127
2019-08-08 12:30:00,2373.2378
2019-08-08 12:45:00,2317.478
2019-08-08 13:00:00,2316.9487
2019-08-08 13:15:00,2265.5977
2019-08-08 13:30:00,2266.6687
2019-08-08 13:45:00,2205.8267
2019-08-08 14:00:00,2207.4536
2019-08-08 14:15:00,2316.0674
2019-08-08 14:30:00,2313.521
2019-08-08 14:45:00,2711.7998
2019-08-08 15:00:00,2714.3857
2019-08-08 15:15:00,2989.7324
2019-08-08 15:30:00,3199.3486
2019-08-08 15:45:00,2916.9937
2019-08-08 16:00:00,3175.892
2019-08-08 16:15:00,2523.585
2019-08-08 16:30:00,2825.7576
2019-08-08 16:45:00,2054.8306
2019-08-08 17:00:00,2522.3022
2019-08-08 17:15:00,1474.9086
2019-08-08 17:30:00,2000.0178
2019-08-08 17:45:00,968.5985
2019-08-08 18:00:00,1100.9937
2019-08-08 18:15:00,603.8916
2019-08-08 18:30:00,650.6244
2019-08-08 18:45:00,316.33386
2019-08-08 19:00:00,326.46204
2019-08-08 19:15:00,112.16086
2019-08-08 19:30:00,134.72955
2019-08-08 19:45:00,16.801033
2019-08-08 20:00:00,0.0
2019-08-08 20:15:00,0.0
2019-08-08 20:30:00,0.0
2019-08-08 20:45:00,0.0
2019-08-08 21:00:00,0.035439104
2019-08-08 21:15:00,0.0751656
2019-08-08 21:30:00,0.098797984
2019-08-08 21:45:00,0.11328311
2019-08-08 22:00:00,0.12244816
2019-08-08 22:15:00,0.12842569
2019-08-08 22:30:00,0.13243367
2019-08-08 22:45:00,0.13518715
2019-08-08 23:00:00,0.13711794
2019-08-08 23:15:00,0.1384933
2019-08-08 23:30:00,0.13948402
2019-08-08 23:45:00,0.14020017
2019-08-09 00:00:00,0.14071389
2019-08-09 00:15:00,0.14107469
2019-08-09 00:30:00,0.23537491
2019-08-09 00:45:00,0.40143728
2019-08-09 01:00:00,0.4563652
2019-08-09 01:15:00,0.40143728
2019-08-09 01:30:00,0.23537491
2019-08-09 01:45:00,0.14107469
2019-08-09 02:00:00,0.14071389
2019-08-09 02:15:00,0.1402
2019-08-09 02:30:00,0.13948412
2019-08-09 02:45:00,0.1384933
2019-08-09 03:00:00,0.13711794
2019-08-09 03:15:00,0.13518715
2019-08-09 03:30:00,0.13243367
2019-08-09 03:45:00,0.12842569
2019-08-09 04:00:00,0.12244816
2019-08-09 04:15:00,0.11328311
2019-08-09 04:30:00,0.098797984
2019-08-09 04:45:00,0.0751656
2019-08-09 05:00:00,0.035439104
2019-08-09 05:15:00,0.0
2019-08-09 05:30:00,0.0
2019-08-09 05:45:00,0.0
2019-08-09 06:00:00,0.0
2019-08-09 06:15:00,5.541324
2019-08-09 06:30:00,9.723947
2019-08-09 06:45:00,29.402014
2019-08-09 07:00:00,37.39344
2019-08-09 07:15:00,246.052
2019-08-09 07:30:00,288.32635
2019-08-09 07:45:00,532.05096
2019-08-09 08:00:00,587.1793
2019-08-09 08:15:00,829.3605
2019-08-09 08:30:00,982.46716
2019-08-09 08:45:00,1191.7256
2019-08-09 09:00:00,1376.7452
2019-08-09 09:15:00,1504.3706
2019-08-09 09:30:00,1707.4858
2019-08-09 09:45:00,1819.3259
2019-08-09 10:00:00,1924.1096
2019-08-09 10:15:00,2162.8115
2019-08-09 10:30:00,2181.3042
2019-08-09 10:45:00,2357.6267
2019-08-09 11:00:00,2356.5354
2019-08-09 11:15:00,2644.9353
2019-08-09 11:30:00,2648.476
2019-08-09 11:45:00,2721.331
2019-08-09 12:00:00,2722.341
2019-08-09 12:15:00,2658.7686
2019-08-09 12:30:00,2653.5552
2019-08-09 12:45:00,2673.1917
2019-08-09 13:00:00,2671.7139
2019-08-09 13:15:00,2615.177
2019-08-09 13:30:00,2620.8813
2019-08-09 13:45:00,2533.976
2019-08-09 14:00:00,2545.8945
2019-08-09 14:15:00,2533.7153
2019-08-09 14:30:00,2535.7705
2019-08-09 14:45:00,2365.6921
2019-08-09 15:00:00,2370.8489
2019-08-09 15:15:00,2187.3213
2019-08-09 15:30:00,2184.4106
2019-08-09 15:45:00,2153.4775
2019-08-09 16:00:00,2114.9084
2019-08-09 16:15:00,2247.1216
2019-08-09 16:30:00,2432.155
2019-08-09 16:45:00,1858.1665
2019-08-09 17:00:00,2263.6628
2019-08-09 17:15:00,1541.6676
2019-08-09 17:30:00,2094.3054
2019-08-09 17:45:00,1222.9778
2019-08-09 18:00:00,1774.2667
2019-08-09 18:15:00,777.6463
2019-08-09 18:30:00,1257.8987
2019-08-09 18:45:00,410.69818
2019-08-09 19:00:00,610.3176
2019-08-09 19:15:00,144.35124
2019-08-09 19:30:00,172.43608
2019-08-09 19:45:00,9.102669
2019-08-09 20:00:00,0.0
2019-08-09 20:15:00,0.0
2019-08-09 20:30:00,0.0
2019-08-09 20:45:00,0.0
2019-08-09 21:00:00,0.035439104
2019-08-09 21:15:00,0.0751656
2019-08-09 21:30:00,0.098797984
2019-08-09 21:45:00,0.11328311
2019-08-09 22:00:00,0.12244816
2019-08-09 22:15:00,0.12842569
2019-08-09 22:30:00,0.13243367
2019-08-09 22:45:00,0.13518715
2019-08-09 23:00:00,0.13711794
2019-08-09 23:15:00,0.1384933
2019-08-09 23:30:00,0.13948402
2019-08-09 23:45:00,0.14020017
2019-08-10 00:00:00,0.14071389
2019-08-10 00:15:00,0.14107469
2019-08-10 00:30:00,0.23537491
2019-08-10 00:45:00,0.40143728
2019-08-10 01:00:00,0.4563652
2019-08-10 01:15:00,0.40143728
2019-08-10 01:30:00,0.23537491
2019-08-10 01:45:00,0.14107469
2019-08-10 02:00:00,0.14071389
2019-08-10 02:15:00,0.1402
2019-08-10 02:30:00,0.13948412
2019-08-10 02:45:00,0.1384933
2019-08-10 03:00:00,0.13711794
2019-08-10 03:15:00,0.13518715
2019-08-10 03:30:00,0.13243367
2019-08-10 03:45:00,0.12842569
2019-08-10 04:00:00,0.12244816
2019-08-10 04:15:00,0.11328311
2019-08-10 04:30:00,0.098797984
2019-08-10 04:45:00,0.0751656
2019-08-10 05:00:00,0.035439104
2019-08-10 05:15:00,0.0
2019-08-10 05:30:00,0.0
2019-08-10 05:45:00,0.0
2019-08-10 06:00:00,0.0
2019-08-10 06:15:00,5.4371443
2019-08-10 06:30:00,9.177975
2019-08-10 06:45:00,11.735589
2019-08-10 07:00:00,9.935431
2019-08-10 07:15:00,155.89111
2019-08-10 07:30:00,175.05315
2019-08-10 07:45:00,350.9117
2019-08-10 08:00:00,334.9168
2019-08-10 08:15:00,484.1846
2019-08-10 08:30:00,445.648
2019-08-10 08:45:00,819.46234
2019-08-10 09:00:00,736.7972
2019-08-10 09:15:00,765.9385
2019-08-10 09:30:00,661.7533
2019-08-10 09:45:00,715.28516
2019-08-10 10:00:00,696.9256
2019-08-10 10:15:00,1412.6418
2019-08-10 10:30:00,1297.2336
2019-08-10 10:45:00,1775.5491
2019-08-10 11:00:00,1737.2163
2019-08-10 11:15:00,1957.7128
2019-08-10 11:30:00,1947.1199
2019-08-10 11:45:00,1762.9392
2019-08-10 12:00:00,1747.0615
2019-08-10 12:15:00,1917.6548
2019-08-10 12:30:00,1908.6292
2019-08-10 12:45:00,2239.5127
2019-08-10 13:00:00,2239.1138
2019-08-10 13:15:00,2058.9204
2019-08-10 13:30:00,2062.0159
2019-08-10 13:45:00,2255.142
2019-08-10 14:00:00,2256.278
2019-08-10 14:15:00,2318.5156
2019-08-10 14:30:00,2316.3228
2019-08-10 14:45:00,2121.6904
2019-08-10 15:00:00,2112.6506
2019-08-10 15:15:00,2015.8782
2019-08-10 15:30:00,2006.9285
2019-08-10 15:45:00,1859.2266
2019-08-10 16:00:00,1862.03
2019-08-10 16:15:00,1824.4592
2019-08-10 16:30:00,1720.6772
2019-08-10 16:45:00,1561.3108
2019-08-10 17:00:00,1521.6274
2019-08-10 17:15:00,1279.3672
2019-08-10 17:30:00,1371.4121
2019-08-10 17:45:00,1007.8991
2019-08-10 18:00:00,1299.5171
2019-08-10 18:15:00,849.72943
2019-08-10 18:30:00,1328.6746
2019-08-10 18:45:00,455.19324
2019-08-10 19:00:00,712.4849
2019-08-10 19:15:00,129.20311
2019-08-10 19:30:00,157.24615
2019-08-10 19:45:00,6.796627
2019-08-10 20:00:00,0.0
2019-08-10 20:15:00,0.0
2019-08-10 20:30:00,0.0
2019-08-10 20:45:00,0.0
2019-08-10 21:00:00,0.035439104
2019-08-10 21:15:00,0.0751656
2019-08-10 21:30:00,0.098797984
2019-08-10 21:45:00,0.11328311
2019-08-10 22:00:00,0.12244816
2019-08-10 22:15:00,0.12842569
2019-08-10 22:30:00,0.13243367
2019-08-10 22:45:00,0.13518715
2019-08-10 23:00:00,0.13711794
2019-08-10 23:15:00,0.1384933
2019-08-10 23:30:00,0.13948402
2019-08-10 23:45:00,0.14020017
2019-08-11 00:00:00,0.14071389
2019-08-11 00:15:00,0.14107469
2019-08-11 00:30:00,0.23537491
2019-08-11 00:45:00,0.40143728
2019-08-11 01:00:00,0.4563652
2019-08-11 01:15:00,0.40143728
2019-08-11 01:30:00,0.23537491
2019-08-11 01:45:00,0.14107469
2019-08-11 02:00:00,0.14071389
2019-08-11 02:15:00,0.1402
2019-08-11 02:30:00,0.13948412
2019-08-11 02:45:00,0.1384933
2019-08-11 03:00:00,0.13711794
2019-08-11 03:15:00,0.13518715
2019-08-11 03:30:00,0.13243367
2019-08-11 03:45:00,0.12842569
2019-08-11 04:00:00,0.12244816
2019-08-11 04:15:00,0.11328311
2019-08-11 04:30:00,0.098797984
2019-08-11 04:45:00,0.0751656
2019-08-11 05:00:00,0.035439104
2019-08-11 05:15:00,0.0
2019-08-11 05:30:00,0.0
2019-08-11 05:45:00,0.0
2019-08-11 06:00:00,0.0
2019-08-11 06:15:00,5.4371443
2019-08-11 06:30:00,9.177975
2019-08-11 06:45:00,15.127848
2019-08-11 07:00:00,22.700418
2019-08-11 07:15:00,191.4212
2019-08-11 07:30:00,221.60153
2019-08-11 07:45:00,449.92636
2019-08-11 08:00:00,454.56097
2019-08-11 08:15:00,758.478
2019-08-11 08:30:00,800.7003
2019-08-11 08:45:00,1180.7169
2019-08-11 09:00:00,1388.2715
2019-08-11 09:15:00,1596.44
2019-08-11 09:30:00,1669.1199
2019-08-11 09:45:00,2020.7346
2019-08-11 10:00:00,2075.4224
2019-08-11 10:15:00,2410.1877
2019-08-11 10:30:00,2407.0837
2019-08-11 10:45:00,2690.7732
2019-08-11 11:00:00,2677.5007
2019-08-11 11:15:00,2922.7097
2019-08-11 11:30:00,2920.1768
2019-08-11 11:45:00,2975.1206
2019-08-11 12:00:00,2975.2932
2019-08-11 12:15:00,3090.35
2019-08-11 12:30:00,3087.6064
2019-08-11 12:45:00,3123.9746
2019-08-11 13:00:00,3123.1038
2019-08-11 13:15:00,3172.8267
2019-08-11 13:30:00,3175.2424
2019-08-11 13:45:00,3139.7217
2019-08-11 14:00:00,3142.496
2019-08-11 14:15:00,2749.2358
2019-08-11 14:30:00,2746.272
2019-08-11 14:45:00,2480.628
2019-08-11 15:00:00,2479.2896
2019-08-11 15:15:00,2577.658
2019-08-11 15:30:00,2595.4512
2019-08-11 15:45:00,2643.2642
2019-08-11 16:00:00,2759.872
2019-08-11 16:15:00,2240.0125
2019-08-11 16:30:00,2420.7954
2019-08-11 16:45:00,1739.7195
2019-08-11 17:00:00,1893.9348
2019-08-11 17:15:00,1581.8591
2019-08-11 17:30:00,2135.4666
2019-08-11 17:45:00,1080.2351
2019-08-11 18:00:00,1585.5444
2019-08-11 18:15:00,773.2816
2019-08-11 18:30:00,1251.4694
2019-08-11 18:45:00,443.58624
2019-08-11 19:00:00,691.76874
2019-08-11 19:15:00,116.25821
2019-08-11 19:30:00,140.9908
2019-08-11 19:45:00,6.9194417
2019-08-11 20:00:00,0.0
2019-08-11 20:15:00,0.0
2019-08-11 20:30:00,0.0
2019-08-11 20:45:00,0.0
2019-08-11 21:00:00,0.035439104
2019-08-11 21:15:00,0.0751656
2019-08-11 21:30:00,0.098797984
2019-08-11 21:45:00,0.11328311
2019-08-11 22:00:00,0.12244816
2019-08-11 22:15:00,0.12842569
2019-08-11 22:30:00,0.13243367
2019-08-11 22:45:00,0.13518715
2019-08-11 23:00:00,0.13711794
2019-08-11 23:15:00,0.1384933
2019-08-11 23:30:00,0.13948402
2019-08-11 23:45:00,0.14020017
2019-08-12 00:00:00,0.14071389
2019-08-12 00:15:00,0.14107469
2019-08-12 00:30:00,0.23537491
2019-08-12 00:45:00,0.40143728
2019-08-12 01:00:00,0.4563652
2019-08-12 01:15:00,0.40143728
2019-08-12 01:30:00,0.23537491
2019-08-12 01:45:00,0.14107469
2019-08-12 02:00:00,0.14071389
2019-08-12 02:15:00,0.1402
2019-08-12 02:30:00,0.13948412
2019-08-12 02:45:00,0.1384933
2019-08-12 03:00:00,0.13711794
2019-08-12 03:15:00,0.13518715
2019-08-12 03:30:00,0.13243367
2019-08-12 03:45:00,0.12842569
2019-08-12 04:00:00,0.12244816
2019-08-12 04:15:00,0.11328311
2019-08-12 04:30:00,0.098797984
2019-08-12 04:45:00,0.0751656
2019-08-12 05:00:00,0.035439104
2019-08-12 05:15:00,0.0
2019-08-12 05:30:00,0.0
2019-08-12 05:45:00,0.0
2019-08-12 06:00:00,0.0
2019-08-12 06:15:00,5.4371443
2019-08-12 06:30:00,9.177975
2019-08-12 06:45:00,16.057705
2019-08-12 07:00:00,24.813705
2019-08-12 07:15:00,203.18466
2019-08-12 07:30:00,235.49109
2019-08-12 07:45:00,471.5803
2019-08-12 08:00:00,493.02402
2019-08-12 08:15:00,789.7664
2019-08-12 08:30:00,864.5744
2019-08-12 08:45:00,1201.4746
2019-08-12 09:00:00,1365.5653
2019-08-12 09:15:00,1520.9971
2019-08-12 09:30:00,1699.4072
2019-08-12 09:45:00,1821.9617
2019-08-12 10:00:00,1854.8408
2019-08-12 10:15:00,1948.3384
2019-08-12 10:30:00,1953.0979
2019-08-12 10:45:00,2048.0479
2019-08-12 11:00:00,2056.4663
2019-08-12 11:15:00,2090.2476
2019-08-12 11:30:00,2089.9792
2019-08-12 11:45:00,1938.2585
2019-08-12 12:00:00,1930.6279
2019-08-12 12:15:00,2106.0393
2019-08-12 12:30:00,2102.3123
2019-08-12 12:45:00,2096.499
2019-08-12 13:00:00,2095.567
2019-08-12 13:15:00,2106.154
2019-08-12 13:30:00,2108.639
2019-08-12 13:45:00,2274.5886
2019-08-12 14:00:00,2275.7786
2019-08-12 14:15:00,2326.048
2019-08-12 14:30:00,2325.0718
2019-08-12 14:45:00,2255.6052
2019-08-12 15:00:00,2250.5437
2019-08-12 15:15:00,2292.7346
2019-08-12 15:30:00,2288.1184
2019-08-12 15:45:00,2097.664
2019-08-12 16:00:00,2053.96
2019-08-12 16:15:00,1856.7852
2019-08-12 16:30:00,1779.9034
2019-08-12 16:45:00,1514.7871
2019-08-12 17:00:00,1444.2217
2019-08-12 17:15:00,1190.9235
2019-08-12 17:30:00,1049.9746
2019-08-12 17:45:00,825.1418
2019-08-12 18:00:00,757.6113
2019-08-12 18:15:00,577.4795
2019-08-12 18:30:00,611.9184
2019-08-12 18:45:00,378.34277
2019-08-12 19:00:00,496.0619
2019-08-12 19:15:00,133.90337
2019-08-12 19:30:00,161.98898
2019-08-12 19:45:00,6.9194417
2019-08-12 20:00:00,0.0
2019-08-12 20:15:00,0.0
2019-08-12 20:30:00,0.0
2019-08-12 20:45:00,0.0
2019-08-12 21:00:00,0.035439104
2019-08-12 21:15:00,0.0751656
2019-08-12 21:30:00,0.098797984
2019-08-12 21:45:00,0.11328311
2019-08-12 22:00:00,0.12244816
2019-08-12 22:15:00,0.12842569
2019-08-12 22:30:00,0.13243367
2019-08-12 22:45:00,0.13518715
2019-08-12 23:00:00,0.13711794
2019-08-12 23:15:00,0.1384933
2019-08-12 23:30:00,0.13948402
2019-08-12 23:45:00,0.14020017
2019-08-13 00:00:00,0.14071389
2019-08-13 00:15:00,0.14107469
2019-08-13 00:30:00,0.23537491
2019-08-13 00:45:00,0.40143728
2019-08-13 01:00:00,0.4563652
2019-08-13 01:15:00,0.40143728
2019-08-13 01:30:00,0.23537491
2019-08-13 01:45:00,0.14107469
2019-08-13 02:00:00,0.14071389
2019-08-13 02:15:00,0.1402
2019-08-13 02:30:00,0.13948412
2019-08-13 02:45:00,0.1384933
2019-08-13 03:00:00,0.13711794
2019-08-13 03:15:00,0.13518715
2019-08-13 03:30:00,0.13243367
2019-08-13 03:45:00,0.12842569
2019-08-13 04:00:00,0.12244816
2019-08-13 04:15:00,0.11328311
2019-08-13 04:30:00,0.098797984
2019-08-13 04:45:00,0.0751656
2019-08-13 05:00:00,0.035439104
2019-08-13 05:15:00,0.0
2019-08-13 05:30:00,0.0
2019-08-13 05:45:00,0.0
2019-08-13 06:00:00,0.0
2019-08-13 06:15:00,5.4371443
2019-08-13 06:30:00,9.177975
2019-08-13 06:45:00,14.375406
2019-08-13 07:00:00,20.582762
2019-08-13 07:15:00,203.18466
2019-08-13 07:30:00,235.49109
2019-08-13 07:45:00,508.61823
2019-08-13 08:00:00,551.4475
2019-08-13 08:15:00,837.73157
2019-08-13 08:30:00,997.51666
2019-08-13 08:45:00,1230.2405
2019-08-13 09:00:00,1353.9454
2019-08-13 09:15:00,1605.2623
2019-08-13 09:30:00,1673.4075
2019-08-13 09:45:00,2045.8346
2019-08-13 10:00:00,2094.724
2019-08-13 10:15:00,2371.8467
2019-08-13 10:30:00,2374.4097
2019-08-13 10:45:00,2585.227
2019-08-13 11:00:00,2580.531
2019-08-13 11:15:00,2889.1074
2019-08-13 11:30:00,2887.8901
2019-08-13 11:45:00,3064.8418
2019-08-13 12:00:00,3064.0242
2019-08-13 12:15:00,3167.9165
2019-08-13 12:30:00,3164.771
2019-08-13 12:45:00,3245.455
2019-08-13 13:00:00,3244.42
2019-08-13 13:15:00,3318.2764
2019-08-13 13:30:00,3322.8503
2019-08-13 13:45:00,3400.4114
2019-08-13 14:00:00,3423.8145
2019-08-13 14:15:00,3344.423
2019-08-13 14:30:00,3432.1465
2019-08-13 14:45:00,3230.4004
2019-08-13 15:00:00,3405.4556
2019-08-13 15:15:00,3078.5996
2019-08-13 15:30:00,3318.4817
2019-08-13 15:45:00,2901.0278
2019-08-13 16:00:00,3167.289
2019-08-13 16:15:00,2665.6482
2019-08-13 16:30:00,2928.0635
2019-08-13 16:45:00,2275.8223
2019-08-13 17:00:00,2627.6328
2019-08-13 17:15:00,1799.0776
2019-08-13 17:30:00,2296.6064
2019-08-13 17:45:00,1375.0964
2019-08-13 18:00:00,1870.5918
2019-08-13 18:15:00,914.1242
2019-08-13 18:30:00,1358.9225
2019-08-13 18:45:00,502.62717
2019-08-13 19:00:00,769.9335
2019-08-13 19:15:00,144.35124
2019-08-13 19:30:00,172.43608
2019-08-13 19:45:00,6.796627
2019-08-13 20:00:00,0.0
2019-08-13 20:15:00,0.0
2019-08-13 20:30:00,0.0
2019-08-13 20:45:00,0.0
2019-08-13 21:00:00,0.035439104
2019-08-13 21:15:00,0.0751656
2019-08-13 21:30:00,0.098797984
2019-08-13 21:45:00,0.11328311
2019-08-13 22:00:00,0.12244816
2019-08-13 22:15:00,0.12842569
2019-08-13 22:30:00,0.13243367
2019-08-13 22:45:00,0.13518715
2019-08-13 23:00:00,0.13711794
2019-08-13 23:15:00,0.1384933
2019-08-13 23:30:00,0.13948402
2019-08-13 23:45:00,0.14020017
2019-08-14 00:00:00,0.14071389
2019-08-14 00:15:00,0.14107469
2019-08-14 00:30:00,0.23537491
2019-08-14 00:45:00,0.40143728
2019-08-14 01:00:00,0.4563652
2019-08-14 01:15:00,0.40143728
2019-08-14 01:30:00,0.23537491
2019-08-14 01:45:00,0.14107469
2019-08-14 02:00:00,0.14071389
2019-08-14 02:15:00,0.1402
2019-08-14 02:30:00,0.13948412
2019-08-14 02:45:00,0.1384933
2019-08-14 03:00:00,0.13711794
2019-08-14 03:15:00,0.13518715
2019-08-14 03:30:00,0.13243367
2019-08-14 03:45:00,0.12842569
2019-08-14 04:00:00,0.12244816
2019-08-14 04:15:00,0.11328311
2019-08-14 04:30:00,0.098797984
2019-08-14 04:45:00,0.0751656
2019-08-14 05:00:00,0.035439104
2019-08-14 05:15:00,0.0
2019-08-14 05:30:00,0.0
2019-08-14 05:45:00,0.0
2019-08-14 06:00:00,0.0
2019-08-14 06:15:00,5.4371443
2019-08-14 06:30:00,9.177975
2019-08-14 06:45:00,12.839231
2019-08-14 07:00:00,16.335314
2019-08-14 07:15:00,196.19458
2019-08-14 07:30:00,227.19905
2019-08-14 07:45:00,514.5567
2019-08-14 08:00:00,560.8228
2019-08-14 08:15:00,846.1779
2019-08-14 08:30:00,1004.05786
2019-08-14 08:45:00,1214.0753
2019-08-14 09:00:00,1360.7422
2019-08-14 09:15:00,1605.2623
2019-08-14 09:30:00,1673.4075
2019-08-14 09:45:00,2028.9285
2019-08-14 10:00:00,2081.7617
2019-08-14 10:15:00,2418.9397
2019-08-14 10:30:00,2414.486
2019-08-14 10:45:00,2747.694
2019-08-14 11:00:00,2729.2944
2019-08-14 11:15:00,2964.6016
2019-08-14 11:30:00,2959.936
2019-08-14 11:45:00,3150.1304
2019-08-14 12:00:00,3146.092
2019-08-14 12:15:00,3308.7114
2019-08-14 12:30:00,3301.363
2019-08-14 12:45:00,3377.786
2019-08-14 13:00:00,3375.914
2019-08-14 13:15:00,3401.679
2019-08-14 13:30:00,3407.5532
2019-08-14 13:45:00,3382.4062
2019-08-14 14:00:00,3399.8193
2019-08-14 14:15:00,3314.0747
2019-08-14 14:30:00,3370.6382
2019-08-14 14:45:00,3187.8926
2019-08-14 15:00:00,3345.2534
2019-08-14 15:15:00,3022.184
2019-08-14 15:30:00,3270.3135
2019-08-14 15:45:00,2842.2422
2019-08-14 16:00:00,3117.1067
2019-08-14 16:15:00,2577.1694
2019-08-14 16:30:00,2868.618
2019-08-14 16:45:00,2136.805
2019-08-14 17:00:00,2573.3357
2019-08-14 17:15:00,1699.4105
2019-08-14 17:30:00,2243.7407
2019-08-14 17:45:00,1274.3035
2019-08-14 18:00:00,1818.4583
2019-08-14 18:15:00,856.766
2019-08-14 18:30:00,1333.081
2019-08-14 18:45:00,486.107
2019-08-14 19:00:00,753.99365
2019-08-14 19:15:00,144.35124
2019-08-14 19:30:00,172.43608
2019-08-14 19:45:00,6.6632023
2019-08-14 20:00:00,0.0
2019-08-14 20:15:00,0.0
2019-08-14 20:30:00,0.0
2019-08-14 20:45:00,0.0
2019-08-14 21:00:00,0.035439104
2019-08-14 21:15:00,0.0751656
2019-08-14 21:30:00,0.098797984
2019-08-14 21:45:00,0.11328311
2019-08-14 22:00:00,0.12244816
2019-08-14 22:15:00,0.12842569
2019-08-14 22:30:00,0.13243367
2019-08-14 22:45:00,0.13518715
2019-08-14 23:00:00,0.13711794
2019-08-14 23:15:00,0.1384933
2019-08-14 23:30:00,0.13948402
2019-08-14 23:45:00,0.14020017
2019-08-15 00:00:00,0.14071389
2019-08-15 00:15:00,0.14107469
2019-08-15 00:30:00,0.23537491
2019-08-15 00:45:00,0.40143728
2019-08-15 01:00:00,0.4563652
2019-08-15 01:15:00,0.40143728
2019-08-15 01:30:00,0.23537491
2019-08-15 01:45:00,0.14107469
2019-08-15 02:00:00,0.14071389
2019-08-15 02:15:00,0.1402
2019-08-15 02:30:00,0.13948412
2019-08-15 02:45:00,0.1384933
2019-08-15 03:00:00,0.13711794
2019-08-15 03:15:00,0.13518715
2019-08-15 03:30:00,0.13243367
2019-08-15 03:45:00,0.12842569
2019-08-15 04:00:00,0.12244816
2019-08-15 04:15:00,0.11328311
2019-08-15 04:30:00,0.098797984
2019-08-15 04:45:00,0.0751656
2019-08-15 05:00:00,0.035439104
2019-08-15 05:15:00,0.0
2019-08-15 05:30:00,0.0
2019-08-15 05:45:00,0.0
2019-08-15 06:00:00,0.0
2019-08-15 06:15:00,5.4371443
2019-08-15 06:30:00,9.177975
2019-08-15 06:45:00,12.3117075
2019-08-15 07:00:00,14.205742
2019-08-15 07:15:00,173.03897
2019-08-15 07:30:00,198.69702
2019-08-15 07:45:00,442.39578
2019-08-15 08:00:00,444.21323
2019-08-15 08:15:00,758.478
2019-08-15 08:30:00,800.7003
2019-08-15 08:45:00,1207.7234
2019-08-15 09:00:00,1265.3936
2019-08-15 09:15:00,1561.586
2019-08-15 09:30:00,1631.7345
2019-08-15 09:45:00,1821.934
2019-08-15 10:00:00,1928.3801
2019-08-15 10:15:00,2165.951
2019-08-15 10:30:00,2184.411
2019-08-15 10:45:00,2555.166
2019-08-15 11:00:00,2552.3918
2019-08-15 11:15:00,2718.8828
2019-08-15 11:30:00,2721.7417
2019-08-15 11:45:00,2967.9915
2019-08-15 12:00:00,2968.2056
2019-08-15 12:15:00,3228.1685
2019-08-15 12:30:00,3224.0183
2019-08-15 12:45:00,3304.3022
2019-08-15 13:00:00,3302.9414
2019-08-15 13:15:00,3367.3687
2019-08-15 13:30:00,3372.9229
2019-08-15 13:45:00,3367.9739
2019-08-15 14:00:00,3382.8848
2019-08-15 14:15:00,3297.4658
2019-08-15 14:30:00,3338.7964
2019-08-15 14:45:00,3155.2378
2019-08-15 15:00:00,3258.2573
2019-08-15 15:15:00,2971.0312
2019-08-15 15:30:00,3137.4878
2019-08-15 15:45:00,2685.9756
2019-08-15 16:00:00,2815.627
2019-08-15 16:15:00,2473.965
2019-08-15 16:30:00,2784.8545
2019-08-15 16:45:00,2028.0026
2019-08-15 17:00:00,2503.98
2019-08-15 17:15:00,1604.889
2019-08-15 17:30:00,2158.2808
2019-08-15 17:45:00,1181.9213
2019-08-15 18:00:00,1730.0662
2019-08-15 18:15:00,795.58374
2019-08-15 18:30:00,1280.9033
2019-08-15 18:45:00,439.82697
2019-08-15 19:00:00,684.30414
2019-08-15 19:15:00,122.568924
2019-08-15 19:30:00,149.54633
2019-08-15 19:45:00,6.51914
2019-08-15 20:00:00,0.0
2019-08-15 20:15:00,0.0
2019-08-15 20:30:00,0.0
2019-08-15 20:45:00,0.0
2019-08-15 21:00:00,0.035439104
2019-08-15 21:15:00,0.0751656
2019-08-15 21:30:00,0.098797984
2019-08-15 21:45:00,0.11328311
2019-08-15 22:00:00,0.12244816
2019-08-15 22:15:00,0.12842569
2019-08-15 22:30:00,0.13243367
2019-08-15 22:45:00,0.13518715
2019-08-15 23:00:00,0.13711794
2019-08-15 23:15:00,0.1384933
2019-08-15 23:30:00,0.13948402
2019-08-15 23:45:00,0.14020017
2019-08-16 00:00:00,0.14071389
2019-08-16 00:15:00,0.14107469
2019-08-16 00:30:00,0.23537491
2019-08-16 00:45:00,0.40143728
2019-08-16 01:00:00,0.4563652
2019-08-16 01:15:00,0.40143728
2019-08-16 01:30:00,0.23537491
2019-08-16 01:45:00,0.14107469
2019-08-16 02:00:00,0.14071389
2019-08-16 02:15:00,0.1402
2019-08-16 02:30:00,0.13948412
2019-08-16 02:45:00,0.1384933
2019-08-16 03:00:00,0.13711794
2019-08-16 03:15:00,0.13518715
2019-08-16 03:30:00,0.13243367
2019-08-16 03:45:00,0.12842569
2019-08-16 04:00:00,0.12244816
2019-08-16 04:15:00,0.11328311
2019-08-16 04:30:00,0.098797984
2019-08-16 04:45:00,0.0751656
2019-08-16 05:00:00,0.035439104
2019-08-16 05:15:00,0.0
2019-08-16 05:30:00,0.0
2019-08-16 05:45:00,0.0
2019-08-16 06:00:00,0.0
2019-08-16 06:15:00,5.4371443
2019-08-16 06:30:00,9.177975
2019-08-16 06:45:00,12.3117075
2019-08-16 07:00:00,14.205742
2019-08-16 07:15:00,200.87737
2019-08-16 07:30:00,232.74124
2019-08-16 07:45:00,506.60394
2019-08-16 08:00:00,548.25934
2019-08-16 08:15:00,835.36755
2019-08-16 08:30:00,994.41394
2019-08-16 08:45:00,1194.8511
2019-08-16 09:00:00,1374.1288
2019-08-16 09:15:00,1568.9639
2019-08-16 09:30:00,1660.657
2019-08-16 09:45:00,1974.9633
2019-08-16 10:00:00,2039.3005
2019-08-16 10:15:00,2380.2173
2019-08-16 10:30:00,2381.5835
2019-08-16 10:45:00,2662.8477
2019-08-16 11:00:00,2652.0083
2019-08-16 11:15:00,2885.399
2019-08-16 11:30:00,2884.3118
2019-08-16 11:45:00,3086.669
2019-08-16 12:00:00,3085.3594
2019-08-16 12:15:00,3249.751
2019-08-16 12:30:00,3244.9463
2019-08-16 12:45:00,3332.303
2019-08-16 13:00:00,3330.7158
2019-08-16 13:15:00,3353.3755
2019-08-16 13:30:00,3358.738
2019-08-16 13:45:00,3327.4062
2019-08-16 14:00:00,3340.0435
2019-08-16 14:15:00,3251.6084
2019-08-16 14:30:00,3275.0354
2019-08-16 14:45:00,3113.7559
2019-08-16 15:00:00,3166.042
2019-08-16 15:15:00,2951.8906
2019-08-16 15:30:00,3074.5464
2019-08-16 15:45:00,2760.6646
2019-08-16 16:00:00,2972.2427
2019-08-16 16:15:00,2438.169
2019-08-16 16:30:00,2751.9678
2019-08-16 16:45:00,1963.8164
2019-08-16 17:00:00,2454.6846
2019-08-16 17:15:00,1525.0203
2019-08-16 17:30:00,2075.6763
2019-08-16 17:45:00,1105.2615
2019-08-16 18:00:00,1630.11
2019-08-16 18:15:00,734.71545
2019-08-16 18:30:00,1166.9471
2019-08-16 18:45:00,371.09763
2019-08-16 19:00:00,469.90723
2019-08-16 19:15:00,102.10521
2019-08-16 19:30:00,116.882706
2019-08-16 19:45:00,6.364602
2019-08-16 20:00:00,0.0
2019-08-16 20:15:00,0.0
2019-08-16 20:30:00,0.0
2019-08-16 20:45:00,0.0
2019-08-16 21:00:00,0.035439104
2019-08-16 21:15:00,0.0751656
2019-08-16 21:30:00,0.098797984
2019-08-16 21:45:00,0.11328311
2019-08-16 22:00:00,0.12244816
2019-08-16 22:15:00,0.12842569
2019-08-16 22:30:00,0.13243367
2019-08-16 22:45:00,0.13518715
2019-08-16 23:00:00,0.13711794
2019-08-16 23:15:00,0.1384933
2019-08-16 23:30:00,0.13948402
2019-08-16 23:45:00,0.14020017
2019-08-17 00:00:00,0.14071389
2019-08-17 00:15:00,0.14107469
2019-08-17 00:30:00,0.23537491
2019-08-17 00:45:00,0.40143728
2019-08-17 01:00:00,0.4563652
2019-08-17 01:15:00,0.40143728
2019-08-17 01:30:00,0.23537491
2019-08-17 01:45:00,0.14107469
2019-08-17 02:00:00,0.14071389
2019-08-17 02:15:00,0.1402
2019-08-17 02:30:00,0.13948412
2019-08-17 02:45:00,0.1384933
2019-08-17 03:00:00,0.13711794
2019-08-17 03:15:00,0.13518715
2019-08-17 03:30:00,0.13243367
2019-08-17 03:45:00,0.12842569
2019-08-17 04:00:00,0.12244816
2019-08-17 04:15:00,0.11328311
2019-08-17 04:30:00,0.098797984
2019-08-17 04:45:00,0.0751656
2019-08-17 05:00:00,0.035439104
2019-08-17 05:15:00,0.0
2019-08-17 05:30:00,0.0
2019-08-17 05:45:00,0.0
2019-08-17 06:00:00,0.0
2019-08-17 06:15:00,5.4371443
2019-08-17 06:30:00,9.177975
2019-08-17 06:45:00,11.131407
2019-08-17 07:00:00,5.651185
2019-08-17 07:15:00,146.98174
2019-08-17 07:30:00,162.99036
2019-08-17 07:45:00,396.16937
2019-08-17 08:00:00,385.63278
2019-08-17 08:15:00,741.16284
2019-08-17 08:30:00,768.1703
2019-08-17 08:45:00,1210.9915
2019-08-17 09:00:00,1347.1458
2019-08-17 09:15:00,1504.0403
2019-08-17 09:30:00,1706.1113
2019-08-17 09:45:00,1844.6824
2019-08-17 10:00:00,1941.7578
2019-08-17 10:15:00,2198.1182
2019-08-17 10:30:00,2216.058
2019-08-17 10:45:00,2367.873
2019-08-17 11:00:00,2367.2795
2019-08-17 11:15:00,2484.1797
2019-08-17 11:30:00,2483.7437
2019-08-17 11:45:00,2644.4204
2019-08-17 12:00:00,2643.9482
2019-08-17 12:15:00,2773.6714
2019-08-17 12:30:00,2771.516
2019-08-17 12:45:00,3127.4756
2019-08-17 13:00:00,3126.6028
2019-08-17 13:15:00,3283.4531
2019-08-17 13:30:00,3287.14
2019-08-17 13:45:00,3260.6465
2019-08-17 14:00:00,3269.539
2019-08-17 14:15:00,3177.46
2019-08-17 14:30:00,3194.2803
2019-08-17 14:45:00,3037.4043
2019-08-17 15:00:00,3075.1274
2019-08-17 15:15:00,2864.6665
2019-08-17 15:30:00,2935.9082
2019-08-17 15:45:00,2649.2065
2019-08-17 16:00:00,2766.6946
2019-08-17 16:15:00,2285.0405
2019-08-17 16:30:00,2500.689
2019-08-17 16:45:00,1835.237
2019-08-17 17:00:00,2165.2488
2019-08-17 17:15:00,1414.7104
2019-08-17 17:30:00,1793.1428
2019-08-17 17:45:00,1012.8047
2019-08-17 18:00:00,1330.4009
2019-08-17 18:15:00,577.4795
2019-08-17 18:30:00,611.9184
2019-08-17 18:45:00,278.21347
2019-08-17 19:00:00,277.70673
2019-08-17 19:15:00,82.064644
2019-08-17 19:30:00,77.7831
2019-08-17 19:45:00,6.1996098
2019-08-17 20:00:00,0.0
2019-08-17 20:15:00,0.0
2019-08-17 20:30:00,0.0
2019-08-17 20:45:00,0.0
2019-08-17 21:00:00,0.035439104
2019-08-17 21:15:00,0.0751656
2019-08-17 21:30:00,0.098797984
2019-08-17 21:45:00,0.11328311
2019-08-17 22:00:00,0.12244816
2019-08-17 22:15:00,0.12842569
2019-08-17 22:30:00,0.13243367
2019-08-17 22:45:00,0.13518715
2019-08-17 23:00:00,0.13711794
2019-08-17 23:15:00,0.1384933
2019-08-17 23:30:00,0.13948402
2019-08-17 23:45:00,0.14020017
2019-08-18 00:00:00,0.14071389
2019-08-18 00:15:00,0.14107469
2019-08-18 00:30:00,0.23537491
2019-08-18 00:45:00,0.40143728
2019-08-18 01:00:00,0.4563652
2019-08-18 01:15:00,0.40143728
2019-08-18 01:30:00,0.23537491
2019-08-18 01:45:00,0.14107469
2019-08-18 02:00:00,0.14071389
2019-08-18 02:15:00,0.1402
2019-08-18 02:30:00,0.13948412
2019-08-18 02:45:00,0.1384933
2019-08-18 03:00:00,0.13711794
2019-08-18 03:15:00,0.13518715
2019-08-18 03:30:00,0.13243367
2019-08-18 03:45:00,0.12842569
2019-08-18 04:00:00,0.12244816
2019-08-18 04:15:00,0.11328311
2019-08-18 04:30:00,0.098797984
2019-08-18 04:45:00,0.0751656
2019-08-18 05:00:00,0.035439104
2019-08-18 05:15:00,0.0
2019-08-18 05:30:00,0.0
2019-08-18 05:45:00,0.0
2019-08-18 06:00:00,0.0
2019-08-18 06:15:00,5.4371443
2019-08-18 06:30:00,9.177975
2019-08-18 06:45:00,11.131407
2019-08-18 07:00:00,5.651185
2019-08-18 07:15:00,149.22748
2019-08-18 07:30:00,166.01982
2019-08-18 07:45:00,414.57257
2019-08-18 08:00:00,408.2282
2019-08-18 08:15:00,781.1443
2019-08-18 08:30:00,845.8617
2019-08-18 08:45:00,1193.827
2019-08-18 09:00:00,1375.6213
2019-08-18 09:15:00,1531.8645
2019-08-18 09:30:00,1670.5404
2019-08-18 09:45:00,1863.4419
2019-08-18 10:00:00,1952.6526
2019-08-18 10:15:00,2069.0176
2019-08-18 10:30:00,2093.4375
2019-08-18 10:45:00,2251.72
2019-08-18 11:00:00,2247.3882
2019-08-18 11:15:00,2722.4292
2019-08-18 11:30:00,2725.2427
2019-08-18 11:45:00,2989.395
2019-08-18 12:00:00,2989.475
2019-08-18 12:15:00,3086.8198
2019-08-18 12:30:00,3084.085
2019-08-18 12:45:00,3204.0308
2019-08-18 13:00:00,3203.0962
2019-08-18 13:15:00,3356.8809
2019-08-18 13:30:00,3362.3022
2019-08-18 13:45:00,3342.2974
2019-08-18 14:00:00,3355.4207
2019-08-18 14:15:00,3264.1914
2019-08-18 14:30:00,3289.9355
2019-08-18 14:45:00,3068.0586
2019-08-18 15:00:00,3108.0225
2019-08-18 15:15:00,2980.4326
2019-08-18 15:30:00,3169.7822
2019-08-18 15:45:00,2667.3718
2019-08-18 16:00:00,2789.1135
2019-08-18 16:15:00,2077.175
2019-08-18 16:30:00,2137.6829
2019-08-18 16:45:00,1725.5354
2019-08-18 17:00:00,1869.2458
2019-08-18 17:15:00,1597.2888
2019-08-18 17:30:00,2150.773
2019-08-18 17:45:00,1162.5859
2019-08-18 18:00:00,1707.436
2019-08-18 18:15:00,730.4401
2019-08-18 18:30:00,1152.482
2019-08-18 18:45:00,385.5609
2019-08-18 19:00:00,522.72723
2019-08-18 19:15:00,108.11677
2019-08-18 19:30:00,127.976166
2019-08-18 19:45:00,6.283402
2019-08-18 20:00:00,0.0
2019-08-18 20:15:00,0.0
2019-08-18 20:30:00,0.0
2019-08-18 20:45:00,0.0
2019-08-18 21:00:00,0.035439104
2019-08-18 21:15:00,0.0751656
2019-08-18 21:30:00,0.098797984
2019-08-18 21:45:00,0.11328311
2019-08-18 22:00:00,0.12244816
2019-08-18 22:15:00,0.12842569
2019-08-18 22:30:00,0.13243367
2019-08-18 22:45:00,0.13518715
2019-08-18 23:00:00,0.13711794
2019-08-18 23:15:00,0.1384933
2019-08-18 23:30:00,0.13948402
2019-08-18 23:45:00,0.14020017
2019-08-19 00:00:00,0.14071389
2019-08-19 00:15:00,0.14107469
2019-08-19 00:30:00,0.23537491
2019-08-19 00:45:00,0.40143728
2019-08-19 01:00:00,0.4563652
2019-08-19 01:15:00,0.40143728
2019-08-19 01:30:00,0.23537491
2019-08-19 01:45:00,0.14107469
2019-08-19 02:00:00,0.14071389
2019-08-19 02:15:00,0.1402
2019-08-19 02:30:00,0.13948412
2019-08-19 02:45:00,0.1384933
2019-08-19 03:00:00,0.13711794
2019-08-19 03:15:00,0.13518715
2019-08-19 03:30:00,0.13243367
2019-08-19 03:45:00,0.12842569
2019-08-19 04:00:00,0.12244816
2019-08-19 04:15:00,0.11328311
2019-08-19 04:30:00,0.098797984
2019-08-19 04:45:00,0.0751656
2019-08-19 05:00:00,0.035439104
2019-08-19 05:15:00,0.0
2019-08-19 05:30:00,0.0
2019-08-19 05:45:00,0.0
2019-08-19 06:00:00,0.0
2019-08-19 06:15:00,5.4371443
2019-08-19 06:30:00,9.177975
2019-08-19 06:45:00,12.027034
2019-08-19 07:00:00,12.0723915
2019-08-19 07:15:00,196.19458
2019-08-19 07:30:00,227.19905
2019-08-19 07:45:00,510.61368
2019-08-19 08:00:00,554.6044
2019-08-19 08:15:00,844.62146
2019-08-19 08:30:00,1003.2555
2019-08-19 08:45:00,1218.5026
2019-08-19 09:00:00,1358.4382
2019-08-19 09:15:00,1587.8857
2019-08-19 09:30:00,1665.5691
2019-08-19 09:45:00,1850.5195
2019-08-19 10:00:00,1944.9241
2019-08-19 10:15:00,2201.4136
2019-08-19 10:30:00,2219.269
2019-08-19 10:45:00,2585.227
2019-08-19 11:00:00,2580.531
2019-08-19 11:15:00,2290.8345
2019-08-19 11:30:00,2295.3188
2019-08-19 11:45:00,2249.4072
2019-08-19 12:00:00,2249.7712
2019-08-19 12:15:00,2450.308
2019-08-19 12:30:00,2440.9692
2019-08-19 12:45:00,2765.9556
2019-08-19 13:00:00,2765.1372
2019-08-19 13:15:00,3099.4197
2019-08-19 13:30:00,3101.6826
2019-08-19 13:45:00,3118.5742
2019-08-19 14:00:00,3121.004
2019-08-19 14:15:00,2669.002
2019-08-19 14:30:00,2665.8916
2019-08-19 14:45:00,2658.95
2019-08-19 15:00:00,2659.265
2019-08-19 15:15:00,2482.4478
2019-08-19 15:30:00,2487.5503
2019-08-19 15:45:00,2263.4
2019-08-19 16:00:00,2244.1638
2019-08-19 16:15:00,1836.0232
2019-08-19 16:30:00,1745.6841
2019-08-19 16:45:00,1507.2325
2019-08-19 17:00:00,1388.5273
2019-08-19 17:15:00,1212.0585
2019-08-19 17:30:00,1018.50977
2019-08-19 17:45:00,806.94714
2019-08-19 18:00:00,708.12366
2019-08-19 18:15:00,506.604
2019-08-19 18:30:00,484.735
2019-08-19 18:45:00,254.67322
2019-08-19 19:00:00,244.85315
2019-08-19 19:15:00,94.11843
2019-08-19 19:30:00,100.41484
2019-08-19 19:45:00,6.283402
2019-08-19 20:00:00,0.0
2019-08-19 20:15:00,0.0
2019-08-19 20:30:00,0.0
2019-08-19 20:45:00,0.0
2019-08-19 21:00:00,0.035439104
2019-08-19 21:15:00,0.0751656
2019-08-19 21:30:00,0.098797984
2019-08-19 21:45:00,0.11328311
2019-08-19 22:00:00,0.12244816
2019-08-19 22:15:00,0.12842569
2019-08-19 22:30:00,0.13243367
2019-08-19 22:45:00,0.13518715
2019-08-19 23:00:00,0.13711794
2019-08-19 23:15:00,0.1384933
2019-08-19 23:30:00,0.13948402
2019-08-19 23:45:00,0.14020017
2019-08-20 00:00:00,0.14071389
2019-08-20 00:15:00,0.14107469
2019-08-20 00:30:00,0.23537491
2019-08-20 00:45:00,0.40143728
2019-08-20 01:00:00,0.4563652
2019-08-20 01:15:00,0.40143728
2019-08-20 01:30:00,0.23537491
2019-08-20 01:45:00,0.14107469
2019-08-20 02:00:00,0.14071389
2019-08-20 02:15:00,0.1402
2019-08-20 02:30:00,0.13948412
2019-08-20 02:45:00,0.1384933
2019-08-20 03:00:00,0.13711794
2019-08-20 03:15:00,0.13518715
2019-08-20 03:30:00,0.13243367
2019-08-20 03:45:00,0.12842569
2019-08-20 04:00:00,0.12244816
2019-08-20 04:15:00,0.11328311
2019-08-20 04:30:00,0.098797984
2019-08-20 04:45:00,0.0751656
2019-08-20 05:00:00,0.035439104
2019-08-20 05:15:00,0.0
2019-08-20 05:30:00,0.0
2019-08-20 05:45:00,0.0
2019-08-20 06:00:00,0.0
2019-08-20 06:15:00,5.4371443
2019-08-20 06:30:00,9.177975
2019-08-20 06:45:00,11.735589
2019-08-20 07:00:00,9.935431
2019-08-20 07:15:00,186.55908
2019-08-20 07:30:00,215.95096
2019-08-20 07:45:00,491.82184
2019-08-20 08:00:00,525.0676
2019-08-20 08:15:00,827.62225
2019-08-20 08:30:00,977.6605
2019-08-20 08:45:00,1182.4382
2019-08-20 09:00:00,1385.2511
2019-08-20 09:15:00,1513.4429
2019-08-20 09:30:00,1689.5223
2019-08-20 09:45:00,1834.4683
2019-08-20 10:00:00,1936.524
2019-08-20 10:15:00,2132.2046
2019-08-20 10:30:00,2151.1729
2019-08-20 10:45:00,2367.873
2019-08-20 11:00:00,2367.2795
2019-08-20 11:15:00,2173.9504
2019-08-20 11:30:00,2180.8472
2019-08-20 11:45:00,1985.0212
2019-08-20 12:00:00,1977.7224
2019-08-20 12:15:00,1687.9685
2019-08-20 12:30:00,1669.0562
2019-08-20 12:45:00,1657.19
2019-08-20 13:00:00,1653.1875
2019-08-20 13:15:00,1410.5312
2019-08-20 13:30:00,1419.7513
2019-08-20 13:45:00,1321.2069
2019-08-20 14:00:00,1329.4598
2019-08-20 14:15:00,1309.6594
2019-08-20 14:30:00,1316.8772
2019-08-20 14:45:00,1260.4124
2019-08-20 15:00:00,1236.2336
2019-08-20 15:15:00,1118.0168
2019-08-20 15:30:00,1041.8748
2019-08-20 15:45:00,829.0491
2019-08-20 16:00:00,814.0245
2019-08-20 16:15:00,581.39886
2019-08-20 16:30:00,617.3234
2019-08-20 16:45:00,480.95828
2019-08-20 17:00:00,570.96497
2019-08-20 17:15:00,485.15863
2019-08-20 17:30:00,557.5418
2019-08-20 17:45:00,438.4342
2019-08-20 18:00:00,444.21323
2019-08-20 18:15:00,316.42404
2019-08-20 18:30:00,307.3151
2019-08-20 18:45:00,189.00117
2019-08-20 19:00:00,167.09354
2019-08-20 19:15:00,71.87804
2019-08-20 19:30:00,60.61483
2019-08-20 19:45:00,6.113226
2019-08-20 20:00:00,0.0
2019-08-20 20:15:00,0.0
2019-08-20 20:30:00,0.0
2019-08-20 20:45:00,0.0
2019-08-20 21:00:00,0.035439104
2019-08-20 21:15:00,0.0751656
2019-08-20 21:30:00,0.098797984
2019-08-20 21:45:00,0.11328311
2019-08-20 22:00:00,0.12244816
2019-08-20 22:15:00,0.12842569
2019-08-20 22:30:00,0.13243367
2019-08-20 22:45:00,0.13518715
2019-08-20 23:00:00,0.13711794
2019-08-20 23:15:00,0.1384933
2019-08-20 23:30:00,0.13948402
2019-08-20 23:45:00,0.14020017
2019-08-21 00:00:00,0.14071389
2019-08-21 00:15:00,0.14107469
2019-08-21 00:30:00,0.23537491
2019-08-21 00:45:00,0.40143728
2019-08-21 01:00:00,0.4563652
2019-08-21 01:15:00,0.40143728
2019-08-21 01:30:00,0.23537491
2019-08-21 01:45:00,0.14107469
2019-08-21 02:00:00,0.14071389
2019-08-21 02:15:00,0.1402
2019-08-21 02:30:00,0.13948412
2019-08-21 02:45:00,0.1384933
2019-08-21 03:00:00,0.13711794
2019-08-21 03:15:00,0.13518715
2019-08-21 03:30:00,0.13243367
2019-08-21 03:45:00,0.12842569
2019-08-21 04:00:00,0.12244816
2019-08-21 04:15:00,0.11328311
2019-08-21 04:30:00,0.098797984
2019-08-21 04:45:00,0.0751656
2019-08-21 05:00:00,0.035439104
2019-08-21 05:15:00,0.0
2019-08-21 05:30:00,0.0
2019-08-21 05:45:00,0.0
2019-08-21 06:00:00,0.0
2019-08-21 06:15:00,5.4371443
2019-08-21 06:30:00,9.177975
2019-08-21 06:45:00,11.437154
2019-08-21 07:00:00,7.7949915
2019-08-21 07:15:00,160.26788
2019-08-21 07:30:00,181.02722
2019-08-21 07:45:00,335.51016
2019-08-21 08:00:00,317.71762
2019-08-21 08:15:00,601.706
2019-08-21 08:30:00,587.50946
2019-08-21 08:45:00,1053.8046
2019-08-21 09:00:00,977.8566
2019-08-21 09:15:00,1529.605
2019-08-21 09:30:00,1544.6719
2019-08-21 09:45:00,1810.5406
2019-08-21 10:00:00,1828.7988
2019-08-21 10:15:00,2048.724
2019-08-21 10:30:00,2075.477
2019-08-21 10:45:00,2285.889
2019-08-21 11:00:00,2280.8208
2019-08-21 11:15:00,2244.281
2019-08-21 11:30:00,2255.4514
2019-08-21 11:45:00,2459.3564
2019-08-21 12:00:00,2446.1455
2019-08-21 12:15:00,2727.9795
2019-08-21 12:30:00,2725.204
2019-08-21 12:45:00,2715.2158
2019-08-21 13:00:00,2714.1245
2019-08-21 13:15:00,2933.938
2019-08-21 13:30:00,2935.9219
2019-08-21 13:45:00,2955.9805
2019-08-21 14:00:00,2957.5757
2019-08-21 14:15:00,2872.1997
2019-08-21 14:30:00,2870.0283
2019-08-21 14:45:00,2658.95
2019-08-21 15:00:00,2659.265
2019-08-21 15:15:00,2409.0232
2019-08-21 15:30:00,2407.0837
2019-08-21 15:45:00,2026.7305
2019-08-21 16:00:00,1971.8572
2019-08-21 16:15:00,1826.1855
2019-08-21 16:30:00,1660.3882
2019-08-21 16:45:00,1559.9993
2019-08-21 17:00:00,1360.7422
2019-08-21 17:15:00,1215.6873
2019-08-21 17:30:00,1003.7257
2019-08-21 17:45:00,832.18585
2019-08-21 18:00:00,785.30975
2019-08-21 18:15:00,591.59937
2019-08-21 18:30:00,632.44196
2019-08-21 18:45:00,334.55484
2019-08-21 19:00:00,361.5728
2019-08-21 19:15:00,90.116165
2019-08-21 19:30:00,92.11575
2019-08-21 19:45:00,6.113226
2019-08-21 20:00:00,0.0
2019-08-21 20:15:00,0.0
2019-08-21 20:30:00,0.0
2019-08-21 20:45:00,0.0
2019-08-21 21:00:00,0.035439104
2019-08-21 21:15:00,0.0751656
2019-08-21 21:30:00,0.098797984
2019-08-21 21:45:00,0.11328311
2019-08-21 22:00:00,0.12244816
2019-08-21 22:15:00,0.12842569
2019-08-21 22:30:00,0.13243367
2019-08-21 22:45:00,0.13518715
2019-08-21 23:00:00,0.13711794
2019-08-21 23:15:00,0.1384933
2019-08-21 23:30:00,0.13948402
2019-08-21 23:45:00,0.14020017
2019-08-22 00:00:00,0.14071389
2019-08-22 00:15:00,0.14107469
2019-08-22 00:30:00,0.23537491
2019-08-22 00:45:00,0.40143728
2019-08-22 01:00:00,0.4563652
2019-08-22 01:15:00,0.40143728
2019-08-22 01:30:00,0.23537491
2019-08-22 01:45:00,0.14107469
2019-08-22 02:00:00,0.14071389
2019-08-22 02:15:00,0.1402
2019-08-22 02:30:00,0.13948412
2019-08-22 02:45:00,0.1384933
2019-08-22 03:00:00,0.13711794
2019-08-22 03:15:00,0.13518715
2019-08-22 03:30:00,0.13243367
2019-08-22 03:45:00,0.12842569
2019-08-22 04:00:00,0.12244816
2019-08-22 04:15:00,0.11328311
2019-08-22 04:30:00,0.098797984
2019-08-22 04:45:00,0.0751656
2019-08-22 05:00:00,0.035439104
2019-08-22 05:15:00,0.0
2019-08-22 05:30:00,0.0
2019-08-22 05:45:00,0.0
2019-08-22 06:00:00,0.0
2019-08-22 06:15:00,5.4371443
2019-08-22 06:30:00,9.177975
2019-08-22 06:45:00,10.818143
2019-08-22 07:00:00,3.5041199
2019-08-22 07:15:00,153.68265
2019-08-22 07:30:00,172.0515
2019-08-22 07:45:00,309.92615
2019-08-22 08:00:00,290.1116
2019-08-22 08:15:00,511.01227
2019-08-22 08:30:00,475.77582
2019-08-22 08:45:00,775.2594
2019-08-22 09:00:00,685.78406
2019-08-22 09:15:00,915.83496
2019-08-22 09:30:00,796.73987
2019-08-22 09:45:00,1354.6205
2019-08-22 10:00:00,1218.71
2019-08-22 10:15:00,1808.194
2019-08-22 10:30:00,1775.5946
2019-08-22 10:45:00,1963.2385
2019-08-22 11:00:00,1956.1909
2019-08-22 11:15:00,2106.3955
2019-08-22 11:30:00,2107.511
2019-08-22 11:45:00,2417.7036
2019-08-22 12:00:00,2407.04
2019-08-22 12:15:00,2938.317
2019-08-22 12:30:00,2935.9219
2019-08-22 12:45:00,3231.6602
2019-08-22 13:00:00,3230.6663
2019-08-22 13:15:00,3353.3755
2019-08-22 13:30:00,3358.738
2019-08-22 13:45:00,3382.4062
2019-08-22 14:00:00,3399.8193
2019-08-22 14:15:00,3309.9072
2019-08-22 14:30:00,3362.21
2019-08-22 14:45:00,3173.7246
2019-08-22 15:00:00,3310.245
2019-08-22 15:15:00,3003.5723
2019-08-22 15:30:00,3235.816
2019-08-22 15:45:00,2816.464
2019-08-22 16:00:00,3083.7676
2019-08-22 16:15:00,2523.585
2019-08-22 16:30:00,2825.7576
2019-08-22 16:45:00,2054.8306
2019-08-22 17:00:00,2522.3022
2019-08-22 17:15:00,1612.4309
2019-08-22 17:30:00,2165.711
2019-08-22 17:45:00,1188.4662
2019-08-22 18:00:00,1737.4895
2019-08-22 18:15:00,786.49927
2019-08-22 18:30:00,1269.8635
2019-08-22 18:45:00,421.4997
2019-08-22 19:00:00,641.444
2019-08-22 19:15:00,106.10782
2019-08-22 19:30:00,124.40728
2019-08-22 19:45:00,6.113226
2019-08-22 20:00:00,0.0
2019-08-22 20:15:00,0.0
2019-08-22 20:30:00,0.0
2019-08-22 20:45:00,0.0
2019-08-22 21:00:00,0.035439104
2019-08-22 21:15:00,0.0751656
2019-08-22 21:30:00,0.098797984
2019-08-22 21:45:00,0.11328311
2019-08-22 22:00:00,0.12244816
2019-08-22 22:15:00,0.12842569
2019-08-22 22:30:00,0.13243367
2019-08-22 22:45:00,0.13518715
2019-08-22 23:00:00,0.13711794
2019-08-22 23:15:00,0.1384933
2019-08-22 23:30:00,0.13948402
2019-08-22 23:45:00,0.14020017
2019-08-23 00:00:00,0.14071389
2019-08-23 00:15:00,0.14107469
2019-08-23 00:30:00,0.23537491
2019-08-23 00:45:00,0.40143728
2019-08-23 01:00:00,0.4563652
2019-08-23 01:15:00,0.40143728
2019-08-23 01:30:00,0.23537491
2019-08-23 01:45:00,0.14107469
2019-08-23 02:00:00,0.14071389
2019-08-23 02:15:00,0.1402
2019-08-23 02:30:00,0.13948412
2019-08-23 02:45:00,0.1384933
2019-08-23 03:00:00,0.13711794
2019-08-23 03:15:00,0.13518715
2019-08-23 03:30:00,0.13243367
2019-08-23 03:45:00,0.12842569
2019-08-23 04:00:00,0.12244816
2019-08-23 04:15:00,0.11328311
2019-08-23 04:30:00,0.098797984
2019-08-23 04:45:00,0.0751656
2019-08-23 05:00:00,0.035439104
2019-08-23 05:15:00,0.0
2019-08-23 05:30:00,0.0
2019-08-23 05:45:00,0.0
2019-08-23 06:00:00,0.0
2019-08-23 06:15:00,5.4371443
2019-08-23 06:30:00,9.177975
2019-08-23 06:45:00,10.818143
2019-08-23 07:00:00,3.5041199
2019-08-23 07:15:00,175.10912
2019-08-23 07:30:00,201.60281
2019-08-23 07:45:00,477.99005
2019-08-23 08:00:00,503.9837
2019-08-23 08:15:00,828.47986
2019-08-23 08:30:00,980.11304
2019-08-23 08:45:00,1187.5991
2019-08-23 09:00:00,1380.3694
2019-08-23 09:15:00,1563.8301
2019-08-23 09:30:00,1660.2356
2019-08-23 09:45:00,1974.9633
2019-08-23 10:00:00,2039.3005
2019-08-23 10:15:00,2384.4358
2019-08-23 10:30:00,2385.1885
2019-08-23 10:45:00,2674.7715
2019-08-23 11:00:00,2662.9004
2019-08-23 11:15:00,2900.259
2019-08-23 11:30:00,2898.6304
2019-08-23 11:45:00,3090.3252
2019-08-23 12:00:00,3088.918
2019-08-23 12:15:00,3221.0264
2019-08-23 12:30:00,3217.0513
2019-08-23 12:45:00,3290.3901
2019-08-23 13:00:00,3289.1284
2019-08-23 13:15:00,3304.3022
2019-08-23 13:30:00,3308.5076
2019-08-23 13:45:00,3271.6196
2019-08-23 14:00:00,3281.351
2019-08-23 14:15:00,3177.46
2019-08-23 14:30:00,3194.2803
2019-08-23 14:45:00,3016.3965
2019-08-23 15:00:00,3051.8936
2019-08-23 15:15:00,2810.8257
2019-08-23 15:30:00,2878.1084
2019-08-23 15:45:00,2550.6948
2019-08-23 16:00:00,2652.335
2019-08-23 16:15:00,2153.1226
2019-08-23 16:30:00,2286.897
2019-08-23 16:45:00,1703.5918
2019-08-23 17:00:00,1829.4773
2019-08-23 17:15:00,1295.1512
2019-08-23 17:30:00,1407.5432
2019-08-23 17:45:00,917.1973
2019-08-23 18:00:00,983.0715
2019-08-23 18:15:00,559.8142
2019-08-23 18:30:00,584.80994
2019-08-23 18:45:00,248.17883
2019-08-23 19:00:00,235.69171
2019-08-23 19:15:00,59.43816
2019-08-23 19:30:00,42.85766
2019-08-23 19:45:00,5.8386846
2019-08-23 20:00:00,0.0
2019-08-23 20:15:00,0.0
2019-08-23 20:30:00,0.0
2019-08-23 20:45:00,0.0
2019-08-23 21:00:00,0.035439104
2019-08-23 21:15:00,0.0751656
2019-08-23 21:30:00,0.098797984
2019-08-23 21:45:00,0.11328311
2019-08-23 22:00:00,0.12244816
2019-08-23 22:15:00,0.12842569
2019-08-23 22:30:00,0.13243367
2019-08-23 22:45:00,0.13518715
2019-08-23 23:00:00,0.13711794
2019-08-23 23:15:00,0.1384933
2019-08-23 23:30:00,0.13948402
2019-08-23 23:45:00,0.14020017
2019-08-24 00:00:00,0.14071389
2019-08-24 00:15:00,0.14107469
2019-08-24 00:30:00,0.23537491
2019-08-24 00:45:00,0.40143728
2019-08-24 01:00:00,0.4563652
2019-08-24 01:15:00,0.40143728
2019-08-24 01:30:00,0.23537491
2019-08-24 01:45:00,0.14107469
2019-08-24 02:00:00,0.14071389
2019-08-24 02:15:00,0.1402
2019-08-24 02:30:00,0.13948412
2019-08-24 02:45:00,0.1384933
2019-08-24 03:00:00,0.13711794
2019-08-24 03:15:00,0.13518715
2019-08-24 03:30:00,0.13243367
2019-08-24 03:45:00,0.12842569
2019-08-24 04:00:00,0.12244816
2019-08-24 04:15:00,0.11328311
2019-08-24 04:30:00,0.098797984
2019-08-24 04:45:00,0.0751656
2019-08-24 05:00:00,0.035439104
2019-08-24 05:15:00,0.0
2019-08-24 05:30:00,0.0
2019-08-24 05:45:00,0.0
2019-08-24 06:00:00,0.0
2019-08-24 06:15:00,5.4371443
2019-08-24 06:30:00,9.177975
2019-08-24 06:45:00,9.484997
2019-08-24 07:00:00,0.112930275
2019-08-24 07:15:00,123.93803
2019-08-24 07:30:00,135.21878
2019-08-24 07:45:00,380.02234
2019-08-24 08:00:00,366.30536
2019-08-24 08:15:00,761.20184
2019-08-24 08:30:00,805.93
2019-08-24 08:45:00,1213.0269
2019-08-24 09:00:00,1341.0115
2019-08-24 09:15:00,1504.0361
2019-08-24 09:30:00,1706.6858
2019-08-24 09:45:00,1861.1814
2019-08-24 10:00:00,1951.228
2019-08-24 10:15:00,2221.503
2019-08-24 10:30:00,2238.6675
2019-08-24 10:45:00,2518.397
2019-08-24 11:00:00,2517.4849
2019-08-24 11:15:00,2768.8037
2019-08-24 11:30:00,2770.8765
2019-08-24 11:45:00,2992.9668
2019-08-24 12:00:00,2993.0225
2019-08-24 12:15:00,3178.4985
2019-08-24 12:30:00,3175.2424
2019-08-24 12:45:00,3273.0698
2019-08-24 13:00:00,3271.9124
2019-08-24 13:15:00,3290.3901
2019-08-24 13:30:00,3294.2407
2019-08-24 13:45:00,3260.6465
2019-08-24 14:00:00,3269.539
2019-08-24 14:15:00,3169.5566
2019-08-24 14:30:00,3185.3848
2019-08-24 14:45:00,3004.123
2019-08-24 15:00:00,3037.829
2019-08-24 15:15:00,2793.6682
2019-08-24 15:30:00,2857.461
2019-08-24 15:45:00,2535.6455
2019-08-24 16:00:00,2631.1514
2019-08-24 16:15:00,2136.8174
2019-08-24 16:30:00,2257.9497
2019-08-24 16:45:00,1699.422
2019-08-24 17:00:00,1821.485
2019-08-24 17:15:00,1295.1512
2019-08-24 17:30:00,1407.5432
2019-08-24 17:45:00,920.2456
2019-08-24 18:00:00,988.6707
2019-08-24 18:15:00,567.10394
2019-08-24 18:30:00,596.31714
2019-08-24 18:45:00,248.17883
2019-08-24 19:00:00,235.69171
2019-08-24 19:15:00,59.43816
2019-08-24 19:30:00,42.85766
2019-08-24 19:45:00,5.8386846
2019-08-24 20:00:00,0.0
2019-08-24 20:15:00,0.0
2019-08-24 20:30:00,0.0
2019-08-24 20:45:00,0.0
2019-08-24 21:00:00,0.035439104
2019-08-24 21:15:00,0.0751656
2019-08-24 21:30:00,0.098797984
2019-08-24 21:45:00,0.11328311
2019-08-24 22:00:00,0.12244816
2019-08-24 22:15:00,0.12842569
2019-08-24 22:30:00,0.13243367
2019-08-24 22:45:00,0.13518715
2019-08-24 23:00:00,0.13711794
2019-08-24 23:15:00,0.1384933
2019-08-24 23:30:00,0.13948402
2019-08-24 23:45:00,0.14020017
2019-08-25 00:00:00,0.14071389
2019-08-25 00:15:00,0.14107469
2019-08-25 00:30:00,0.23537491
2019-08-25 00:45:00,0.40143728
2019-08-25 01:00:00,0.4563652
2019-08-25 01:15:00,0.40143728
2019-08-25 01:30:00,0.23537491
2019-08-25 01:45:00,0.14107469
2019-08-25 02:00:00,0.14071389
2019-08-25 02:15:00,0.1402
2019-08-25 02:30:00,0.13948412
2019-08-25 02:45:00,0.1384933
2019-08-25 03:00:00,0.13711794
2019-08-25 03:15:00,0.13518715
2019-08-25 03:30:00,0.13243367
2019-08-25 03:45:00,0.12842569
2019-08-25 04:00:00,0.12244816
2019-08-25 04:15:00,0.11328311
2019-08-25 04:30:00,0.098797984
2019-08-25 04:45:00,0.0751656
2019-08-25 05:00:00,0.035439104
2019-08-25 05:15:00,0.0
2019-08-25 05:30:00,0.0
2019-08-25 05:45:00,0.0
2019-08-25 06:00:00,0.0
2019-08-25 06:15:00,5.4371443
2019-08-25 06:30:00,9.177975
2019-08-25 06:45:00,9.484997
2019-08-25 07:00:00,0.112930275
2019-08-25 07:15:00,116.83964
2019-08-25 07:30:00,128.00288
2019-08-25 07:45:00,356.93463
2019-08-25 08:00:00,341.7614
2019-08-25 08:15:00,725.5398
2019-08-25 08:30:00,740.0546
2019-08-25 08:45:00,1215.6873
2019-08-25 09:00:00,1300.9086
2019-08-25 09:15:00,1520.9971
2019-08-25 09:30:00,1699.4072
2019-08-25 09:45:00,1844.6824
2019-08-25 10:00:00,1941.7578
2019-08-25 10:15:00,2235.2036
2019-08-25 10:30:00,2251.7212
2019-08-25 10:45:00,2529.3364
2019-08-25 11:00:00,2527.9321
2019-08-25 11:15:00,2725.9788
2019-08-25 11:30:00,2728.7446
2019-08-25 11:45:00,2879.2678
2019-08-25 12:00:00,2879.8203
2019-08-25 12:15:00,2994.873
2019-08-25 12:30:00,2992.332
2019-08-25 12:45:00,3141.4639
2019-08-25 13:00:00,3140.5852
2019-08-25 13:15:00,3162.3892
2019-08-25 13:30:00,3164.771
2019-08-25 13:45:00,3122.101
2019-08-25 14:00:00,3124.5786
2019-08-25 14:15:00,3021.6025
2019-08-25 14:30:00,3022.3672
2019-08-25 14:45:00,2892.8193
2019-08-25 15:00:00,2907.6929
2019-08-25 15:15:00,2710.937
2019-08-25 15:30:00,2751.4758
2019-08-25 15:45:00,2463.9644
2019-08-25 16:00:00,2517.646
2019-08-25 16:15:00,2072.5547
2019-08-25 16:30:00,2128.0352
2019-08-25 16:45:00,1643.4419
2019-08-25 17:00:00,1694.154
2019-08-25 17:15:00,1264.6321
2019-08-25 17:30:00,1334.0951
2019-08-25 17:45:00,894.3111
2019-08-25 18:00:00,940.6308
2019-08-25 18:15:00,540.07263
2019-08-25 18:30:00,550.32306
2019-08-25 18:45:00,237.66223
2019-08-25 19:00:00,223.10764
2019-08-25 19:15:00,51.003967
2019-08-25 19:30:00,33.158695
2019-08-25 19:45:00,5.7420835
2019-08-25 20:00:00,0.0
2019-08-25 20:15:00,0.0
2019-08-25 20:30:00,0.0
2019-08-25 20:45:00,0.0
2019-08-25 21:00:00,0.035439104
2019-08-25 21:15:00,0.0751656
2019-08-25 21:30:00,0.098797984
2019-08-25 21:45:00,0.11328311
2019-08-25 22:00:00,0.12244816
2019-08-25 22:15:00,0.12842569
2019-08-25 22:30:00,0.13243367
2019-08-25 22:45:00,0.13518715
2019-08-25 23:00:00,0.13711794
2019-08-25 23:15:00,0.1384933
2019-08-25 23:30:00,0.13948402
2019-08-25 23:45:00,0.14020017
2019-08-26 00:00:00,0.14071389
2019-08-26 00:15:00,0.14107469
2019-08-26 00:30:00,0.23537491
2019-08-26 00:45:00,0.40143728
2019-08-26 01:00:00,0.4563652
2019-08-26 01:15:00,0.40143728
2019-08-26 01:30:00,0.23537491
2019-08-26 01:45:00,0.14107469
2019-08-26 02:00:00,0.14071389
2019-08-26 02:15:00,0.1402
2019-08-26 02:30:00,0.13948412
2019-08-26 02:45:00,0.1384933
2019-08-26 03:00:00,0.13711794
2019-08-26 03:15:00,0.13518715
2019-08-26 03:30:00,0.13243367
2019-08-26 03:45:00,0.12842569
2019-08-26 04:00:00,0.12244816
2019-08-26 04:15:00,0.11328311
2019-08-26 04:30:00,0.098797984
2019-08-26 04:45:00,0.0751656
2019-08-26 05:00:00,0.035439104
2019-08-26 05:15:00,0.0
2019-08-26 05:30:00,0.0
2019-08-26 05:45:00,0.0
2019-08-26 06:00:00,0.0
2019-08-26 06:15:00,5.4371443
2019-08-26 06:30:00,9.177975
2019-08-26 06:45:00,9.484997
2019-08-26 07:00:00,0.112930275
2019-08-26 07:15:00,107.25642
2019-08-26 07:30:00,118.39502
2019-08-26 07:45:00,219.22325
2019-08-26 08:00:00,196.66304
2019-08-26 08:15:00,475.99796
2019-08-26 08:30:00,435.79007
2019-08-26 08:45:00,959.5309
2019-08-26 09:00:00,842.32074
2019-08-26 09:15:00,1231.1017
2019-08-26 09:30:00,1097.5833
2019-08-26 09:45:00,1167.002
2019-08-26 10:00:00,1007.45325
2019-08-26 10:15:00,958.949
2019-08-26 10:30:00,988.80554
2019-08-26 10:45:00,1018.3559
2019-08-26 11:00:00,1038.6562
2019-08-26 11:15:00,1135.1085
2019-08-26 11:30:00,1131.6101
2019-08-26 11:45:00,1324.1304
2019-08-26 12:00:00,1315.0956
2019-08-26 12:15:00,1590.2407
2019-08-26 12:30:00,1571.6584
2019-08-26 12:45:00,2066.0154
2019-08-26 13:00:00,2064.939
2019-08-26 13:15:00,2136.6072
2019-08-26 13:30:00,2138.7017
2019-08-26 13:45:00,1908.2767
2019-08-26 14:00:00,1917.1841
2019-08-26 14:15:00,1864.3712
2019-08-26 14:30:00,1872.6367
2019-08-26 14:45:00,1900.2198
2019-08-26 15:00:00,1915.9224
2019-08-26 15:15:00,1984.94
2019-08-26 15:30:00,1981.5336
2019-08-26 15:45:00,1995.6844
2019-08-26 16:00:00,1941.7578
2019-08-26 16:15:00,1813.3569
2019-08-26 16:30:00,1678.7673
2019-08-26 16:45:00,1554.681
2019-08-26 17:00:00,1351.6649
2019-08-26 17:15:00,1182.4382
2019-08-26 17:30:00,1112.2386
2019-08-26 17:45:00,851.2106
2019-08-26 18:00:00,844.7151
2019-08-26 18:15:00,540.07263
2019-08-26 18:30:00,550.32306
2019-08-26 18:45:00,270.7899
2019-08-26 19:00:00,267.4084
2019-08-26 19:15:00,71.87804
2019-08-26 19:30:00,60.61483
2019-08-26 19:45:00,5.7420835
2019-08-26 20:00:00,0.0
2019-08-26 20:15:00,0.0
2019-08-26 20:30:00,0.0
2019-08-26 20:45:00,0.0
2019-08-26 21:00:00,0.035439104
2019-08-26 21:15:00,0.0751656
2019-08-26 21:30:00,0.098797984
2019-08-26 21:45:00,0.11328311
2019-08-26 22:00:00,0.12244816
2019-08-26 22:15:00,0.12842569
2019-08-26 22:30:00,0.13243367
2019-08-26 22:45:00,0.13518715
2019-08-26 23:00:00,0.13711794
2019-08-26 23:15:00,0.1384933
2019-08-26 23:30:00,0.13948402
2019-08-26 23:45:00,0.14020017
2019-08-27 00:00:00,0.14071389
2019-08-27 00:15:00,0.14107469
2019-08-27 00:30:00,0.23537491
2019-08-27 00:45:00,0.40143728
2019-08-27 01:00:00,0.4563652
2019-08-27 01:15:00,0.40143728
2019-08-27 01:30:00,0.23537491
2019-08-27 01:45:00,0.14107469
2019-08-27 02:00:00,0.14071389
2019-08-27 02:15:00,0.1402
2019-08-27 02:30:00,0.13948412
2019-08-27 02:45:00,0.1384933
2019-08-27 03:00:00,0.13711794
2019-08-27 03:15:00,0.13518715
2019-08-27 03:30:00,0.13243367
2019-08-27 03:45:00,0.12842569
2019-08-27 04:00:00,0.12244816
2019-08-27 04:15:00,0.11328311
2019-08-27 04:30:00,0.098797984
2019-08-27 04:45:00,0.0751656
2019-08-27 05:00:00,0.035439104
2019-08-27 05:15:00,0.0
2019-08-27 05:30:00,0.0
2019-08-27 05:45:00,0.0
2019-08-27 06:00:00,0.0
2019-08-27 06:15:00,5.4371443
2019-08-27 06:30:00,9.177975
2019-08-27 06:45:00,10.168033
2019-08-27 07:00:00,1.3413883
2019-08-27 07:15:00,135.58607
2019-08-27 07:30:00,147.71753
2019-08-27 07:45:00,290.05728
2019-08-27 08:00:00,269.489
2019-08-27 08:15:00,554.37524
2019-08-27 08:30:00,526.9549
2019-08-27 08:45:00,835.6546
2019-08-27 09:00:00,747.71106
2019-08-27 09:15:00,1357.6364
2019-08-27 09:30:00,1279.0844
2019-08-27 09:45:00,1804.1879
2019-08-27 10:00:00,1817.4608
2019-08-27 10:15:00,2023.519
2019-08-27 10:30:00,2049.1685
2019-08-27 10:45:00,2015.8782
2019-08-27 11:00:00,2018.4376
2019-08-27 11:15:00,1427.1006
2019-08-27 11:30:00,1412.6934
2019-08-27 11:45:00,1298.8228
2019-08-27 12:00:00,1290.0565
2019-08-27 12:15:00,1903.5232
2019-08-27 12:30:00,1893.7102
2019-08-27 12:45:00,2219.1882
2019-08-27 13:00:00,2218.749
2019-08-27 13:15:00,2297.7427
2019-08-27 13:30:00,2299.0059
2019-08-27 13:45:00,2337.7737
2019-08-27 14:00:00,2340.4214
2019-08-27 14:15:00,2306.529
2019-08-27 14:30:00,2302.8396
2019-08-27 14:45:00,2194.3113
2019-08-27 15:00:00,2177.3625
2019-08-27 15:15:00,1956.7258
2019-08-27 15:30:00,1958.5164
2019-08-27 15:45:00,1700.3596
2019-08-27 16:00:00,1740.5222
2019-08-27 16:15:00,1643.3108
2019-08-27 16:30:00,1650.1658
2019-08-27 16:45:00,1484.8938
2019-08-27 17:00:00,1388.2715
2019-08-27 17:15:00,1184.7886
2019-08-27 17:30:00,1002.8082
2019-08-27 17:45:00,791.77
2019-08-27 18:00:00,689.44696
2019-08-27 18:15:00,494.01706
2019-08-27 18:30:00,462.98706
2019-08-27 18:45:00,233.49829
2019-08-27 19:00:00,218.06989
2019-08-27 19:15:00,53.123417
2019-08-27 19:30:00,35.43596
2019-08-27 19:45:00,5.6429534
2019-08-27 20:00:00,0.0
2019-08-27 20:15:00,0.0
2019-08-27 20:30:00,0.0
2019-08-27 20:45:00,0.0
2019-08-27 21:00:00,0.035439104
2019-08-27 21:15:00,0.0751656
2019-08-27 21:30:00,0.098797984
2019-08-27 21:45:00,0.11328311
2019-08-27 22:00:00,0.12244816
2019-08-27 22:15:00,0.12842569
2019-08-27 22:30:00,0.13243367
2019-08-27 22:45:00,0.13518715
2019-08-27 23:00:00,0.13711794
2019-08-27 23:15:00,0.1384933
2019-08-27 23:30:00,0.13948402
2019-08-27 23:45:00,0.14020017
2019-08-28 00:00:00,0.14071389
2019-08-28 00:15:00,0.14107469
2019-08-28 00:30:00,0.23537491
2019-08-28 00:45:00,0.40143728
2019-08-28 01:00:00,0.4563652
2019-08-28 01:15:00,0.40143728
2019-08-28 01:30:00,0.23537491
2019-08-28 01:45:00,0.14107469
2019-08-28 02:00:00,0.14071389
2019-08-28 02:15:00,0.1402
2019-08-28 02:30:00,0.13948412
2019-08-28 02:45:00,0.1384933
2019-08-28 03:00:00,0.13711794
2019-08-28 03:15:00,0.13518715
2019-08-28 03:30:00,0.13243367
2019-08-28 03:45:00,0.12842569
2019-08-28 04:00:00,0.12244816
2019-08-28 04:15:00,0.11328311
2019-08-28 04:30:00,0.098797984
2019-08-28 04:45:00,0.0751656
2019-08-28 05:00:00,0.035439104
2019-08-28 05:15:00,0.0
2019-08-28 05:30:00,0.0
2019-08-28 05:45:00,0.0
2019-08-28 06:00:00,0.0
2019-08-28 06:15:00,5.4371443
2019-08-28 06:30:00,9.177975
2019-08-28 06:45:00,9.484997
2019-08-28 07:00:00,0.112930275
2019-08-28 07:15:00,140.17644
2019-08-28 07:30:00,153.85074
2019-08-28 07:45:00,449.92636
2019-08-28 08:00:00,454.56097
2019-08-28 08:15:00,799.1568
2019-08-28 08:30:00,886.78754
2019-08-28 08:45:00,1213.8882
2019-08-28 09:00:00,1337.8063
2019-08-28 09:15:00,1526.9656
2019-08-28 09:30:00,1539.9097
2019-08-28 09:45:00,1772.9602
2019-08-28 10:00:00,1769.7623
2019-08-28 10:15:00,1994.0479
2019-08-28 10:30:00,2011.2607
2019-08-28 10:45:00,1990.842
2019-08-28 11:00:00,1988.8435
2019-08-28 11:15:00,1616.4596
2019-08-28 11:30:00,1614.7864
2019-08-28 11:45:00,1718.6085
2019-08-28 12:00:00,1698.4731
2019-08-28 12:15:00,1577.1356
2019-08-28 12:30:00,1558.7314
2019-08-28 12:45:00,1721.4001
2019-08-28 13:00:00,1717.4004
2019-08-28 13:15:00,2083.2375
2019-08-28 13:30:00,2086.0154
2019-08-28 13:45:00,2186.5393
2019-08-28 14:00:00,2188.5596
2019-08-28 14:15:00,2027.9608
2019-08-28 14:30:00,2034.3582
2019-08-28 14:45:00,1575.0397
2019-08-28 15:00:00,1588.0383
2019-08-28 15:15:00,1220.5371
2019-08-28 15:30:00,1287.7869
2019-08-28 15:45:00,1623.396
2019-08-28 16:00:00,1681.5416
2019-08-28 16:15:00,1620.7678
2019-08-28 16:30:00,1634.9568
2019-08-28 16:45:00,1108.983
2019-08-28 17:00:00,1196.8604
2019-08-28 17:15:00,790.1673
2019-08-28 17:30:00,831.28094
2019-08-28 17:45:00,586.5374
2019-08-28 18:00:00,566.9126
2019-08-28 18:15:00,423.31772
2019-08-28 18:30:00,376.72098
2019-08-28 18:45:00,216.57188
2019-08-28 19:00:00,197.78705
2019-08-28 19:15:00,51.003967
2019-08-28 19:30:00,33.158695
2019-08-28 19:45:00,5.6429534
2019-08-28 20:00:00,0.0
2019-08-28 20:15:00,0.0
2019-08-28 20:30:00,0.0
2019-08-28 20:45:00,0.0
2019-08-28 21:00:00,0.035439104
2019-08-28 21:15:00,0.0751656
2019-08-28 21:30:00,0.098797984
2019-08-28 21:45:00,0.11328311
2019-08-28 22:00:00,0.12244816
2019-08-28 22:15:00,0.12842569
2019-08-28 22:30:00,0.13243367
2019-08-28 22:45:00,0.13518715
2019-08-28 23:00:00,0.13711794
2019-08-28 23:15:00,0.1384933
2019-08-28 23:30:00,0.13948402
2019-08-28 23:45:00,0.14020017
2019-08-29 00:00:00,0.14071389
2019-08-29 00:15:00,0.14107469
2019-08-29 00:30:00,0.23537491
2019-08-29 00:45:00,0.40143728
2019-08-29 01:00:00,0.4563652
2019-08-29 01:15:00,0.40143728
2019-08-29 01:30:00,0.23537491
2019-08-29 01:45:00,0.14107469
2019-08-29 02:00:00,0.14071389
2019-08-29 02:15:00,0.1402
2019-08-29 02:30:00,0.13948412
2019-08-29 02:45:00,0.1384933
2019-08-29 03:00:00,0.13711794
2019-08-29 03:15:00,0.13518715
2019-08-29 03:30:00,0.13243367
2019-08-29 03:45:00,0.12842569
2019-08-29 04:00:00,0.12244816
2019-08-29 04:15:00,0.11328311
2019-08-29 04:30:00,0.098797984
2019-08-29 04:45:00,0.0751656
2019-08-29 05:00:00,0.035439104
2019-08-29 05:15:00,0.0
2019-08-29 05:30:00,0.0
2019-08-29 05:45:00,0.0
2019-08-29 06:00:00,0.0
2019-08-29 06:15:00,5.4371443
2019-08-29 06:30:00,9.177975
2019-08-29 06:45:00,9.484997
2019-08-29 07:00:00,0.112930275
2019-08-29 07:15:00,155.89111
2019-08-29 07:30:00,175.05315
2019-08-29 07:45:00,471.5803
2019-08-29 08:00:00,493.02402
2019-08-29 08:15:00,822.70044
2019-08-29 08:30:00,961.0388
2019-08-29 08:45:00,1181.0513
2019-08-29 09:00:00,1386.691
2019-08-29 09:15:00,1522.5679
2019-08-29 09:30:00,1678.7673
2019-08-29 09:45:00,1989.5968
2019-08-29 10:00:00,2050.982
2019-08-29 10:15:00,2436.6982
2019-08-29 10:30:00,2429.4507
2019-08-29 10:45:00,2670.789
2019-08-29 11:00:00,2659.265
2019-08-29 11:15:00,2613.4976
2019-08-29 11:30:00,2617.1096
2019-08-29 11:45:00,2311.25
2019-08-29 12:00:00,2311.396
2019-08-29 12:15:00,2248.62
2019-08-29 12:30:00,2247.1921
2019-08-29 12:45:00,1926.4185
2019-08-29 13:00:00,1924.1365
2019-08-29 13:15:00,2021.5864
2019-08-29 13:30:00,2025.2375
2019-08-29 13:45:00,2150.0508
2019-08-29 14:00:00,2153.0056
2019-08-29 14:15:00,2160.2246
2019-08-29 14:30:00,2159.7568
2019-08-29 14:45:00,2255.6052
2019-08-29 15:00:00,2250.5437
2019-08-29 15:15:00,2333.738
2019-08-29 15:30:00,2328.8123
2019-08-29 15:45:00,2277.932
2019-08-29 16:00:00,2262.1797
2019-08-29 16:15:00,1890.7471
2019-08-29 16:30:00,1829.6499
2019-08-29 16:45:00,1614.36
2019-08-29 17:00:00,1623.0647
2019-08-29 17:15:00,1232.6936
2019-08-29 17:30:00,1244.399
2019-08-29 17:45:00,894.3111
2019-08-29 18:00:00,940.6308
2019-08-29 18:15:00,620.5867
2019-08-29 18:30:00,678.1064
2019-08-29 18:45:00,309.1277
2019-08-29 19:00:00,315.41678
2019-08-29 19:15:00,57.34044
2019-08-29 19:30:00,40.279892
2019-08-29 19:45:00,5.541324
2019-08-29 20:00:00,0.0
2019-08-29 20:15:00,0.0
2019-08-29 20:30:00,0.0
2019-08-29 20:45:00,0.0
2019-08-29 21:00:00,0.035439104
2019-08-29 21:15:00,0.0751656
2019-08-29 21:30:00,0.098797984
2019-08-29 21:45:00,0.11328311
2019-08-29 22:00:00,0.12244816
2019-08-29 22:15:00,0.12842569
2019-08-29 22:30:00,0.13243367
2019-08-29 22:45:00,0.13518715
2019-08-29 23:00:00,0.13711794
2019-08-29 23:15:00,0.1384933
2019-08-29 23:30:00,0.13948402
2019-08-29 23:45:00,0.14020017
2019-08-30 00:00:00,0.14071389
2019-08-30 00:15:00,0.14107469
2019-08-30 00:30:00,0.23537491
2019-08-30 00:45:00,0.40143728
2019-08-30 01:00:00,0.4563652
2019-08-30 01:15:00,0.40143728
2019-08-30 01:30:00,0.23537491
2019-08-30 01:45:00,0.14107469
2019-08-30 02:00:00,0.14071389
2019-08-30 02:15:00,0.1402
2019-08-30 02:30:00,0.13948412
2019-08-30 02:45:00,0.1384933
2019-08-30 03:00:00,0.13711794
2019-08-30 03:15:00,0.13518715
2019-08-30 03:30:00,0.13243367
2019-08-30 03:45:00,0.12842569
2019-08-30 04:00:00,0.12244816
2019-08-30 04:15:00,0.11328311
2019-08-30 04:30:00,0.098797984
2019-08-30 04:45:00,0.0751656
2019-08-30 05:00:00,0.035439104
2019-08-30 05:15:00,0.0
2019-08-30 05:30:00,0.0
2019-08-30 05:45:00,0.0
2019-08-30 06:00:00,0.0
2019-08-30 06:15:00,5.4371443
2019-08-30 06:30:00,9.177975
2019-08-30 06:45:00,9.130604
2019-08-30 07:00:00,0.0
2019-08-30 07:15:00,146.98174
2019-08-30 07:30:00,162.99036
2019-08-30 07:45:00,454.703
2019-08-30 08:00:00,462.42514
2019-08-30 08:15:00,819.2858
2019-08-30 08:30:00,948.3118
2019-08-30 08:45:00,1179.5609
2019-08-30 09:00:00,1388.5222
2019-08-30 09:15:00,1505.7405
2019-08-30 09:30:00,1707.815
2019-08-30 09:45:00,1820.1278
2019-08-30 10:00:00,1925.9089
2019-08-30 10:15:00,2285.3118
2019-08-30 10:30:00,2298.186
2019-08-30 10:45:00,2486.0117
2019-08-30 11:00:00,2486.2266
2019-08-30 11:15:00,2658.95
2019-08-30 11:30:00,2662.4075
2019-08-30 11:45:00,3050.3784
2019-08-30 12:00:00,3049.8125
2019-08-30 12:15:00,3242.5269
2019-08-30 12:30:00,3237.9634
2019-08-30 12:45:00,3300.821
2019-08-30 13:00:00,3299.4834
2019-08-30 13:15:00,3297.3384
2019-08-30 13:30:00,3301.363
2019-08-30 13:45:00,3118.5742
2019-08-30 14:00:00,3121.004
2019-08-30 14:15:00,2808.7637
2019-08-30 14:30:00,2806.1387
2019-08-30 14:45:00,2964.6016
2019-08-30 15:00:00,2990.8457
2019-08-30 15:15:00,2828.3262
2019-08-30 15:30:00,2897.9316
2019-08-30 15:45:00,2576.48
2019-08-30 16:00:00,2685.3918
2019-08-30 16:15:00,2158.7039
2019-08-30 16:30:00,2296.3481
2019-08-30 16:45:00,1699.422
2019-08-30 17:00:00,1821.485
2019-08-30 17:15:00,1279.3672
2019-08-30 17:30:00,1371.4121
2019-08-30 17:45:00,894.3111
2019-08-30 18:00:00,940.6308
2019-08-30 18:15:00,550.68536
2019-08-30 18:30:00,569.5267
2019-08-30 18:45:00,227.23033
2019-08-30 19:00:00,210.49152
2019-08-30 19:15:00,31.596704
2019-08-30 19:30:00,22.82535
2019-08-30 19:45:00,5.4371443
2019-08-30 20:00:00,0.0
2019-08-30 20:15:00,0.0
2019-08-30 20:30:00,0.0
2019-08-30 20:45:00,0.0
2019-08-30 21:00:00,0.035439104
2019-08-30 21:15:00,0.0751656
2019-08-30 21:30:00,0.098797984
2019-08-30 21:45:00,0.11328311
2019-08-30 22:00:00,0.12244816
2019-08-30 22:15:00,0.12842569
2019-08-30 22:30:00,0.13243367
2019-08-30 22:45:00,0.13518715
2019-08-30 23:00:00,0.13711794
2019-08-30 23:15:00,0.1384933
2019-08-30 23:30:00,0.13948402
2019-08-30 23:45:00,0.14020017
2019-08-31 00:00:00,0.14071389
2019-08-31 00:15:00,0.14107469
2019-08-31 00:30:00,0.23537491
2019-08-31 00:45:00,0.40143728
2019-08-31 01:00:00,0.4563652
2019-08-31 01:15:00,0.40143728
2019-08-31 01:30:00,0.23537491
2019-08-31 01:45:00,0.14107469
2019-08-31 02:00:00,0.14071389
2019-08-31 02:15:00,0.1402
2019-08-31 02:30:00,0.13948412
2019-08-31 02:45:00,0.1384933
2019-08-31 03:00:00,0.13711794
2019-08-31 03:15:00,0.13518715
2019-08-31 03:30:00,0.13243367
2019-08-31 03:45:00,0.12842569
2019-08-31 04:00:00,0.12244816
2019-08-31 04:15:00,0.11328311
2019-08-31 04:30:00,0.098797984
2019-08-31 04:45:00,0.0751656
2019-08-31 05:00:00,0.035439104
2019-08-31 05:15:00,0.0
2019-08-31 05:30:00,0.0
2019-08-31 05:45:00,0.0
2019-08-31 06:00:00,0.0
2019-08-31 06:15:00,5.4371443
2019-08-31 06:30:00,9.177975
2019-08-31 06:45:00,8.767376
2019-08-31 07:00:00,0.0
2019-08-31 07:15:00,135.58607
2019-08-31 07:30:00,147.71753
2019-08-31 07:45:00,434.4615
2019-08-31 08:00:00,433.6533
2019-08-31 08:15:00,812.1082
2019-08-31 08:30:00,923.3181
2019-08-31 08:45:00,1179.4885
2019-08-31 09:00:00,1388.8599
2019-08-31 09:15:00,1544.6305
2019-08-31 09:30:00,1663.3689
2019-08-31 09:45:00,1960.9211
2019-08-31 10:00:00,2027.995
2019-08-31 10:15:00,2388.6733
2019-08-31 10:30:00,2388.8062
2019-08-31 10:45:00,2694.7915
2019-08-31 11:00:00,2681.164
2019-08-31 11:15:00,2934.0244
2019-08-31 11:30:00,2930.9854
2019-08-31 11:45:00,3127.3574
2019-08-31 12:00:00,3124.5786
2019-08-31 12:15:00,3231.748
2019-08-31 12:30:00,3227.5034
2019-08-31 12:45:00,3370.849
2019-08-31 13:00:00,3369.0068
2019-08-31 13:15:00,3391.5188
2019-08-31 13:30:00,3397.2788
2019-08-31 13:45:00,3367.9739
2019-08-31 14:00:00,3382.8848
2019-08-31 14:15:00,3285.0356
2019-08-31 14:30:00,3318.4038
2019-08-31 14:45:00,3132.2253
2019-08-31 15:00:00,3200.5264
2019-08-31 15:15:00,2947.0405
2019-08-31 15:30:00,3060.747
2019-08-31 15:45:00,2723.7627
2019-08-31 16:00:00,2884.7231
2019-08-31 16:15:00,2335.9924
2019-08-31 16:30:00,2606.9111
2019-08-31 16:45:00,1754.8254
2019-08-31 17:00:00,1920.7369
2019-08-31 17:15:00,1319.6418
2019-08-31 17:30:00,1460.6724
2019-08-31 17:45:00,908.30994
2019-08-31 18:00:00,966.79895
2019-08-31 18:15:00,582.968
2019-08-31 18:30:00,619.9375
2019-08-31 18:45:00,268.38858
2019-08-31 19:00:00,264.09134
2019-08-31 19:15:00,48.877396
2019-08-31 19:30:00,30.968952
2019-08-31 19:45:00,5.4371443
2019-08-31 20:00:00,0.0
2019-08-31 20:15:00,0.0
2019-08-31 20:30:00,0.0
2019-08-31 20:45:00,0.0
2019-08-31 21:00:00,0.035439104
2019-08-31 21:15:00,0.0751656
2019-08-31 21:30:00,0.098797984
2019-08-31 21:45:00,0.11328311
2019-08-31 22:00:00,0.12244816
2019-08-31 22:15:00,0.12842569
2019-08-31 22:30:00,0.13243367
2019-08-31 22:45:00,0.13518715
2019-08-31 23:00:00,0.13711794
2019-08-31 23:15:00,0.1384933
2019-08-31 23:30:00,0.13948402
2019-08-31 23:45:00,0.14020017
2019-09-01 00:00:00,0.14071389
2019-09-01 00:15:00,0.14107469
2019-09-01 00:30:00,0.23537491
2019-09-01 00:45:00,0.40143728
2019-09-01 01:00:00,0.4563652
2019-09-01 01:15:00,0.40143728
2019-09-01 01:30:00,0.23537491
2019-09-01 01:45:00,0.14107469
2019-09-01 02:00:00,0.14071389
2019-09-01 02:15:00,0.1402
2019-09-01 02:30:00,0.13948412
2019-09-01 02:45:00,0.1384933
2019-09-01 03:00:00,0.13711794
2019-09-01 03:15:00,0.13518715
2019-09-01 03:30:00,0.13243367
2019-09-01 03:45:00,0.12842569
2019-09-01 04:00:00,0.12244816
2019-09-01 04:15:00,0.11328311
2019-09-01 04:30:00,0.098797984
2019-09-01 04:45:00,0.0751656
2019-09-01 05:00:00,0.035439104
2019-09-01 05:15:00,0.0
2019-09-01 05:30:00,0.0
2019-09-01 05:45:00,0.0
2019-09-01 06:00:00,0.0
2019-09-01 06:15:00,5.4371443
2019-09-01 06:30:00,9.177975
2019-09-01 06:45:00,8.767376
2019-09-01 07:00:00,0.0
2019-09-01 07:15:00,142.45598
2019-09-01 07:30:00,156.9055
2019-09-01 07:45:00,457.01334
2019-09-01 08:00:00,466.3598
2019-09-01 08:15:00,827.62225
2019-09-01 08:30:00,977.6605
2019-09-01 08:45:00,1186.3865
2019-09-01 09:00:00,1381.4749
2019-09-01 09:15:00,1558.8237
2019-09-01 09:30:00,1660.2888
2019-09-01 09:45:00,2020.7346
2019-09-01 10:00:00,2075.4224
2019-09-01 10:15:00,2441.1895
2019-09-01 10:30:00,2433.2275
2019-09-01 10:45:00,2547.7407
2019-09-01 11:00:00,2545.3901
2019-09-01 11:15:00,2603.0425
2019-09-01 11:30:00,2606.6309
2019-09-01 11:45:00,2467.8315
2019-09-01 12:00:00,2454.5598
2019-09-01 12:15:00,2383.4219
2019-09-01 12:30:00,2378.8066
2019-09-01 12:45:00,2331.09
2019-09-01 13:00:00,2330.4858
2019-09-01 13:15:00,2308.6274
2019-09-01 13:30:00,2310.0112
2019-09-01 13:45:00,2446.2627
2019-09-01 14:00:00,2458.8218
2019-09-01 14:15:00,2533.7153
2019-09-01 14:30:00,2535.7705
2019-09-01 14:45:00,2324.4775
2019-09-01 15:00:00,2331.2546
2019-09-01 15:15:00,2289.3115
2019-09-01 15:30:00,2284.7788
2019-09-01 15:45:00,2304.1035
2019-09-01 16:00:00,2295.0498
2019-09-01 16:15:00,1989.5968
2019-09-01 16:30:00,1975.2129
2019-09-01 16:45:00,1596.44
2019-09-01 17:00:00,1584.5222
2019-09-01 17:15:00,1273.36
2019-09-01 17:30:00,1356.667
2019-09-01 17:45:00,920.2456
2019-09-01 18:00:00,988.6707
2019-09-01 18:15:00,582.968
2019-09-01 18:30:00,619.9375
2019-09-01 18:45:00,263.69034
2019-09-01 19:00:00,257.57678
2019-09-01 19:15:00,38.133686
2019-09-01 19:30:00,23.735226
2019-09-01 19:45:00,5.4371443
2019-09-01 20:00:00,0.0
2019-09-01 20:15:00,0.0
2019-09-01 20:30:00,0.0
2019-09-01 20:45:00,0.0
2019-09-01 21:00:00,0.035439104
2019-09-01 21:15:00,0.0751656
2019-09-01 21:30:00,0.098797984
2019-09-01 21:45:00,0.11328311
2019-09-01 22:00:00,0.12244816
2019-09-01 22:15:00,0.12842569
2019-09-01 22:30:00,0.13243367
2019-09-01 22:45:00,0.13518715
2019-09-01 23:00:00,0.13711794
2019-09-01 23:15:00,0.1384933
2019-09-01 23:30:00,0.13948402
2019-09-01 23:45:00,0.14020017
2019-09-02 00:00:00,0.14071389
2019-09-02 00:15:00,0.14107469
2019-09-02 00:30:00,0.23537491
2019-09-02 00:45:00,0.40143728
2019-09-02 01:00:00,0.4563652
2019-09-02 01:15:00,0.40143728
2019-09-02 01:30:00,0.23537491
2019-09-02 01:45:00,0.14107469
2019-09-02 02:00:00,0.14071389
2019-09-02 02:15:00,0.1402
2019-09-02 02:30:00,0.13948412
2019-09-02 02:45:00,0.1384933
2019-09-02 03:00:00,0.13711794
2019-09-02 03:15:00,0.13518715
2019-09-02 03:30:00,0.13243367
2019-09-02 03:45:00,0.12842569
2019-09-02 04:00:00,0.12244816
2019-09-02 04:15:00,0.11328311
2019-09-02 04:30:00,0.098797984
2019-09-02 04:45:00,0.0751656
2019-09-02 05:00:00,0.035439104
2019-09-02 05:15:00,0.0
2019-09-02 05:30:00,0.0
2019-09-02 05:45:00,0.0
2019-09-02 06:00:00,0.0
2019-09-02 06:15:00,5.4371443
2019-09-02 06:30:00,9.177975
2019-09-02 06:45:00,8.395108
2019-09-02 07:00:00,0.0
2019-09-02 07:15:00,92.643684
2019-09-02 07:30:00,104.046814
2019-09-02 07:45:00,230.87987
2019-09-02 08:00:00,209.42473
2019-09-02 08:15:00,383.32782
2019-09-02 08:30:00,336.86673
2019-09-02 08:45:00,720.9155
2019-09-02 09:00:00,627.6212
2019-09-02 09:15:00,716.1681
2019-09-02 09:30:00,611.91534
2019-09-02 09:45:00,1241.1694
2019-09-02 10:00:00,1087.443
2019-09-02 10:15:00,1312.5267
2019-09-02 10:30:00,1192.0303
2019-09-02 10:45:00,1038.4226
2019-09-02 11:00:00,1062.1737
2019-09-02 11:15:00,1290.7415
2019-09-02 11:30:00,1291.7897
2019-09-02 11:45:00,1313.2751
2019-09-02 12:00:00,1304.3483
2019-09-02 12:15:00,1338.9957
2019-09-02 12:30:00,1332.5532
2019-09-02 12:45:00,1875.6003
2019-09-02 13:00:00,1872.6836
2019-09-02 13:15:00,2219.1882
2019-09-02 13:30:00,2220.387
2019-09-02 13:45:00,2160.8813
2019-09-02 14:00:00,2163.5408
2019-09-02 14:15:00,1316.8921
2019-09-02 14:30:00,1324.0378
2019-09-02 14:45:00,1346.6338
2019-09-02 15:00:00,1336.7329
2019-09-02 15:15:00,1791.136
2019-09-02 15:30:00,1824.2927
2019-09-02 15:45:00,1819.1033
2019-09-02 16:00:00,1831.5492
2019-09-02 16:15:00,1664.2748
2019-09-02 16:30:00,1663.8645
2019-09-02 16:45:00,1433.5886
2019-09-02 17:00:00,1375.6213
2019-09-02 17:15:00,1003.36914
2019-09-02 17:30:00,961.0388
2019-09-02 17:45:00,644.6765
2019-09-02 18:00:00,605.6802
2019-09-02 18:15:00,414.57275
2019-09-02 18:30:00,369.3412
2019-09-02 18:45:00,184.09566
2019-09-02 19:00:00,162.00618
2019-09-02 19:15:00,27.199284
2019-09-02 19:30:00,22.143894
2019-09-02 19:45:00,5.4371443
2019-09-02 20:00:00,0.0
2019-09-02 20:15:00,0.0
2019-09-02 20:30:00,0.0
2019-09-02 20:45:00,0.0
2019-09-02 21:00:00,0.035439104
2019-09-02 21:15:00,0.0751656
2019-09-02 21:30:00,0.098797984
2019-09-02 21:45:00,0.11328311
2019-09-02 22:00:00,0.12244816
2019-09-02 22:15:00,0.12842569
2019-09-02 22:30:00,0.13243367
2019-09-02 22:45:00,0.13518715
2019-09-02 23:00:00,0.13711794
2019-09-02 23:15:00,0.1384933
2019-09-02 23:30:00,0.13948402
2019-09-02 23:45:00,0.14020017
2019-09-03 00:00:00,0.14071389
2019-09-03 00:15:00,0.14107469
2019-09-03 00:30:00,0.23537491
2019-09-03 00:45:00,0.40143728
2019-09-03 01:00:00,0.4563652
2019-09-03 01:15:00,0.40143728
2019-09-03 01:30:00,0.23537491
2019-09-03 01:45:00,0.14107469
2019-09-03 02:00:00,0.14071389
2019-09-03 02:15:00,0.1402
2019-09-03 02:30:00,0.13948412
2019-09-03 02:45:00,0.1384933
2019-09-03 03:00:00,0.13711794
2019-09-03 03:15:00,0.13518715
2019-09-03 03:30:00,0.13243367
2019-09-03 03:45:00,0.12842569
2019-09-03 04:00:00,0.12244816
2019-09-03 04:15:00,0.11328311
2019-09-03 04:30:00,0.098797984
2019-09-03 04:45:00,0.0751656
2019-09-03 05:00:00,0.035439104
2019-09-03 05:15:00,0.0
2019-09-03 05:30:00,0.0
2019-09-03 05:45:00,0.0
2019-09-03 06:00:00,0.0
2019-09-03 06:15:00,5.4371443
2019-09-03 06:30:00,9.177975
2019-09-03 06:45:00,8.395108
2019-09-03 07:00:00,0.0
2019-09-03 07:15:00,130.95546
2019-09-03 07:30:00,142.4355
2019-09-03 07:45:00,399.31323
2019-09-03 08:00:00,389.44653
2019-09-03 08:15:00,799.1568
2019-09-03 08:30:00,886.78754
2019-09-03 08:45:00,1181.3049
2019-09-03 09:00:00,1387.8484
2019-09-03 09:15:00,1504.7109
2019-09-03 09:30:00,1707.711
2019-09-03 09:45:00,1922.1321
2019-09-03 10:00:00,1996.5571
2019-09-03 10:15:00,2224.906
2019-09-03 10:30:00,2241.9224
2019-09-03 10:45:00,2265.3582
2019-09-03 11:00:00,2260.2905
2019-09-03 11:15:00,2210.021
2019-09-03 11:30:00,2220.103
2019-09-03 11:45:00,2311.25
2019-09-03 12:00:00,2311.396
2019-09-03 12:15:00,2759.6772
2019-09-03 12:30:00,2757.3938
2019-09-03 12:45:00,3060.7158
2019-09-03 13:00:00,3059.874
2019-09-03 13:15:00,3021.945
2019-09-03 13:30:00,3024.1072
2019-09-03 13:45:00,2952.445
2019-09-03 14:00:00,2954.0356
2019-09-03 14:15:00,2749.2358
2019-09-03 14:30:00,2746.272
2019-09-03 14:45:00,2575.1897
2019-09-03 15:00:00,2573.4736
2019-09-03 15:15:00,2398.7
2019-09-03 15:30:00,2396.079
2019-09-03 15:45:00,2201.4136
2019-09-03 16:00:00,2169.5908
2019-09-03 16:15:00,1856.7852
2019-09-03 16:30:00,1779.9034
2019-09-03 16:45:00,1519.2163
2019-09-03 17:00:00,1370.8853
2019-09-03 17:15:00,1196.7645
2019-09-03 17:30:00,1001.0208
2019-09-03 17:45:00,712.3022
2019-09-03 18:00:00,643.9613
2019-09-03 18:15:00,431.73373
2019-09-03 18:30:00,384.16
2019-09-03 18:45:00,181.61115
2019-09-03 19:00:00,159.4718
2019-09-03 19:15:00,22.76886
2019-09-03 19:30:00,21.413616
2019-09-03 19:45:00,5.4371443
2019-09-03 20:00:00,0.0
2019-09-03 20:15:00,0.0
2019-09-03 20:30:00,0.0
2019-09-03 20:45:00,0.0
2019-09-03 21:00:00,0.035439104
2019-09-03 21:15:00,0.0751656
2019-09-03 21:30:00,0.098797984
2019-09-03 21:45:00,0.11328311
2019-09-03 22:00:00,0.12244816
2019-09-03 22:15:00,0.12842569
2019-09-03 22:30:00,0.13243367
2019-09-03 22:45:00,0.13518715
2019-09-03 23:00:00,0.13711794
2019-09-03 23:15:00,0.1384933
2019-09-03 23:30:00,0.13948402
2019-09-03 23:45:00,0.14020017
2019-09-04 00:00:00,0.14071389
2019-09-04 00:15:00,0.14107469
2019-09-04 00:30:00,0.23537491
2019-09-04 00:45:00,0.40143728
2019-09-04 01:00:00,0.4563652
2019-09-04 01:15:00,0.40143728
2019-09-04 01:30:00,0.23537491
2019-09-04 01:45:00,0.14107469
2019-09-04 02:00:00,0.14071389
2019-09-04 02:15:00,0.1402
2019-09-04 02:30:00,0.13948412
2019-09-04 02:45:00,0.1384933
2019-09-04 03:00:00,0.13711794
2019-09-04 03:15:00,0.13518715
2019-09-04 03:30:00,0.13243367
2019-09-04 03:45:00,0.12842569
2019-09-04 04:00:00,0.12244816
2019-09-04 04:15:00,0.11328311
2019-09-04 04:30:00,0.098797984
2019-09-04 04:45:00,0.0751656
2019-09-04 05:00:00,0.035439104
2019-09-04 05:15:00,0.0
2019-09-04 05:30:00,0.0
2019-09-04 05:45:00,0.0
2019-09-04 06:00:00,0.0
2019-09-04 06:15:00,5.4371443
2019-09-04 06:30:00,9.177975
2019-09-04 06:45:00,8.013685
2019-09-04 07:00:00,0.0
2019-09-04 07:15:00,128.62563
2019-09-04 07:30:00,140.03033
2019-09-04 07:45:00,414.57257
2019-09-04 08:00:00,408.2282
2019-09-04 08:15:00,781.1443
2019-09-04 08:30:00,845.8617
2019-09-04 08:45:00,1207.7234
2019-09-04 09:00:00,1265.3936
2019-09-04 09:15:00,1561.3436
2019-09-04 09:30:00,1641.2205
2019-09-04 09:45:00,1824.7932
2019-09-04 10:00:00,1893.5513
2019-09-04 10:15:00,1983.8112
2019-09-04 10:30:00,1998.0132
2019-09-04 10:45:00,2168.065
2019-09-04 11:00:00,2181.2124
2019-09-04 11:15:00,2229.6956
2019-09-04 11:30:00,2240.9324
2019-09-04 11:45:00,2299.5996
2019-09-04 12:00:00,2300.0212
2019-09-04 12:15:00,2808.5645
2019-09-04 12:30:00,2806.5493
2019-09-04 12:45:00,2951.4927
2019-09-04 13:00:00,2950.7224
2019-09-04 13:15:00,2505.3826
2019-09-04 13:30:00,2513.1707
2019-09-04 13:45:00,2340.2275
2019-09-04 14:00:00,2342.9968
2019-09-04 14:15:00,2446.6702
2019-09-04 14:30:00,2456.4966
2019-09-04 14:45:00,2429.975
2019-09-04 15:00:00,2430.6694
2019-09-04 15:15:00,2215.0635
2019-09-04 15:30:00,2212.8542
2019-09-04 15:45:00,2057.34
2019-09-04 16:00:00,2009.1696
2019-09-04 16:15:00,1848.5233
2019-09-04 16:30:00,1766.9916
2019-09-04 16:45:00,1506.4294
2019-09-04 17:00:00,1390.7102
2019-09-04 17:15:00,1198.4021
2019-09-04 17:30:00,1038.2758
2019-09-04 17:45:00,825.1418
2019-09-04 18:00:00,757.6113
2019-09-04 18:15:00,498.3189
2019-09-04 18:30:00,470.07727
2019-09-04 18:45:00,207.73196
2019-09-04 19:00:00,187.56413
2019-09-04 19:15:00,16.057705
2019-09-04 19:30:00,20.241306
2019-09-04 19:45:00,5.4371443
2019-09-04 20:00:00,0.0
2019-09-04 20:15:00,0.0
2019-09-04 20:30:00,0.0
2019-09-04 20:45:00,0.0
2019-09-04 21:00:00,0.035439104
2019-09-04 21:15:00,0.0751656
2019-09-04 21:30:00,0.098797984
2019-09-04 21:45:00,0.11328311
2019-09-04 22:00:00,0.12244816
2019-09-04 22:15:00,0.12842569
2019-09-04 22:30:00,0.13243367
2019-09-04 22:45:00,0.13518715
2019-09-04 23:00:00,0.13711794
2019-09-04 23:15:00,0.1384933
2019-09-04 23:30:00,0.13948402
2019-09-04 23:45:00,0.14020017
2019-09-06 00:00:00,0.14071389
2019-09-06 00:15:00,0.14107469
2019-09-06 00:30:00,0.23537491
2019-09-06 00:45:00,0.40143728
2019-09-06 01:00:00,0.4563652
2019-09-06 01:15:00,0.40143728
2019-09-06 01:30:00,0.23537491
2019-09-06 01:45:00,0.14107469
2019-09-06 02:00:00,0.14071389
2019-09-06 02:15:00,0.1402
2019-09-06 02:30:00,0.13948412
2019-09-06 02:45:00,0.1384933
2019-09-06 03:00:00,0.13711794
2019-09-06 03:15:00,0.13518715
2019-09-06 03:30:00,0.13243367
2019-09-06 03:45:00,0.12842569
2019-09-06 04:00:00,0.12244816
2019-09-06 04:15:00,0.11328311
2019-09-06 04:30:00,0.098797984
2019-09-06 04:45:00,0.0751656
2019-09-06 05:00:00,0.035439104
2019-09-06 05:15:00,0.0
2019-09-06 05:30:00,0.0
2019-09-06 05:45:00,0.0
2019-09-06 06:00:00,0.0
2019-09-06 06:15:00,5.4371443
2019-09-06 06:30:00,9.177975
2019-09-06 06:45:00,7.6229334
2019-09-06 07:00:00,0.0
2019-09-06 07:15:00,99.98447
2019-09-06 07:30:00,111.208565
2019-09-06 07:45:00,353.9333
2019-09-06 08:00:00,338.34232
2019-09-06 08:15:00,735.03894
2019-09-06 08:30:00,756.8778
2019-09-06 08:45:00,1157.5554
2019-09-06 09:00:00,1154.4509
2019-09-06 09:15:00,1447.5559
2019-09-06 09:30:00,1412.9451
2019-09-06 09:45:00,1821.9617
2019-09-06 10:00:00,1854.8408
2019-09-06 10:15:00,1983.8112
2019-09-06 10:30:00,1998.0132
2019-09-06 10:45:00,2061.491
2019-09-06 11:00:00,2072.3674
2019-09-06 11:15:00,2192.3203
2019-09-06 11:30:00,2200.8657
2019-09-06 11:45:00,2493.08
2019-09-06 12:00:00,2480.5303
2019-09-06 12:15:00,2738.588
2019-09-06 12:30:00,2736.0146
2019-09-06 12:45:00,2762.3975
2019-09-06 13:00:00,2761.5664
2019-09-06 13:15:00,2565.5576
2019-09-06 13:30:00,2572.845
2019-09-06 13:45:00,2309.7097
2019-09-06 14:00:00,2311.396
2019-09-06 14:15:00,2125.4587
2019-09-06 14:30:00,2126.7888
2019-09-06 14:45:00,1940.8075
2019-09-06 15:00:00,1952.3597
2019-09-06 15:15:00,2193.226
2019-09-06 15:30:00,2190.6611
2019-09-06 15:45:00,1685.0193
2019-09-06 16:00:00,1728.7739
2019-09-06 16:15:00,1524.0935
2019-09-06 16:30:00,1567.3506
2019-09-06 16:45:00,1239.0392
2019-09-06 17:00:00,1274.755
2019-09-06 17:15:00,918.64386
2019-09-06 17:30:00,915.6031
2019-09-06 17:45:00,694.8499
2019-09-06 18:00:00,634.72754
2019-09-06 18:15:00,447.46344
2019-09-06 18:30:00,399.4601
2019-09-06 18:45:00,179.19376
2019-09-06 19:00:00,156.94449
2019-09-06 19:15:00,13.61267
2019-09-06 19:30:00,18.991161
2019-09-06 19:45:00,5.4371443
2019-09-06 20:00:00,0.0
2019-09-06 20:15:00,0.0
2019-09-06 20:30:00,0.0
2019-09-06 20:45:00,0.0
2019-09-06 21:00:00,0.035439104
2019-09-06 21:15:00,0.0751656
2019-09-06 21:30:00,0.098797984
2019-09-06 21:45:00,0.11328311
2019-09-06 22:00:00,0.12244816
2019-09-06 22:15:00,0.12842569
2019-09-06 22:30:00,0.13243367
2019-09-06 22:45:00,0.13518715
2019-09-06 23:00:00,0.13711794
2019-09-06 23:15:00,0.1384933
2019-09-06 23:30:00,0.13948402
2019-09-06 23:45:00,0.14020017
2019-09-07 00:00:00,0.14071389
2019-09-07 00:15:00,0.14107469
2019-09-07 00:30:00,0.23537491
2019-09-07 00:45:00,0.40143728
2019-09-07 01:00:00,0.4563652
2019-09-07 01:15:00,0.40143728
2019-09-07 01:30:00,0.23537491
2019-09-07 01:45:00,0.14107469
2019-09-07 02:00:00,0.14071389
2019-09-07 02:15:00,0.1402
2019-09-07 02:30:00,0.13948412
2019-09-07 02:45:00,0.1384933
2019-09-07 03:00:00,0.13711794
2019-09-07 03:15:00,0.13518715
2019-09-07 03:30:00,0.13243367
2019-09-07 03:45:00,0.12842569
2019-09-07 04:00:00,0.12244816
2019-09-07 04:15:00,0.11328311
2019-09-07 04:30:00,0.098797984
2019-09-07 04:45:00,0.0751656
2019-09-07 05:00:00,0.035439104
2019-09-07 05:15:00,0.0
2019-09-07 05:30:00,0.0
2019-09-07 05:45:00,0.0
2019-09-07 06:00:00,0.0
2019-09-07 06:15:00,5.4371443
2019-09-07 06:30:00,9.177975
2019-09-07 06:45:00,7.2227116
2019-09-07 07:00:00,0.0
2019-09-07 07:15:00,92.643684
2019-09-07 07:30:00,104.046814
2019-09-07 07:45:00,332.37338
2019-09-07 08:00:00,314.26962
2019-09-07 08:15:00,722.2909
2019-09-07 08:30:00,736.0823
2019-09-07 08:45:00,1211.6543
2019-09-07 09:00:00,1279.3163
2019-09-07 09:15:00,1505.168
2019-09-07 09:30:00,1707.8208
2019-09-07 09:45:00,1893.4362
2019-09-07 10:00:00,1973.9004
2019-09-07 10:15:00,2218.1162
2019-09-07 10:30:00,2235.4187
2019-09-07 10:45:00,2471.8008
2019-09-07 11:00:00,2472.3535
2019-09-07 11:15:00,2662.458
2019-09-07 11:30:00,2665.8916
2019-09-07 11:45:00,2865.1365
2019-09-07 12:00:00,2865.733
2019-09-07 12:15:00,3107.9949
2019-09-07 12:30:00,3105.2
2019-09-07 12:45:00,3092.3926
2019-09-07 13:00:00,3091.5352
2019-09-07 13:15:00,2822.198
2019-09-07 13:30:00,2823.9902
2019-09-07 13:45:00,2963.0493
2019-09-07 14:00:00,2964.6606
2019-09-07 14:15:00,2935.9717
2019-09-07 14:30:00,2934.5928
2019-09-07 14:45:00,2793.9978
2019-09-07 15:00:00,2801.2515
2019-09-07 15:15:00,2615.8643
2019-09-07 15:30:00,2639.166
2019-09-07 15:45:00,2388.6726
2019-09-07 16:00:00,2405.8115
2019-09-07 16:15:00,1985.8815
2019-09-07 16:30:00,1969.3257
2019-09-07 16:45:00,1585.0935
2019-09-07 17:00:00,1562.6326
2019-09-07 17:15:00,1216.2686
2019-09-07 17:30:00,1200.5912
2019-09-07 17:45:00,849.47253
2019-09-07 18:00:00,840.0062
2019-09-07 18:15:00,512.5922
2019-09-07 18:30:00,496.06827
2019-09-07 18:45:00,196.19458
2019-09-07 19:00:00,174.75774
2019-09-07 19:15:00,12.027034
2019-09-07 19:30:00,17.674374
2019-09-07 19:45:00,5.4371443
2019-09-07 20:00:00,0.0
2019-09-07 20:15:00,0.0
2019-09-07 20:30:00,0.0
2019-09-07 20:45:00,0.0
2019-09-07 21:00:00,0.035439104
2019-09-07 21:15:00,0.0751656
2019-09-07 21:30:00,0.098797984
2019-09-07 21:45:00,0.11328311
2019-09-07 22:00:00,0.12244816
2019-09-07 22:15:00,0.12842569
2019-09-07 22:30:00,0.13243367
2019-09-07 22:45:00,0.13518715
2019-09-07 23:00:00,0.13711794
2019-09-07 23:15:00,0.1384933
2019-09-07 23:30:00,0.13948402
2019-09-07 23:45:00,0.14020017
2019-09-08 00:00:00,0.14071389
2019-09-08 00:15:00,0.14107469
2019-09-08 00:30:00,0.23537491
2019-09-08 00:45:00,0.40143728
2019-09-08 01:00:00,0.4563652
2019-09-08 01:15:00,0.40143728
2019-09-08 01:30:00,0.23537491
2019-09-08 01:45:00,0.14107469
2019-09-08 02:00:00,0.14071389
2019-09-08 02:15:00,0.1402
2019-09-08 02:30:00,0.13948412
2019-09-08 02:45:00,0.1384933
2019-09-08 03:00:00,0.13711794
2019-09-08 03:15:00,0.13518715
2019-09-08 03:30:00,0.13243367
2019-09-08 03:45:00,0.12842569
2019-09-08 04:00:00,0.12244816
2019-09-08 04:15:00,0.11328311
2019-09-08 04:30:00,0.098797984
2019-09-08 04:45:00,0.0751656
2019-09-08 05:00:00,0.035439104
2019-09-08 05:15:00,0.0
2019-09-08 05:30:00,0.0
2019-09-08 05:45:00,0.0
2019-09-08 06:00:00,0.0
2019-09-08 06:15:00,5.4371443
2019-09-08 06:30:00,9.177975
2019-09-08 06:45:00,7.2227116
2019-09-08 07:00:00,0.0
2019-09-08 07:15:00,99.98447
2019-09-08 07:30:00,111.208565
2019-09-08 07:45:00,359.91516
2019-09-08 08:00:00,345.17374
2019-09-08 08:15:00,750.0239
2019-09-08 08:30:00,784.6843
2019-09-08 08:45:00,1213.8882
2019-09-08 09:00:00,1337.8063
2019-09-08 09:15:00,1504.3706
2019-09-08 09:30:00,1707.4858
2019-09-08 09:45:00,1861.1814
2019-09-08 10:00:00,1951.228
2019-09-08 10:15:00,2238.6672
2019-09-08 10:30:00,2254.9995
2019-09-08 10:45:00,2340.563
2019-09-08 11:00:00,2338.503
2019-09-08 11:15:00,2116.6814
2019-09-08 11:30:00,2118.6729
2019-09-08 11:45:00,1412.23
2019-09-08 12:00:00,1390.8044
2019-09-08 12:15:00,1187.9508
2019-09-08 12:30:00,1182.786
2019-09-08 12:45:00,1110.9797
2019-09-08 13:00:00,1109.9694
2019-09-08 13:15:00,1183.0068
2019-09-08 13:30:00,1186.235
2019-09-08 13:45:00,1132.556
2019-09-08 14:00:00,1138.885
2019-09-08 14:15:00,1114.5363
2019-09-08 14:30:00,1121.0714
2019-09-08 14:45:00,1340.3595
2019-09-08 15:00:00,1330.8157
2019-09-08 15:15:00,1775.5491
2019-09-08 15:30:00,1811.6134
2019-09-08 15:45:00,2028.373
2019-09-08 16:00:00,1973.9004
2019-09-08 16:15:00,1827.6777
2019-09-08 16:30:00,1728.708
2019-09-08 16:45:00,1535.9421
2019-09-08 17:00:00,1481.2961
2019-09-08 17:15:00,1194.8511
2019-09-08 17:30:00,1148.363
2019-09-08 17:45:00,832.18585
2019-09-08 18:00:00,785.30975
2019-09-08 18:15:00,489.59628
2019-09-08 18:30:00,456.07574
2019-09-08 18:45:00,181.61115
2019-09-08 19:00:00,159.4718
2019-09-08 19:15:00,11.131407
2019-09-08 19:30:00,16.298077
2019-09-08 19:45:00,5.4371443
2019-09-08 20:00:00,0.0
2019-09-08 20:15:00,0.0
2019-09-08 20:30:00,0.0
2019-09-08 20:45:00,0.0
2019-09-08 21:00:00,0.035439104
2019-09-08 21:15:00,0.0751656
2019-09-08 21:30:00,0.098797984
2019-09-08 21:45:00,0.11328311
2019-09-08 22:00:00,0.12244816
2019-09-08 22:15:00,0.12842569
2019-09-08 22:30:00,0.13243367
2019-09-08 22:45:00,0.13518715
2019-09-08 23:00:00,0.13711794
2019-09-08 23:15:00,0.1384933
2019-09-08 23:30:00,0.13948402
2019-09-08 23:45:00,0.14020017
2019-09-09 00:00:00,0.14071389
2019-09-09 00:15:00,0.14107469
2019-09-09 00:30:00,0.23537491
2019-09-09 00:45:00,0.40143728
2019-09-09 01:00:00,0.4563652
2019-09-09 01:15:00,0.40143728
2019-09-09 01:30:00,0.23537491
2019-09-09 01:45:00,0.14107469
2019-09-09 02:00:00,0.14071389
2019-09-09 02:15:00,0.1402
2019-09-09 02:30:00,0.13948412
2019-09-09 02:45:00,0.1384933
2019-09-09 03:00:00,0.13711794
2019-09-09 03:15:00,0.13518715
2019-09-09 03:30:00,0.13243367
2019-09-09 03:45:00,0.12842569
2019-09-09 04:00:00,0.12244816
2019-09-09 04:15:00,0.11328311
2019-09-09 04:30:00,0.098797984
2019-09-09 04:45:00,0.0751656
2019-09-09 05:00:00,0.035439104
2019-09-09 05:15:00,0.0
2019-09-09 05:30:00,0.0
2019-09-09 05:45:00,0.0
2019-09-09 06:00:00,0.0
2019-09-09 06:15:00,5.4371443
2019-09-09 06:30:00,9.177975
2019-09-09 06:45:00,7.2227116
2019-09-09 07:00:00,0.0
2019-09-09 07:15:00,114.45627
2019-09-09 07:30:00,125.59893
2019-09-09 07:45:00,396.16937
2019-09-09 08:00:00,385.63278
2019-09-09 08:15:00,758.478
2019-09-09 08:30:00,800.7003
2019-09-09 08:45:00,1173.5376
2019-09-09 09:00:00,1185.1392
2019-09-09 09:15:00,1499.3394
2019-09-09 09:30:00,1493.3855
2019-09-09 09:45:00,1820.2297
2019-09-09 10:00:00,1849.889
2019-09-09 10:15:00,1998.9034
2019-09-09 10:30:00,2017.6125
2019-09-09 10:45:00,2187.3213
2019-09-09 11:00:00,2195.3809
2019-09-09 11:15:00,2227.6907
2019-09-09 11:30:00,2238.862
2019-09-09 11:45:00,2557.0178
2019-09-09 12:00:00,2550.113
2019-09-09 12:15:00,2749.15
2019-09-09 12:30:00,2746.7393
2019-09-09 12:45:00,2462.342
2019-09-09 13:00:00,2460.1328
2019-09-09 13:15:00,1997.5784
2019-09-09 13:30:00,2001.6802
2019-09-09 13:45:00,1374.7234
2019-09-09 14:00:00,1383.5658
2019-09-09 14:15:00,1313.2751
2019-09-09 14:30:00,1320.4602
2019-09-09 14:45:00,1664.1864
2019-09-09 15:00:00,1687.8301
2019-09-09 15:15:00,1866.2368
2019-09-09 15:30:00,1885.1328
2019-09-09 15:45:00,1886.034
2019-09-09 16:00:00,1881.8586
2019-09-09 16:15:00,1743.5908
2019-09-09 16:30:00,1704.6827
2019-09-09 16:45:00,1519.2163
2019-09-09 17:00:00,1370.8853
2019-09-09 17:15:00,1185.2605
2019-09-09 17:30:00,1122.3242
2019-09-09 17:45:00,830.26917
2019-09-09 18:00:00,777.9965
2019-09-09 18:15:00,491.82202
2019-09-09 18:30:00,459.50842
2019-09-09 18:45:00,179.19376
2019-09-09 19:00:00,156.94449
2019-09-09 19:15:00,10.818143
2019-09-09 19:30:00,15.826954
2019-09-09 19:45:00,5.4371443
2019-09-09 20:00:00,0.0
2019-09-09 20:15:00,0.0
2019-09-09 20:30:00,0.0
2019-09-09 20:45:00,0.0
2019-09-09 21:00:00,0.035439104
2019-09-09 21:15:00,0.0751656
2019-09-09 21:30:00,0.098797984
2019-09-09 21:45:00,0.11328311
2019-09-09 22:00:00,0.12244816
2019-09-09 22:15:00,0.12842569
2019-09-09 22:30:00,0.13243367
2019-09-09 22:45:00,0.13518715
2019-09-09 23:00:00,0.13711794
2019-09-09 23:15:00,0.1384933
2019-09-09 23:30:00,0.13948402
2019-09-09 23:45:00,0.14020017
2019-09-10 00:00:00,0.14071389
2019-09-10 00:15:00,0.14107469
2019-09-10 00:30:00,0.23537491
2019-09-10 00:45:00,0.40143728
2019-09-10 01:00:00,0.4563652
2019-09-10 01:15:00,0.40143728
2019-09-10 01:30:00,0.23537491
2019-09-10 01:45:00,0.14107469
2019-09-10 02:00:00,0.14071389
2019-09-10 02:15:00,0.1402
2019-09-10 02:30:00,0.13948412
2019-09-10 02:45:00,0.1384933
2019-09-10 03:00:00,0.13711794
2019-09-10 03:15:00,0.13518715
2019-09-10 03:30:00,0.13243367
2019-09-10 03:45:00,0.12842569
2019-09-10 04:00:00,0.12244816
2019-09-10 04:15:00,0.11328311
2019-09-10 04:30:00,0.098797984
2019-09-10 04:45:00,0.0751656
2019-09-10 05:00:00,0.035439104
2019-09-10 05:15:00,0.0
2019-09-10 05:30:00,0.0
2019-09-10 05:45:00,0.0
2019-09-10 06:00:00,0.0
2019-09-10 06:15:00,5.4371443
2019-09-10 06:30:00,9.177975
2019-09-10 06:45:00,7.2227116
2019-09-10 07:00:00,0.0
2019-09-10 07:15:00,99.98447
2019-09-10 07:30:00,111.208565
2019-09-10 07:45:00,373.37198
2019-09-10 08:00:00,358.74182
2019-09-10 08:15:00,778.84204
2019-09-10 08:30:00,841.05347
2019-09-10 08:45:00,1210.9915
2019-09-10 09:00:00,1347.1458
2019-09-10 09:15:00,1514.7871
2019-09-10 09:30:00,1687.7563
2019-09-10 09:45:00,1910.2646
2019-09-10 10:00:00,1987.0441
2019-09-10 10:15:00,2277.932
2019-09-10 10:30:00,2291.4673
2019-09-10 10:45:00,2405.5796
2019-09-10 11:00:00,2406.2007
2019-09-10 11:15:00,2300.3687
2019-09-10 11:30:00,2302.8396
2019-09-10 11:45:00,1778.9213
2019-09-10 12:00:00,1764.5509
2019-09-10 12:15:00,1008.51666
2019-09-10 12:30:00,1004.275
2019-09-10 12:45:00,1015.265
2019-09-10 13:00:00,1014.35516
2019-09-10 13:15:00,1162.4014
2019-09-10 13:30:00,1165.5536
2019-09-10 13:45:00,1282.291
2019-09-10 14:00:00,1290.0565
2019-09-10 14:15:00,1284.4049
2019-09-10 14:30:00,1291.7897
2019-09-10 14:45:00,1723.5223
2019-09-10 15:00:00,1749.0801
2019-09-10 15:15:00,1891.1643
2019-09-10 15:30:00,1905.3049
2019-09-10 15:45:00,1852.9048
2019-09-10 16:00:00,1857.269
2019-09-10 16:15:00,1676.1501
2019-09-10 16:30:00,1671.3423
2019-09-10 16:45:00,1545.4797
2019-09-10 17:00:00,1375.4529
2019-09-10 17:15:00,1195.3325
2019-09-10 17:30:00,1042.8319
2019-09-10 17:45:00,806.94714
2019-09-10 18:00:00,708.12366
2019-09-10 18:15:00,477.99005
2019-09-10 18:30:00,439.62573
2019-09-10 18:45:00,168.84637
2019-09-10 19:00:00,144.4373
2019-09-10 19:15:00,10.168033
2019-09-10 19:30:00,14.866961
2019-09-10 19:45:00,5.4371443
2019-09-10 20:00:00,0.0
2019-09-10 20:15:00,0.0
2019-09-10 20:30:00,0.0
2019-09-10 20:45:00,0.0
2019-09-10 21:00:00,0.035439104
2019-09-10 21:15:00,0.0751656
2019-09-10 21:30:00,0.098797984
2019-09-10 21:45:00,0.11328311
2019-09-10 22:00:00,0.12244816
2019-09-10 22:15:00,0.12842569
2019-09-10 22:30:00,0.13243367
2019-09-10 22:45:00,0.13518715
2019-09-10 23:00:00,0.13711794
2019-09-10 23:15:00,0.1384933
2019-09-10 23:30:00,0.13948402
2019-09-10 23:45:00,0.14020017
2019-09-11 00:00:00,0.14071389
2019-09-11 00:15:00,0.14107469
2019-09-11 00:30:00,0.23537491
2019-09-11 00:45:00,0.40143728
2019-09-11 01:00:00,0.4563652
2019-09-11 01:15:00,0.40143728
2019-09-11 01:30:00,0.23537491
2019-09-11 01:45:00,0.14107469
2019-09-11 02:00:00,0.14071389
2019-09-11 02:15:00,0.1402
2019-09-11 02:30:00,0.13948412
2019-09-11 02:45:00,0.1384933
2019-09-11 03:00:00,0.13711794
2019-09-11 03:15:00,0.13518715
2019-09-11 03:30:00,0.13243367
2019-09-11 03:45:00,0.12842569
2019-09-11 04:00:00,0.12244816
2019-09-11 04:15:00,0.11328311
2019-09-11 04:30:00,0.098797984
2019-09-11 04:45:00,0.0751656
2019-09-11 05:00:00,0.035439104
2019-09-11 05:15:00,0.0
2019-09-11 05:30:00,0.0
2019-09-11 05:45:00,0.0
2019-09-11 06:00:00,0.0
2019-09-11 06:15:00,5.4371443
2019-09-11 06:30:00,9.177975
2019-09-11 06:45:00,7.2227116
2019-09-11 07:00:00,0.0
2019-09-11 07:15:00,114.45627
2019-09-11 07:30:00,125.59893
2019-09-11 07:45:00,420.43896
2019-09-11 08:00:00,415.60034
2019-09-11 08:15:00,804.01685
2019-09-11 08:30:00,899.4726
2019-09-11 08:45:00,1184.7053
2019-09-11 09:00:00,1385.0139
2019-09-11 09:15:00,1519.2555
2019-09-11 09:30:00,1682.3491
2019-09-11 09:45:00,1877.8035
2019-09-11 10:00:00,1962.3507
2019-09-11 10:15:00,2208.0486
2019-09-11 10:30:00,2225.71
2019-09-11 10:45:00,2429.77
2019-09-11 11:00:00,2430.6694
2019-09-11 11:15:00,2491.2637
2019-09-11 11:30:00,2491.3667
2019-09-11 11:45:00,2826.3462
2019-09-11 12:00:00,2827.1125
2019-09-11 12:15:00,3047.9414
2019-09-11 12:30:00,3045.29
2019-09-11 12:45:00,3064.2402
2019-09-11 13:00:00,3063.394
2019-09-11 13:15:00,2632.3606
2019-09-11 13:30:00,2637.4502
2019-09-11 13:45:00,2347.7266
2019-09-11 14:00:00,2350.9175
2019-09-11 14:15:00,2557.0178
2019-09-11 14:30:00,2557.3076
2019-09-11 14:45:00,2585.6309
2019-09-11 15:00:00,2584.0645
2019-09-11 15:15:00,2440.2021
2019-09-11 15:30:00,2440.8198
2019-09-11 15:45:00,2323.4006
2019-09-11 16:00:00,2319.6313
2019-09-11 16:15:00,1937.7039
2019-09-11 16:30:00,1896.9551
2019-09-11 16:45:00,1561.3108
2019-09-11 17:00:00,1521.6274
2019-09-11 17:15:00,1198.2458
2019-09-11 17:30:00,1156.6416
2019-09-11 17:45:00,833.2017
2019-09-11 18:00:00,789.0719
2019-09-11 18:15:00,489.59628
2019-09-11 18:30:00,456.07574
2019-09-11 18:45:00,170.95113
2019-09-11 19:00:00,146.91986
2019-09-11 19:15:00,9.830734
2019-09-11 19:30:00,14.378244
2019-09-11 19:45:00,5.4371443
2019-09-11 20:00:00,0.0
2019-09-11 20:15:00,0.0
2019-09-11 20:30:00,0.0
2019-09-11 20:45:00,0.0
2019-09-11 21:00:00,0.035439104
2019-09-11 21:15:00,0.0751656
2019-09-11 21:30:00,0.098797984
2019-09-11 21:45:00,0.11328311
2019-09-11 22:00:00,0.12244816
2019-09-11 22:15:00,0.12842569
2019-09-11 22:30:00,0.13243367
2019-09-11 22:45:00,0.13518715
2019-09-11 23:00:00,0.13711794
2019-09-11 23:15:00,0.1384933
2019-09-11 23:30:00,0.13948402
2019-09-11 23:45:00,0.14020017
2019-09-12 00:00:00,0.14071389
2019-09-12 00:15:00,0.14107469
2019-09-12 00:30:00,0.23537491
2019-09-12 00:45:00,0.40143728
2019-09-12 01:00:00,0.4563652
2019-09-12 01:15:00,0.40143728
2019-09-12 01:30:00,0.23537491
2019-09-12 01:45:00,0.14107469
2019-09-12 02:00:00,0.14071389
2019-09-12 02:15:00,0.1402
2019-09-12 02:30:00,0.13948412
2019-09-12 02:45:00,0.1384933
2019-09-12 03:00:00,0.13711794
2019-09-12 03:15:00,0.13518715
2019-09-12 03:30:00,0.13243367
2019-09-12 03:45:00,0.12842569
2019-09-12 04:00:00,0.12244816
2019-09-12 04:15:00,0.11328311
2019-09-12 04:30:00,0.098797984
2019-09-12 04:45:00,0.0751656
2019-09-12 05:00:00,0.035439104
2019-09-12 05:15:00,0.0
2019-09-12 05:30:00,0.0
2019-09-12 05:45:00,0.0
2019-09-12 06:00:00,0.0
2019-09-12 06:15:00,5.4371443
2019-09-12 06:30:00,9.177975
2019-09-12 06:45:00,7.2227116
2019-09-12 07:00:00,0.0
2019-09-12 07:15:00,109.66458
2019-09-12 07:30:00,120.79473
2019-09-12 07:45:00,408.56345
2019-09-12 08:00:00,400.7745
2019-09-12 08:15:00,800.8402
2019-09-12 08:30:00,891.07007
2019-09-12 08:45:00,1183.7059
2019-09-12 09:00:00,1385.8954
2019-09-12 09:15:00,1527.9838
2019-09-12 09:30:00,1673.6538
2019-09-12 09:45:00,1931.3757
2019-09-12 10:00:00,2004.0349
2019-09-12 10:15:00,2343.2156
2019-09-12 10:30:00,2349.6382
2019-09-12 10:45:00,2631.3936
2019-09-12 11:00:00,2623.195
2019-09-12 11:15:00,2837.5825
2019-09-12 11:30:00,2838.0088
2019-09-12 11:45:00,3035.971
2019-09-12 12:00:00,3035.608
2019-09-12 12:15:00,3185.5598
2019-09-12 12:30:00,3182.2173
2019-09-12 12:45:00,3245.455
2019-09-12 13:00:00,3244.42
2019-09-12 13:15:00,3248.9033
2019-09-12 13:30:00,3251.9395
2019-09-12 13:45:00,3206.7974
2019-09-12 14:00:00,3211.916
2019-09-12 14:15:00,3097.6628
2019-09-12 14:30:00,3103.6846
2019-09-12 14:45:00,2926.474
2019-09-12 15:00:00,2945.769
2019-09-12 15:15:00,2706.8896
2019-09-12 15:30:00,2746.4543
2019-09-12 15:45:00,2423.3467
2019-09-12 16:00:00,2455.0479
2019-09-12 16:15:00,2008.7556
2019-09-12 16:30:00,2006.6436
2019-09-12 16:45:00,1587.8857
2019-09-12 17:00:00,1567.8529
2019-09-12 17:15:00,1200.0369
2019-09-12 17:30:00,1160.9534
2019-09-12 17:45:00,833.2017
2019-09-12 18:00:00,789.0719
2019-09-12 18:15:00,487.3392
2019-09-12 18:30:00,452.69003
2019-09-12 18:45:00,168.84637
2019-09-12 19:00:00,144.4373
2019-09-12 19:15:00,9.484997
2019-09-12 19:30:00,13.883786
2019-09-12 19:45:00,5.4371443
2019-09-12 20:00:00,0.0
2019-09-12 20:15:00,0.0
2019-09-12 20:30:00,0.0
2019-09-12 20:45:00,0.0
2019-09-12 21:00:00,0.035439104
2019-09-12 21:15:00,0.0751656
2019-09-12 21:30:00,0.098797984
2019-09-12 21:45:00,0.11328311
2019-09-12 22:00:00,0.12244816
2019-09-12 22:15:00,0.12842569
2019-09-12 22:30:00,0.13243367
2019-09-12 22:45:00,0.13518715
2019-09-12 23:00:00,0.13711794
2019-09-12 23:15:00,0.1384933
2019-09-12 23:30:00,0.13948402
2019-09-12 23:45:00,0.14020017
2019-09-13 00:00:00,0.14071389
2019-09-13 00:15:00,0.14107469
2019-09-13 00:30:00,0.23537491
2019-09-13 00:45:00,0.40143728
2019-09-13 01:00:00,0.4563652
2019-09-13 01:15:00,0.40143728
2019-09-13 01:30:00,0.23537491
2019-09-13 01:45:00,0.14107469
2019-09-13 02:00:00,0.14071389
2019-09-13 02:15:00,0.1402
2019-09-13 02:30:00,0.13948412
2019-09-13 02:45:00,0.1384933
2019-09-13 03:00:00,0.13711794
2019-09-13 03:15:00,0.13518715
2019-09-13 03:30:00,0.13243367
2019-09-13 03:45:00,0.12842569
2019-09-13 04:00:00,0.12244816
2019-09-13 04:15:00,0.11328311
2019-09-13 04:30:00,0.098797984
2019-09-13 04:45:00,0.0751656
2019-09-13 05:00:00,0.035439104
2019-09-13 05:15:00,0.0
2019-09-13 05:30:00,0.0
2019-09-13 05:45:00,0.0
2019-09-13 06:00:00,0.0
2019-09-13 06:15:00,5.4371443
2019-09-13 06:30:00,9.177975
2019-09-13 06:45:00,7.2227116
2019-09-13 07:00:00,0.0
2019-09-13 07:15:00,107.25642
2019-09-13 07:30:00,118.39502
2019-09-13 07:45:00,405.51086
2019-09-13 08:00:00,397.0175
2019-09-13 08:15:00,793.7111
2019-09-13 08:30:00,873.61774
2019-09-13 08:45:00,1190.9235
2019-09-13 09:00:00,1378.8752
2019-09-13 09:15:00,1513.4429
2019-09-13 09:30:00,1689.5223
2019-09-13 09:45:00,1901.704
2019-09-13 10:00:00,1980.2906
2019-09-13 10:15:00,2300.3057
2019-09-13 10:30:00,2311.7144
2019-09-13 10:45:00,2596.6497
2019-09-13 11:00:00,2591.143
2019-09-13 11:15:00,2826.6377
2019-09-13 11:30:00,2827.368
2019-09-13 11:45:00,3021.6025
2019-09-13 12:00:00,3021.4072
2019-09-13 12:15:00,3153.8184
2019-09-13 12:30:00,3150.7915
2019-09-13 12:45:00,3214.4014
2019-09-13 13:00:00,3213.4473
2019-09-13 13:15:00,3217.8545
2019-09-13 13:30:00,3220.5332
2019-09-13 13:45:00,3171.4429
2019-09-13 14:00:00,3175.026
2019-09-13 14:15:00,3057.6035
2019-09-13 14:30:00,3060.1848
2019-09-13 14:45:00,2881.6968
2019-09-13 15:00:00,2895.4277
2019-09-13 15:15:00,2662.8477
2019-09-13 15:30:00,2693.5386
2019-09-13 15:45:00,2376.0212
2019-09-13 16:00:00,2388.5986
2019-09-13 16:15:00,1967.8699
2019-09-13 16:30:00,1941.5364
2019-09-13 16:45:00,1558.8237
2019-09-13 17:00:00,1517.6033
2019-09-13 17:15:00,1184.2253
2019-09-13 17:30:00,1118.903
2019-09-13 17:45:00,824.3302
2019-09-13 18:00:00,754.4227
2019-09-13 18:15:00,467.72043
2019-09-13 18:30:00,424.35944
2019-09-13 18:45:00,153.68265
2019-09-13 19:00:00,127.33049
2019-09-13 19:15:00,9.130604
2019-09-13 19:30:00,13.38366
2019-09-13 19:45:00,5.4371443
2019-09-13 20:00:00,0.0
2019-09-13 20:15:00,0.0
2019-09-13 20:30:00,0.0
2019-09-13 20:45:00,0.0
2019-09-13 21:00:00,0.035439104
2019-09-13 21:15:00,0.0751656
2019-09-13 21:30:00,0.098797984
2019-09-13 21:45:00,0.11328311
2019-09-13 22:00:00,0.12244816
2019-09-13 22:15:00,0.12842569
2019-09-13 22:30:00,0.13243367
2019-09-13 22:45:00,0.13518715
2019-09-13 23:00:00,0.13711794
2019-09-13 23:15:00,0.1384933
2019-09-13 23:30:00,0.13948402
2019-09-13 23:45:00,0.14020017
2019-09-14 00:00:00,0.14071389
2019-09-14 00:15:00,0.14107469
2019-09-14 00:30:00,0.23537491
2019-09-14 00:45:00,0.40143728
2019-09-14 01:00:00,0.4563652
2019-09-14 01:15:00,0.40143728
2019-09-14 01:30:00,0.23537491
2019-09-14 01:45:00,0.14107469
2019-09-14 02:00:00,0.14071389
2019-09-14 02:15:00,0.1402
2019-09-14 02:30:00,0.13948412
2019-09-14 02:45:00,0.1384933
2019-09-14 03:00:00,0.13711794
2019-09-14 03:15:00,0.13518715
2019-09-14 03:30:00,0.13243367
2019-09-14 03:45:00,0.12842569
2019-09-14 04:00:00,0.12244816
2019-09-14 04:15:00,0.11328311
2019-09-14 04:30:00,0.098797984
2019-09-14 04:45:00,0.0751656
2019-09-14 05:00:00,0.035439104
2019-09-14 05:15:00,0.0
2019-09-14 05:30:00,0.0
2019-09-14 05:45:00,0.0
2019-09-14 06:00:00,0.0
2019-09-14 06:15:00,5.4371443
2019-09-14 06:30:00,9.177975
2019-09-14 06:45:00,6.8128977
2019-09-14 07:00:00,0.0
2019-09-14 07:15:00,77.76538
2019-09-14 07:30:00,89.82667
2019-09-14 07:45:00,293.40594
2019-09-14 08:00:00,272.9144
2019-09-14 08:15:00,578.7216
2019-09-14 08:30:00,557.5418
2019-09-14 08:45:00,1083.8635
2019-09-14 09:00:00,1026.8336
2019-09-14 09:15:00,1559.9993
2019-09-14 09:30:00,1618.2385
2019-09-14 09:45:00,1823.4004
2019-09-14 10:00:00,1859.6653
2019-09-14 10:15:00,1939.4437
2019-09-14 10:30:00,1941.9087
2019-09-14 10:45:00,2095.8293
2019-09-14 11:00:00,2112.6506
2019-09-14 11:15:00,2235.8108
2019-09-14 11:30:00,2247.1426
2019-09-14 11:45:00,2517.7275
2019-09-14 12:00:00,2506.9512
2019-09-14 12:15:00,2409.047
2019-09-14 12:30:00,2402.7156
2019-09-14 12:45:00,2395.9336
2019-09-14 13:00:00,2394.7222
2019-09-14 13:15:00,2297.7427
2019-09-14 13:30:00,2299.0059
2019-09-14 13:45:00,2176.5034
2019-09-14 14:00:00,2178.7607
2019-09-14 14:15:00,2038.9773
2019-09-14 14:30:00,2044.8716
2019-09-14 14:45:00,1961.8322
2019-09-14 15:00:00,1971.1023
2019-09-14 15:15:00,2140.1108
2019-09-14 15:30:00,2128.9048
2019-09-14 15:45:00,2231.7559
2019-09-14 16:00:00,2205.5833
2019-09-14 16:15:00,1872.8713
2019-09-14 16:30:00,1803.8486
2019-09-14 16:45:00,1519.2555
2019-09-14 17:00:00,1452.9867
2019-09-14 17:15:00,1179.6244
2019-09-14 17:30:00,1084.6226
2019-09-14 17:45:00,813.26404
2019-09-14 18:00:00,720.2457
2019-09-14 18:15:00,428.96625
2019-09-14 18:30:00,381.6701
2019-09-14 18:45:00,135.58607
2019-09-14 19:00:00,108.187515
2019-09-14 19:15:00,8.767376
2019-09-14 19:30:00,12.87788
2019-09-14 19:45:00,5.4371443
2019-09-14 20:00:00,0.0
2019-09-14 20:15:00,0.0
2019-09-14 20:30:00,0.0
2019-09-14 20:45:00,0.0
2019-09-14 21:00:00,0.035439104
2019-09-14 21:15:00,0.0751656
2019-09-14 21:30:00,0.098797984
2019-09-14 21:45:00,0.11328311
2019-09-14 22:00:00,0.12244816
2019-09-14 22:15:00,0.12842569
2019-09-14 22:30:00,0.13243367
2019-09-14 22:45:00,0.13518715
2019-09-14 23:00:00,0.13711794
2019-09-14 23:15:00,0.1384933
2019-09-14 23:30:00,0.13948402
2019-09-14 23:45:00,0.14020017
2019-09-15 00:00:00,0.14071389
2019-09-15 00:15:00,0.14107469
2019-09-15 00:30:00,0.23537491
2019-09-15 00:45:00,0.40143728
2019-09-15 01:00:00,0.4563652
2019-09-15 01:15:00,0.40143728
2019-09-15 01:30:00,0.23537491
2019-09-15 01:45:00,0.14107469
2019-09-15 02:00:00,0.14071389
2019-09-15 02:15:00,0.1402
2019-09-15 02:30:00,0.13948412
2019-09-15 02:45:00,0.1384933
2019-09-15 03:00:00,0.13711794
2019-09-15 03:15:00,0.13518715
2019-09-15 03:30:00,0.13243367
2019-09-15 03:45:00,0.12842569
2019-09-15 04:00:00,0.12244816
2019-09-15 04:15:00,0.11328311
2019-09-15 04:30:00,0.098797984
2019-09-15 04:45:00,0.0751656
2019-09-15 05:00:00,0.035439104
2019-09-15 05:15:00,0.0
2019-09-15 05:30:00,0.0
2019-09-15 05:45:00,0.0
2019-09-15 06:00:00,0.0
2019-09-15 06:15:00,5.4371443
2019-09-15 06:30:00,9.177975
2019-09-15 06:45:00,6.8128977
2019-09-15 07:00:00,0.0
2019-09-15 07:15:00,92.643684
2019-09-15 07:30:00,104.046814
2019-09-15 07:45:00,373.37198
2019-09-15 08:00:00,358.74182
2019-09-15 08:15:00,769.0768
2019-09-15 08:30:00,821.2993
2019-09-15 08:45:00,1207.2755
2019-09-15 09:00:00,1355.6342
2019-09-15 09:15:00,1504.7185
2019-09-15 09:30:00,1703.7079
2019-09-15 09:45:00,1872.8713
2019-09-15 10:00:00,1958.9022
2019-09-15 10:15:00,2259.8142
2019-09-15 10:30:00,2274.7947
2019-09-15 10:45:00,2551.4502
2019-09-15 11:00:00,2548.8892
2019-09-15 11:15:00,2779.5796
2019-09-15 11:30:00,2781.4448
2019-09-15 11:45:00,2957.3079
2019-09-15 12:00:00,2957.5757
2019-09-15 12:15:00,3065.6199
2019-09-15 12:30:00,3062.9346
2019-09-15 12:45:00,3120.47
2019-09-15 13:00:00,3119.602
2019-09-15 13:15:00,3127.4756
2019-09-15 13:30:00,3129.7795
2019-09-15 13:45:00,3079.754
2019-09-15 14:00:00,3081.8015
2019-09-15 14:15:00,2967.9915
2019-09-15 14:30:00,2967.2065
2019-09-15 14:45:00,2790.3872
2019-09-15 15:00:00,2797.4192
2019-09-15 15:15:00,2566.3716
2019-09-15 15:30:00,2582.572
2019-09-15 15:45:00,2277.932
2019-09-15 16:00:00,2262.1797
2019-09-15 16:15:00,1893.4362
2019-09-15 16:30:00,1833.4984
2019-09-15 16:45:00,1513.4429
2019-09-15 17:00:00,1441.3649
2019-09-15 17:15:00,1188.2198
2019-09-15 17:30:00,1054.926
2019-09-15 17:45:00,800.8402
2019-09-15 18:00:00,699.3264
2019-09-15 18:15:00,420.43878
2019-09-15 18:30:00,374.25726
2019-09-15 18:45:00,128.62563
2019-09-15 19:00:00,101.025986
2019-09-15 19:15:00,8.013685
2019-09-15 19:30:00,11.8494
2019-09-15 19:45:00,5.4371443
2019-09-15 20:00:00,0.0
2019-09-15 20:15:00,0.0
2019-09-15 20:30:00,0.0
2019-09-15 20:45:00,0.0
2019-09-15 21:00:00,0.035439104
2019-09-15 21:15:00,0.0751656
2019-09-15 21:30:00,0.098797984
2019-09-15 21:45:00,0.11328311
2019-09-15 22:00:00,0.12244816
2019-09-15 22:15:00,0.12842569
2019-09-15 22:30:00,0.13243367
2019-09-15 22:45:00,0.13518715
2019-09-15 23:00:00,0.13711794
2019-09-15 23:15:00,0.1384933
2019-09-15 23:30:00,0.13948402
2019-09-15 23:45:00,0.14020017
2019-09-16 00:00:00,0.14071389
2019-09-16 00:15:00,0.14107469
2019-09-16 00:30:00,0.23537491
2019-09-16 00:45:00,0.40143728
2019-09-16 01:00:00,0.4563652
2019-09-16 01:15:00,0.40143728
2019-09-16 01:30:00,0.23537491
2019-09-16 01:45:00,0.14107469
2019-09-16 02:00:00,0.14071389
2019-09-16 02:15:00,0.1402
2019-09-16 02:30:00,0.13948412
2019-09-16 02:45:00,0.1384933
2019-09-16 03:00:00,0.13711794
2019-09-16 03:15:00,0.13518715
2019-09-16 03:30:00,0.13243367
2019-09-16 03:45:00,0.12842569
2019-09-16 04:00:00,0.12244816
2019-09-16 04:15:00,0.11328311
2019-09-16 04:30:00,0.098797984
2019-09-16 04:45:00,0.0751656
2019-09-16 05:00:00,0.035439104
2019-09-16 05:15:00,0.0
2019-09-16 05:30:00,0.0
2019-09-16 05:45:00,0.0
2019-09-16 06:00:00,0.0
2019-09-16 06:15:00,5.4371443
2019-09-16 06:30:00,9.177975
2019-09-16 06:45:00,6.3934045
2019-09-16 07:00:00,0.0
2019-09-16 07:15:00,75.2555
2019-09-16 07:30:00,87.47318
2019-09-16 07:45:00,332.37338
2019-09-16 08:00:00,314.26962
2019-09-16 08:15:00,725.5398
2019-09-16 08:30:00,740.0546
2019-09-16 08:45:00,1198.8616
2019-09-16 09:00:00,1240.6045
2019-09-16 09:15:00,1521.4233
2019-09-16 09:30:00,1530.1511
2019-09-16 09:45:00,1643.3108
2019-09-16 10:00:00,1593.0085
2019-09-16 10:15:00,1652.5
2019-09-16 10:30:00,1579.2007
2019-09-16 10:45:00,1932.7705
2019-09-16 11:00:00,1920.1497
2019-09-16 11:15:00,1758.3391
2019-09-16 11:30:00,1748.5396
2019-09-16 11:45:00,1924.8987
2019-09-16 12:00:00,1917.1841
2019-09-16 12:15:00,2083.4705
2019-09-16 12:30:00,2079.3013
2019-09-16 12:45:00,1644.26
2019-09-16 13:00:00,1640.2795
2019-09-16 13:15:00,1478.2129
2019-09-16 13:30:00,1488.394
2019-09-16 13:45:00,1884.0635
2019-09-16 14:00:00,1894.1675
2019-09-16 14:15:00,2139.2705
2019-09-16 14:30:00,2139.8677
2019-09-16 14:45:00,2250.96
2019-09-16 15:00:00,2244.2837
2019-09-16 15:15:00,2282.4653
2019-09-16 15:30:00,2278.1157
2019-09-16 15:45:00,2066.606
2019-09-16 16:00:00,2019.7717
2019-09-16 16:15:00,1746.477
2019-09-16 16:30:00,1705.4476
2019-09-16 16:45:00,1481.0769
2019-09-16 17:00:00,1387.8484
2019-09-16 17:15:00,1198.8616
2019-09-16 17:30:00,1000.7788
2019-09-16 17:45:00,691.2387
2019-09-16 18:00:00,632.7529
2019-09-16 18:15:00,338.62836
2019-09-16 18:30:00,324.71994
2019-09-16 18:45:00,112.06453
2019-09-16 19:00:00,84.13322
2019-09-16 19:15:00,8.013685
2019-09-16 19:30:00,11.8494
2019-09-16 19:45:00,5.4371443
2019-09-16 20:00:00,0.0
2019-09-16 20:15:00,0.0
2019-09-16 20:30:00,0.0
2019-09-16 20:45:00,0.0
2019-09-16 21:00:00,0.035439104
2019-09-16 21:15:00,0.0751656
2019-09-16 21:30:00,0.098797984
2019-09-16 21:45:00,0.11328311
2019-09-16 22:00:00,0.12244816
2019-09-16 22:15:00,0.12842569
2019-09-16 22:30:00,0.13243367
2019-09-16 22:45:00,0.13518715
2019-09-16 23:00:00,0.13711794
2019-09-16 23:15:00,0.1384933
2019-09-16 23:30:00,0.13948402
2019-09-16 23:45:00,0.14020017
2019-09-17 00:00:00,0.14071389
2019-09-17 00:15:00,0.14107469
2019-09-17 00:30:00,0.23537491
2019-09-17 00:45:00,0.40143728
2019-09-17 01:00:00,0.4563652
2019-09-17 01:15:00,0.40143728
2019-09-17 01:30:00,0.23537491
2019-09-17 01:45:00,0.14107469
2019-09-17 02:00:00,0.14071389
2019-09-17 02:15:00,0.1402
2019-09-17 02:30:00,0.13948412
2019-09-17 02:45:00,0.1384933
2019-09-17 03:00:00,0.13711794
2019-09-17 03:15:00,0.13518715
2019-09-17 03:30:00,0.13243367
2019-09-17 03:45:00,0.12842569
2019-09-17 04:00:00,0.12244816
2019-09-17 04:15:00,0.11328311
2019-09-17 04:30:00,0.098797984
2019-09-17 04:45:00,0.0751656
2019-09-17 05:00:00,0.035439104
2019-09-17 05:15:00,0.0
2019-09-17 05:30:00,0.0
2019-09-17 05:45:00,0.0
2019-09-17 06:00:00,0.0
2019-09-17 06:15:00,5.4371443
2019-09-17 06:30:00,9.177975
2019-09-17 06:45:00,6.8128977
2019-09-17 07:00:00,0.0
2019-09-17 07:15:00,82.7537
2019-09-17 07:30:00,94.54885
2019-09-17 07:45:00,347.8701
2019-09-17 08:00:00,331.4856
2019-09-17 08:15:00,741.16284
2019-09-17 08:30:00,768.1703
2019-09-17 08:45:00,1216.1593
2019-09-17 09:00:00,1324.0846
2019-09-17 09:15:00,1506.4294
2019-09-17 09:30:00,1707.6953
2019-09-17 09:45:00,1827.6777
2019-09-17 10:00:00,1932.822
2019-09-17 10:15:00,2094.921
2019-09-17 10:30:00,2116.1387
2019-09-17 10:45:00,2061.491
2019-09-17 11:00:00,2072.3674
2019-09-17 11:15:00,1969.9432
2019-09-17 11:30:00,1960.0868
2019-09-17 11:45:00,2116.8787
2019-09-17 12:00:00,2113.2607
2019-09-17 12:15:00,2015.1436
2019-09-17 12:30:00,2009.6628
2019-09-17 12:45:00,1997.5784
2019-09-17 13:00:00,1996.0608
2019-09-17 13:15:00,1935.9583
2019-09-17 13:30:00,1941.7227
2019-09-17 13:45:00,1744.6499
2019-09-17 14:00:00,1764.5509
2019-09-17 14:15:00,1640.8142
2019-09-17 14:30:00,1655.148
2019-09-17 14:45:00,2004.4001
2019-09-17 15:00:00,2008.8916
2019-09-17 15:15:00,1645.1138
2019-09-17 15:30:00,1703.9595
2019-09-17 15:45:00,1478.4421
2019-09-17 16:00:00,1568.884
2019-09-17 16:15:00,1620.7678
2019-09-17 16:30:00,1634.9568
2019-09-17 16:45:00,1332.457
2019-09-17 17:00:00,1327.6481
2019-09-17 17:15:00,897.0393
2019-09-17 17:30:00,903.59045
2019-09-17 17:45:00,519.9421
2019-09-17 18:00:00,514.66455
2019-09-17 18:15:00,296.74014
2019-09-17 18:30:00,291.1231
2019-09-17 18:45:00,95.09808
2019-09-17 19:00:00,69.7967
2019-09-17 19:15:00,7.6229334
2019-09-17 19:30:00,11.3266735
2019-09-17 19:45:00,5.4371443
2019-09-17 20:00:00,0.0
2019-09-17 20:15:00,0.0
2019-09-17 20:30:00,0.0
2019-09-17 20:45:00,0.0
2019-09-17 21:00:00,0.035439104
2019-09-17 21:15:00,0.0751656
2019-09-17 21:30:00,0.098797984
2019-09-17 21:45:00,0.11328311
2019-09-17 22:00:00,0.12244816
2019-09-17 22:15:00,0.12842569
2019-09-17 22:30:00,0.13243367
2019-09-17 22:45:00,0.13518715
2019-09-17 23:00:00,0.13711794
2019-09-17 23:15:00,0.1384933
2019-09-17 23:30:00,0.13948402
2019-09-17 23:45:00,0.14020017
2019-09-18 00:00:00,0.14071389
2019-09-18 00:15:00,0.14107469
2019-09-18 00:30:00,0.23537491
2019-09-18 00:45:00,0.40143728
2019-09-18 01:00:00,0.4563652
2019-09-18 01:15:00,0.40143728
2019-09-18 01:30:00,0.23537491
2019-09-18 01:45:00,0.14107469
2019-09-18 02:00:00,0.14071389
2019-09-18 02:15:00,0.1402
2019-09-18 02:30:00,0.13948412
2019-09-18 02:45:00,0.1384933
2019-09-18 03:00:00,0.13711794
2019-09-18 03:15:00,0.13518715
2019-09-18 03:30:00,0.13243367
2019-09-18 03:45:00,0.12842569
2019-09-18 04:00:00,0.12244816
2019-09-18 04:15:00,0.11328311
2019-09-18 04:30:00,0.098797984
2019-09-18 04:45:00,0.0751656
2019-09-18 05:00:00,0.035439104
2019-09-18 05:15:00,0.0
2019-09-18 05:30:00,0.0
2019-09-18 05:45:00,0.0
2019-09-18 06:00:00,0.0
2019-09-18 06:15:00,5.4371443
2019-09-18 06:30:00,9.177975
2019-09-18 06:45:00,6.8128977
2019-09-18 07:00:00,0.0
2019-09-18 07:15:00,80.26375
2019-09-18 07:30:00,92.18532
2019-09-18 07:45:00,319.64825
2019-09-18 08:00:00,300.46332
2019-09-18 08:15:00,632.0693
2019-09-18 08:30:00,623.7828
2019-09-18 08:45:00,1088.6042
2019-09-18 09:00:00,1034.6674
2019-09-18 09:15:00,1539.2488
2019-09-18 09:30:00,1562.9624
2019-09-18 09:45:00,1820.8027
2019-09-18 10:00:00,1908.522
2019-09-18 10:15:00,2033.4795
2019-09-18 10:30:00,2060.4102
2019-09-18 10:45:00,2131.9167
2019-09-18 11:00:00,2151.087
2019-09-18 11:15:00,2227.6907
2019-09-18 11:30:00,2238.862
2019-09-18 11:45:00,2557.0178
2019-09-18 12:00:00,2550.113
2019-09-18 12:15:00,2599.4023
2019-09-18 12:30:00,2590.7139
2019-09-18 12:45:00,2619.5203
2019-09-18 13:00:00,2617.4043
2019-09-18 13:15:00,2340.4556
2019-09-18 13:30:00,2342.367
2019-09-18 13:45:00,2272.4287
2019-09-18 14:00:00,2273.6057
2019-09-18 14:15:00,2242.9592
2019-09-18 14:30:00,2238.862
2019-09-18 14:45:00,2192.3203
2019-09-18 15:00:00,2175.4595
2019-09-18 15:15:00,2054.8713
2019-09-18 15:30:00,2039.6395
2019-09-18 15:45:00,1883.1821
2019-09-18 16:00:00,1879.7878
2019-09-18 16:15:00,1625.4097
2019-09-18 16:30:00,1638.1189
2019-09-18 16:45:00,1515.5349
2019-09-18 17:00:00,1387.285
2019-09-18 17:15:00,1211.6543
2019-09-18 17:30:00,1001.06165
2019-09-18 17:45:00,744.16016
2019-09-18 18:00:00,659.78827
2019-09-18 18:15:00,370.0074
2019-09-18 18:30:00,346.1273
2019-09-18 18:45:00,95.09808
2019-09-18 19:00:00,69.7967
2019-09-18 19:15:00,6.8128977
2019-09-18 19:30:00,10.263989
2019-09-18 19:45:00,5.4371443
2019-09-18 20:00:00,0.0
2019-09-18 20:15:00,0.0
2019-09-18 20:30:00,0.0
2019-09-18 20:45:00,0.0
2019-09-18 21:00:00,0.035439104
2019-09-18 21:15:00,0.0751656
2019-09-18 21:30:00,0.098797984
2019-09-18 21:45:00,0.11328311
2019-09-18 22:00:00,0.12244816
2019-09-18 22:15:00,0.12842569
2019-09-18 22:30:00,0.13243367
2019-09-18 22:45:00,0.13518715
2019-09-18 23:00:00,0.13711794
2019-09-18 23:15:00,0.1384933
2019-09-18 23:30:00,0.13948402
2019-09-18 23:45:00,0.14020017
2019-09-19 00:00:00,0.14071389
2019-09-19 00:15:00,0.14107469
2019-09-19 00:30:00,0.23537491
2019-09-19 00:45:00,0.40143728
2019-09-19 01:00:00,0.4563652
2019-09-19 01:15:00,0.40143728
2019-09-19 01:30:00,0.23537491
2019-09-19 01:45:00,0.14107469
2019-09-19 02:00:00,0.14071389
2019-09-19 02:15:00,0.1402
2019-09-19 02:30:00,0.13948412
2019-09-19 02:45:00,0.1384933
2019-09-19 03:00:00,0.13711794
2019-09-19 03:15:00,0.13518715
2019-09-19 03:30:00,0.13243367
2019-09-19 03:45:00,0.12842569
2019-09-19 04:00:00,0.12244816
2019-09-19 04:15:00,0.11328311
2019-09-19 04:30:00,0.098797984
2019-09-19 04:45:00,0.0751656
2019-09-19 05:00:00,0.035439104
2019-09-19 05:15:00,0.0
2019-09-19 05:30:00,0.0
2019-09-19 05:45:00,0.0
2019-09-19 06:00:00,0.0
2019-09-19 06:15:00,5.4371443
2019-09-19 06:30:00,9.177975
2019-09-19 06:45:00,6.3934045
2019-09-19 07:00:00,0.0
2019-09-19 07:15:00,70.21623
2019-09-19 07:30:00,82.78264
2019-09-19 07:45:00,319.64825
2019-09-19 08:00:00,300.46332
2019-09-19 08:15:00,691.2387
2019-09-19 08:30:00,697.7163
2019-09-19 08:45:00,1167.3927
2019-09-19 09:00:00,1173.1019
2019-09-19 09:15:00,1556.3481
2019-09-19 09:30:00,1603.7532
2019-09-19 09:45:00,1822.1632
2019-09-19 10:00:00,1903.8966
2019-09-19 10:15:00,2108.8662
2019-09-19 10:30:00,2128.9048
2019-09-19 10:45:00,2165.5002
2019-09-19 11:00:00,2179.2798
2019-09-19 11:15:00,2109.001
2019-09-19 11:30:00,2110.3394
2019-09-19 11:45:00,1815.0598
2019-09-19 12:00:00,1803.6752
2019-09-19 12:15:00,1557.508
2019-09-19 12:30:00,1539.4089
2019-09-19 12:45:00,1196.7595
2019-09-19 13:00:00,1195.6477
2019-09-19 13:15:00,1203.6415
2019-09-19 13:30:00,1206.9519
2019-09-19 13:45:00,1156.7621
2019-09-19 14:00:00,1163.2649
2019-09-19 14:15:00,1589.8506
2019-09-19 14:30:00,1608.8934
2019-09-19 14:45:00,1792.1888
2019-09-19 15:00:00,1816.0499
2019-09-19 15:15:00,1080.6617
2019-09-19 15:30:00,992.9883
2019-09-19 15:45:00,878.39856
2019-09-19 16:00:00,904.87604
2019-09-19 16:15:00,1611.2754
2019-09-19 16:30:00,1628.4519
2019-09-19 16:45:00,1438.3308
2019-09-19 17:00:00,1377.3049
2019-09-19 17:15:00,790.1673
2019-09-19 17:30:00,831.28094
2019-09-19 17:45:00,497.39978
2019-09-19 18:00:00,496.7081
2019-09-19 18:15:00,262.78394
2019-09-19 18:30:00,264.65527
2019-09-19 18:45:00,70.21623
2019-09-19 19:00:00,49.768612
2019-09-19 19:15:00,6.3934045
2019-09-19 19:30:00,9.723947
2019-09-19 19:45:00,5.4371443
2019-09-19 20:00:00,0.0
2019-09-19 20:15:00,0.0
2019-09-19 20:30:00,0.0
2019-09-19 20:45:00,0.0
2019-09-19 21:00:00,0.035439104
2019-09-19 21:15:00,0.0751656
2019-09-19 21:30:00,0.098797984
2019-09-19 21:45:00,0.11328311
2019-09-19 22:00:00,0.12244816
2019-09-19 22:15:00,0.12842569
2019-09-19 22:30:00,0.13243367
2019-09-19 22:45:00,0.13518715
2019-09-19 23:00:00,0.13711794
2019-09-19 23:15:00,0.1384933
2019-09-19 23:30:00,0.13948402
2019-09-19 23:45:00,0.14020017
2019-09-20 00:00:00,0.14071389
2019-09-20 00:15:00,0.14107469
2019-09-20 00:30:00,0.23537491
2019-09-20 00:45:00,0.40143728
2019-09-20 01:00:00,0.4563652
2019-09-20 01:15:00,0.40143728
2019-09-20 01:30:00,0.23537491
2019-09-20 01:45:00,0.14107469
2019-09-20 02:00:00,0.14071389
2019-09-20 02:15:00,0.1402
2019-09-20 02:30:00,0.13948412
2019-09-20 02:45:00,0.1384933
2019-09-20 03:00:00,0.13711794
2019-09-20 03:15:00,0.13518715
2019-09-20 03:30:00,0.13243367
2019-09-20 03:45:00,0.12842569
2019-09-20 04:00:00,0.12244816
2019-09-20 04:15:00,0.11328311
2019-09-20 04:30:00,0.098797984
2019-09-20 04:45:00,0.0751656
2019-09-20 05:00:00,0.035439104
2019-09-20 05:15:00,0.0
2019-09-20 05:30:00,0.0
2019-09-20 05:45:00,0.0
2019-09-20 06:00:00,0.0
2019-09-20 06:15:00,5.4371443
2019-09-20 06:30:00,9.177975
2019-09-20 06:45:00,6.3934045
2019-09-20 07:00:00,0.0
2019-09-20 07:15:00,60.68389
2019-09-20 07:30:00,73.474724
2019-09-20 07:45:00,326.04587
2019-09-20 08:00:00,307.36804
2019-09-20 08:15:00,687.58685
2019-09-20 08:30:00,693.1644
2019-09-20 08:45:00,978.82306
2019-09-20 09:00:00,859.71423
2019-09-20 09:15:00,1325.9067
2019-09-20 09:30:00,1232.752
2019-09-20 09:45:00,1133.6031
2019-09-20 10:00:00,981.45496
2019-09-20 10:15:00,1283.4247
2019-09-20 10:30:00,1163.3333
2019-09-20 10:45:00,1206.324
2019-09-20 11:00:00,1250.624
2019-09-20 11:15:00,1563.2805
2019-09-20 11:30:00,1560.5415
2019-09-20 11:45:00,2160.2246
2019-09-20 12:00:00,2158.3142
2019-09-20 12:15:00,2454.4072
2019-09-20 12:30:00,2444.8
2019-09-20 12:45:00,2556.2705
2019-09-20 13:00:00,2553.567
2019-09-20 13:15:00,2528.3242
2019-09-20 13:30:00,2536.1848
2019-09-20 13:45:00,2727.9795
2019-09-20 14:00:00,2729.3384
2019-09-20 14:15:00,2805.251
2019-09-20 14:30:00,2802.606
2019-09-20 14:45:00,2627.4556
2019-09-20 15:00:00,2626.7786
2019-09-20 15:15:00,2289.3115
2019-09-20 15:30:00,2284.7788
2019-09-20 15:45:00,2106.0332
2019-09-20 16:00:00,2063.026
2019-09-20 16:15:00,1824.4592
2019-09-20 16:30:00,1720.6772
2019-09-20 16:45:00,1519.2163
2019-09-20 17:00:00,1370.8853
2019-09-20 17:15:00,1216.3788
2019-09-20 17:30:00,1005.3823
2019-09-20 17:45:00,719.0015
2019-09-20 18:00:00,647.3741
2019-09-20 18:15:00,309.92615
2019-09-20 18:30:00,302.03577
2019-09-20 18:45:00,62.610657
2019-09-20 19:00:00,43.60972
2019-09-20 19:15:00,6.3934045
2019-09-20 19:30:00,9.723947
2019-09-20 19:45:00,5.4371443
2019-09-20 20:00:00,0.0
2019-09-20 20:15:00,0.0
2019-09-20 20:30:00,0.0
2019-09-20 20:45:00,0.0
2019-09-20 21:00:00,0.035439104
2019-09-20 21:15:00,0.0751656
2019-09-20 21:30:00,0.098797984
2019-09-20 21:45:00,0.11328311
2019-09-20 22:00:00,0.12244816
2019-09-20 22:15:00,0.12842569
2019-09-20 22:30:00,0.13243367
2019-09-20 22:45:00,0.13518715
2019-09-20 23:00:00,0.13711794
2019-09-20 23:15:00,0.1384933
2019-09-20 23:30:00,0.13948402
2019-09-20 23:45:00,0.14020017
2019-09-21 00:00:00,0.14071389
2019-09-21 00:15:00,0.14107469
2019-09-21 00:30:00,0.23537491
2019-09-21 00:45:00,0.40143728
2019-09-21 01:00:00,0.4563652
2019-09-21 01:15:00,0.40143728
2019-09-21 01:30:00,0.23537491
2019-09-21 01:45:00,0.14107469
2019-09-21 02:00:00,0.14071389
2019-09-21 02:15:00,0.1402
2019-09-21 02:30:00,0.13948412
2019-09-21 02:45:00,0.1384933
2019-09-21 03:00:00,0.13711794
2019-09-21 03:15:00,0.13518715
2019-09-21 03:30:00,0.13243367
2019-09-21 03:45:00,0.12842569
2019-09-21 04:00:00,0.12244816
2019-09-21 04:15:00,0.11328311
2019-09-21 04:30:00,0.098797984
2019-09-21 04:45:00,0.0751656
2019-09-21 05:00:00,0.035439104
2019-09-21 05:15:00,0.0
2019-09-21 05:30:00,0.0
2019-09-21 05:45:00,0.0
2019-09-21 06:00:00,0.0
2019-09-21 06:15:00,5.4371443
2019-09-21 06:30:00,9.177975
2019-09-21 06:45:00,6.3934045
2019-09-21 07:00:00,0.0
2019-09-21 07:15:00,56.929047
2019-09-21 07:30:00,68.86339
2019-09-21 07:45:00,236.69438
2019-09-21 08:00:00,215.90057
2019-09-21 08:15:00,341.65323
2019-09-21 08:30:00,298.834
2019-09-21 08:45:00,185.52106
2019-09-21 09:00:00,166.11621
2019-09-21 09:15:00,166.05888
2019-09-21 09:30:00,199.87961
2019-09-21 09:45:00,384.36954
2019-09-21 10:00:00,445.69308
2019-09-21 10:15:00,397.77835
2019-09-21 10:30:00,416.08185
2019-09-21 10:45:00,803.9962
2019-09-21 11:00:00,809.5735
2019-09-21 11:15:00,943.67444
2019-09-21 11:30:00,939.4363
2019-09-21 11:45:00,1309.6594
2019-09-21 12:00:00,1300.7712
2019-09-21 12:15:00,1215.7599
2019-09-21 12:30:00,1210.4094
2019-09-21 12:45:00,1093.8607
2019-09-21 13:00:00,1092.8682
2019-09-21 13:15:00,2036.9031
2019-09-21 13:30:00,2040.3113
2019-09-21 13:45:00,2158.2063
2019-09-21 14:00:00,2160.938
2019-09-21 14:15:00,1589.8506
2019-09-21 14:30:00,1608.8934
2019-09-21 14:45:00,1592.7396
2019-09-21 15:00:00,1608.5952
2019-09-21 15:15:00,1953.4159
2019-09-21 15:30:00,1955.8213
2019-09-21 15:45:00,1531.1002
2019-09-21 16:00:00,1610.2153
2019-09-21 16:15:00,904.86237
2019-09-21 16:30:00,1052.2162
2019-09-21 16:45:00,845.90173
2019-09-21 17:00:00,1002.77264
2019-09-21 17:15:00,754.3522
2019-09-21 17:30:00,795.41644
2019-09-21 17:45:00,438.4342
2019-09-21 18:00:00,444.21323
2019-09-21 18:15:00,213.38715
2019-09-21 18:30:00,221.6015
2019-09-21 18:45:00,70.21623
2019-09-21 19:00:00,49.768612
2019-09-21 19:15:00,6.3934045
2019-09-21 19:30:00,9.723947
2019-09-21 19:45:00,5.4371443
2019-09-21 20:00:00,0.0
2019-09-21 20:15:00,0.0
2019-09-21 20:30:00,0.0
2019-09-21 20:45:00,0.0
2019-09-21 21:00:00,0.035439104
2019-09-21 21:15:00,0.0751656
2019-09-21 21:30:00,0.098797984
2019-09-21 21:45:00,0.11328311
2019-09-21 22:00:00,0.12244816
2019-09-21 22:15:00,0.12842569
2019-09-21 22:30:00,0.13243367
2019-09-21 22:45:00,0.13518715
2019-09-21 23:00:00,0.13711794
2019-09-21 23:15:00,0.1384933
2019-09-21 23:30:00,0.13948402
2019-09-21 23:45:00,0.14020017
2019-09-22 00:00:00,0.14071389
2019-09-22 00:15:00,0.14107469
2019-09-22 00:30:00,0.23537491
2019-09-22 00:45:00,0.40143728
2019-09-22 01:00:00,0.4563652
2019-09-22 01:15:00,0.40143728
2019-09-22 01:30:00,0.23537491
2019-09-22 01:45:00,0.14107469
2019-09-22 02:00:00,0.14071389
2019-09-22 02:15:00,0.1402
2019-09-22 02:30:00,0.13948412
2019-09-22 02:45:00,0.1384933
2019-09-22 03:00:00,0.13711794
2019-09-22 03:15:00,0.13518715
2019-09-22 03:30:00,0.13243367
2019-09-22 03:45:00,0.12842569
2019-09-22 04:00:00,0.12244816
2019-09-22 04:15:00,0.11328311
2019-09-22 04:30:00,0.098797984
2019-09-22 04:45:00,0.0751656
2019-09-22 05:00:00,0.035439104
2019-09-22 05:15:00,0.0
2019-09-22 05:30:00,0.0
2019-09-22 05:45:00,0.0
2019-09-22 06:00:00,0.0
2019-09-22 06:15:00,5.4371443
2019-09-22 06:30:00,9.177975
2019-09-22 06:45:00,6.3934045
2019-09-22 07:00:00,0.0
2019-09-22 07:15:00,80.26375
2019-09-22 07:30:00,92.18532
2019-09-22 07:45:00,366.61682
2019-09-22 08:00:00,351.97498
2019-09-22 08:15:00,769.0768
2019-09-22 08:30:00,821.2993
2019-09-22 08:45:00,1205.8955
2019-09-22 09:00:00,1358.2688
2019-09-22 09:15:00,1504.7109
2019-09-22 09:30:00,1707.711
2019-09-22 09:45:00,1819.6569
2019-09-22 10:00:00,1912.7627
2019-09-22 10:15:00,2040.7802
2019-09-22 10:30:00,2067.896
2019-09-22 10:45:00,2093.9243
2019-09-22 11:00:00,2110.4558
2019-09-22 11:15:00,2250.96
2019-09-22 11:30:00,2261.7383
2019-09-22 11:45:00,2401.9346
2019-09-22 12:00:00,2393.033
2019-09-22 12:15:00,2248.62
2019-09-22 12:30:00,2247.1921
2019-09-22 12:45:00,2241.7227
2019-09-22 13:00:00,2241.3257
2019-09-22 13:15:00,2230.5847
2019-09-22 13:30:00,2231.715
2019-09-22 13:45:00,2224.256
2019-09-22 14:00:00,2225.5999
2019-09-22 14:15:00,2253.6985
2019-09-22 14:30:00,2249.2148
2019-09-22 14:45:00,2300.3687
2019-09-22 15:00:00,2305.8499
2019-09-22 15:15:00,2168.065
2019-09-22 15:30:00,2162.9873
2019-09-22 15:45:00,2046.6748
2019-09-22 16:00:00,1996.5571
2019-09-22 16:15:00,1824.408
2019-09-22 16:30:00,1664.565
2019-09-22 16:45:00,1560.9849
2019-09-22 17:00:00,1353.3083
2019-09-22 17:15:00,1157.5554
2019-09-22 17:30:00,1006.2728
2019-09-22 17:45:00,590.3877
2019-09-22 18:00:00,569.90857
2019-09-22 18:15:00,273.10727
2019-09-22 18:30:00,272.23654
2019-09-22 18:45:00,60.68389
2019-09-22 19:00:00,41.543655
2019-09-22 19:15:00,5.964107
2019-09-22 19:30:00,9.177975
2019-09-22 19:45:00,5.4371443
2019-09-22 20:00:00,0.0
2019-09-22 20:15:00,0.0
2019-09-22 20:30:00,0.0
2019-09-22 20:45:00,0.0
2019-09-22 21:00:00,0.035439104
2019-09-22 21:15:00,0.0751656
2019-09-22 21:30:00,0.098797984
2019-09-22 21:45:00,0.11328311
2019-09-22 22:00:00,0.12244816
2019-09-22 22:15:00,0.12842569
2019-09-22 22:30:00,0.13243367
2019-09-22 22:45:00,0.13518715
2019-09-22 23:00:00,0.13711794
2019-09-22 23:15:00,0.1384933
2019-09-22 23:30:00,0.13948402
2019-09-22 23:45:00,0.14020017
2019-09-23 00:00:00,0.14071389
2019-09-23 00:15:00,0.14107469
2019-09-23 00:30:00,0.23537491
2019-09-23 00:45:00,0.40143728
2019-09-23 01:00:00,0.4563652
2019-09-23 01:15:00,0.40143728
2019-09-23 01:30:00,0.23537491
2019-09-23 01:45:00,0.14107469
2019-09-23 02:00:00,0.14071389
2019-09-23 02:15:00,0.1402
2019-09-23 02:30:00,0.13948412
2019-09-23 02:45:00,0.1384933
2019-09-23 03:00:00,0.13711794
2019-09-23 03:15:00,0.13518715
2019-09-23 03:30:00,0.13243367
2019-09-23 03:45:00,0.12842569
2019-09-23 04:00:00,0.12244816
2019-09-23 04:15:00,0.11328311
2019-09-23 04:30:00,0.098797984
2019-09-23 04:45:00,0.0751656
2019-09-23 05:00:00,0.035439104
2019-09-23 05:15:00,0.0
2019-09-23 05:30:00,0.0
2019-09-23 05:45:00,0.0
2019-09-23 06:00:00,0.0
2019-09-23 06:15:00,5.4371443
2019-09-23 06:30:00,9.177975
2019-09-23 06:45:00,6.3934045
2019-09-23 07:00:00,0.0
2019-09-23 07:15:00,70.21623
2019-09-23 07:30:00,82.78264
2019-09-23 07:45:00,341.72824
2019-09-23 08:00:00,324.6086
2019-09-23 08:15:00,741.16284
2019-09-23 08:30:00,768.1703
2019-09-23 08:45:00,1216.4124
2019-09-23 09:00:00,1320.4348
2019-09-23 09:15:00,1509.178
2019-09-23 09:30:00,1706.6691
2019-09-23 09:45:00,1819.3259
2019-09-23 10:00:00,1924.1096
2019-09-23 10:15:00,2069.0176
2019-09-23 10:30:00,2093.4375
2019-09-23 10:45:00,2193.226
2019-09-23 11:00:00,2199.708
2019-09-23 11:15:00,2339.1602
2019-09-23 11:30:00,2334.3608
2019-09-23 11:45:00,2517.7275
2019-09-23 12:00:00,2506.9512
2019-09-23 12:15:00,2677.4482
2019-09-23 12:30:00,2673.099
2019-09-23 12:45:00,2804.722
2019-09-23 13:00:00,2803.9995
2019-09-23 13:15:00,2905.9204
2019-09-23 13:30:00,2907.8267
2019-09-23 13:45:00,3023.1777
2019-09-23 14:00:00,3024.957
2019-09-23 14:15:00,2907.5847
2019-09-23 14:30:00,2905.8037
2019-09-23 14:45:00,2729.5312
2019-09-23 15:00:00,2733.0352
2019-09-23 15:15:00,2471.8008
2019-09-23 15:30:00,2475.6782
2019-09-23 15:45:00,2162.8115
2019-09-23 16:00:00,2125.3477
2019-09-23 16:15:00,1819.3525
2019-09-23 16:30:00,1681.9553
2019-09-23 16:45:00,1464.9846
2019-09-23 17:00:00,1385.0139
2019-09-23 17:15:00,859.31354
2019-09-23 17:30:00,882.45044
2019-09-23 17:45:00,533.104
2019-09-23 18:00:00,525.0676
2019-09-23 18:15:00,293.40598
2019-09-23 18:30:00,288.32632
2019-09-23 18:45:00,75.2555
2019-09-23 19:00:00,53.83915
2019-09-23 19:15:00,5.964107
2019-09-23 19:30:00,9.177975
2019-09-23 19:45:00,5.4371443
2019-09-23 20:00:00,0.0
2019-09-23 20:15:00,0.0
2019-09-23 20:30:00,0.0
2019-09-23 20:45:00,0.0
2019-09-23 21:00:00,0.035439104
2019-09-23 21:15:00,0.0751656
2019-09-23 21:30:00,0.098797984
2019-09-23 21:45:00,0.11328311
2019-09-23 22:00:00,0.12244816
2019-09-23 22:15:00,0.12842569
2019-09-23 22:30:00,0.13243367
2019-09-23 22:45:00,0.13518715
2019-09-23 23:00:00,0.13711794
2019-09-23 23:15:00,0.1384933
2019-09-23 23:30:00,0.13948402
2019-09-23 23:45:00,0.14020017
2019-09-24 00:00:00,0.14071389
2019-09-24 00:15:00,0.14107469
2019-09-24 00:30:00,0.23537491
2019-09-24 00:45:00,0.40143728
2019-09-24 01:00:00,0.4563652
2019-09-24 01:15:00,0.40143728
2019-09-24 01:30:00,0.23537491
2019-09-24 01:45:00,0.14107469
2019-09-24 02:00:00,0.14071389
2019-09-24 02:15:00,0.1402
2019-09-24 02:30:00,0.13948412
2019-09-24 02:45:00,0.1384933
2019-09-24 03:00:00,0.13711794
2019-09-24 03:15:00,0.13518715
2019-09-24 03:30:00,0.13243367
2019-09-24 03:45:00,0.12842569
2019-09-24 04:00:00,0.12244816
2019-09-24 04:15:00,0.11328311
2019-09-24 04:30:00,0.098797984
2019-09-24 04:45:00,0.0751656
2019-09-24 05:00:00,0.035439104
2019-09-24 05:15:00,0.0
2019-09-24 05:30:00,0.0
2019-09-24 05:45:00,0.0
2019-09-24 06:00:00,0.0
2019-09-24 06:15:00,5.4371443
2019-09-24 06:30:00,9.177975
2019-09-24 06:45:00,6.3934045
2019-09-24 07:00:00,0.0
2019-09-24 07:15:00,70.21623
2019-09-24 07:30:00,82.78264
2019-09-24 07:45:00,344.80878
2019-09-24 08:00:00,328.04932
2019-09-24 08:15:00,744.16016
2019-09-24 08:30:00,773.7311
2019-09-24 08:45:00,1215.7767
2019-09-24 09:00:00,1327.6481
2019-09-24 09:15:00,1515.8853
2019-09-24 09:30:00,1702.8553
2019-09-24 09:45:00,1823.5537
2019-09-24 10:00:00,1898.9008
2019-09-24 10:15:00,1932.5193
2019-09-24 10:30:00,1933.1969
2019-09-24 10:45:00,2005.0502
2019-09-24 11:00:00,2005.6401
2019-09-24 11:15:00,2111.5842
2019-09-24 11:30:00,2113.1418
2019-09-24 11:45:00,2242.9592
2019-09-24 12:00:00,2243.2388
2019-09-24 12:15:00,2405.653
2019-09-24 12:30:00,2399.5667
2019-09-24 12:45:00,2958.5225
2019-09-24 13:00:00,2957.7456
2019-09-24 13:15:00,3092.3926
2019-09-24 13:30:00,3094.6482
2019-09-24 13:45:00,3040.8677
2019-09-24 14:00:00,3042.71
2019-09-24 14:15:00,2921.7678
2019-09-24 14:30:00,2920.1768
2019-09-24 14:45:00,2740.2043
2019-09-24 15:00:00,2744.2896
2019-09-24 15:15:00,2511.1465
2019-09-24 15:30:00,2519.8184
2019-09-24 15:45:00,2224.9058
2019-09-24 16:00:00,2197.366
2019-09-24 16:15:00,1836.0232
2019-09-24 16:30:00,1745.6841
2019-09-24 16:45:00,1555.967
2019-09-24 17:00:00,1351.5865
2019-09-24 17:15:00,1202.738
2019-09-24 17:30:00,1000.4535
2019-09-24 17:45:00,660.8724
2019-09-24 18:00:00,615.3828
2019-09-24 18:15:00,303.36395
2019-09-24 18:30:00,296.63602
2019-09-24 18:45:00,67.687195
2019-09-24 19:00:00,47.722435
2019-09-24 19:15:00,5.964107
2019-09-24 19:30:00,9.177975
2019-09-24 19:45:00,5.4371443
2019-09-24 20:00:00,0.0
2019-09-24 20:15:00,0.0
2019-09-24 20:30:00,0.0
2019-09-24 20:45:00,0.0
2019-09-24 21:00:00,0.035439104
2019-09-24 21:15:00,0.0751656
2019-09-24 21:30:00,0.098797984
2019-09-24 21:45:00,0.11328311
2019-09-24 22:00:00,0.12244816
2019-09-24 22:15:00,0.12842569
2019-09-24 22:30:00,0.13243367
2019-09-24 22:45:00,0.13518715
2019-09-24 23:00:00,0.13711794
2019-09-24 23:15:00,0.1384933
2019-09-24 23:30:00,0.13948402
2019-09-24 23:45:00,0.14020017
2019-09-25 00:00:00,0.14071389
2019-09-25 00:15:00,0.14107469
2019-09-25 00:30:00,0.23537491
2019-09-25 00:45:00,0.40143728
2019-09-25 01:00:00,0.4563652
2019-09-25 01:15:00,0.40143728
2019-09-25 01:30:00,0.23537491
2019-09-25 01:45:00,0.14107469
2019-09-25 02:00:00,0.14071389
2019-09-25 02:15:00,0.1402
2019-09-25 02:30:00,0.13948412
2019-09-25 02:45:00,0.1384933
2019-09-25 03:00:00,0.13711794
2019-09-25 03:15:00,0.13518715
2019-09-25 03:30:00,0.13243367
2019-09-25 03:45:00,0.12842569
2019-09-25 04:00:00,0.12244816
2019-09-25 04:15:00,0.11328311
2019-09-25 04:30:00,0.098797984
2019-09-25 04:45:00,0.0751656
2019-09-25 05:00:00,0.035439104
2019-09-25 05:15:00,0.0
2019-09-25 05:30:00,0.0
2019-09-25 05:45:00,0.0
2019-09-25 06:00:00,0.0
2019-09-25 06:15:00,5.4371443
2019-09-25 06:30:00,9.177975
2019-09-25 06:45:00,6.3934045
2019-09-25 07:00:00,0.0
2019-09-25 07:15:00,56.929047
2019-09-25 07:30:00,68.86339
2019-09-25 07:45:00,259.31937
2019-09-25 08:00:00,239.00455
2019-09-25 08:15:00,554.37524
2019-09-25 08:30:00,526.9549
2019-09-25 08:45:00,703.357
2019-09-25 09:00:00,610.33704
2019-09-25 09:15:00,771.3491
2019-09-25 09:30:00,667.43115
2019-09-25 09:45:00,1498.7417
2019-09-25 10:00:00,1400.1725
2019-09-25 10:15:00,1646.8301
2019-09-25 10:30:00,1572.1841
2019-09-25 10:45:00,1257.7012
2019-09-25 11:00:00,1272.6798
2019-09-25 11:15:00,1322.5658
2019-09-25 11:30:00,1327.6093
2019-09-25 11:45:00,1537.4583
2019-09-25 12:00:00,1509.5629
2019-09-25 12:15:00,1837.4501
2019-09-25 12:30:00,1823.6421
2019-09-25 12:45:00,1921.5725
2019-09-25 13:00:00,1919.2295
2019-09-25 13:15:00,1689.4272
2019-09-25 13:30:00,1701.2698
2019-09-25 13:45:00,1668.6255
2019-09-25 14:00:00,1692.222
2019-09-25 14:15:00,1752.0984
2019-09-25 14:30:00,1759.2424
2019-09-25 14:45:00,1741.0337
2019-09-25 15:00:00,1766.5032
2019-09-25 15:15:00,1759.4573
2019-09-25 15:30:00,1798.4927
2019-09-25 15:45:00,1700.3596
2019-09-25 16:00:00,1740.5222
2019-09-25 16:15:00,1765.4697
2019-09-25 16:30:00,1707.8208
2019-09-25 16:45:00,1561.586
2019-09-25 17:00:00,1356.3994
2019-09-25 17:15:00,1164.1948
2019-09-25 17:30:00,1005.6942
2019-09-25 17:45:00,590.3877
2019-09-25 18:00:00,569.90857
2019-09-25 18:15:00,239.59677
2019-09-25 18:30:00,246.33472
2019-09-25 18:45:00,55.053368
2019-09-25 19:00:00,35.309654
2019-09-25 19:15:00,5.964107
2019-09-25 19:30:00,9.177975
2019-09-25 19:45:00,5.4371443
2019-09-25 20:00:00,0.0
2019-09-25 20:15:00,0.0
2019-09-25 20:30:00,0.0
2019-09-25 20:45:00,0.0
2019-09-25 21:00:00,0.035439104
2019-09-25 21:15:00,0.0751656
2019-09-25 21:30:00,0.098797984
2019-09-25 21:45:00,0.11328311
2019-09-25 22:00:00,0.12244816
2019-09-25 22:15:00,0.12842569
2019-09-25 22:30:00,0.13243367
2019-09-25 22:45:00,0.13518715
2019-09-25 23:00:00,0.13711794
2019-09-25 23:15:00,0.1384933
2019-09-25 23:30:00,0.13948402
2019-09-25 23:45:00,0.14020017
2019-09-26 00:00:00,0.14071389
2019-09-26 00:15:00,0.14107469
2019-09-26 00:30:00,0.23537491
2019-09-26 00:45:00,0.40143728
2019-09-26 01:00:00,0.4563652
2019-09-26 01:15:00,0.40143728
2019-09-26 01:30:00,0.23537491
2019-09-26 01:45:00,0.14107469
2019-09-26 02:00:00,0.14071389
2019-09-26 02:15:00,0.1402
2019-09-26 02:30:00,0.13948412
2019-09-26 02:45:00,0.1384933
2019-09-26 03:00:00,0.13711794
2019-09-26 03:15:00,0.13518715
2019-09-26 03:30:00,0.13243367
2019-09-26 03:45:00,0.12842569
2019-09-26 04:00:00,0.12244816
2019-09-26 04:15:00,0.11328311
2019-09-26 04:30:00,0.098797984
2019-09-26 04:45:00,0.0751656
2019-09-26 05:00:00,0.035439104
2019-09-26 05:15:00,0.0
2019-09-26 05:30:00,0.0
2019-09-26 05:45:00,0.0
2019-09-26 06:00:00,0.0
2019-09-26 06:15:00,5.4371443
2019-09-26 06:30:00,9.177975
2019-09-26 06:45:00,5.964107
2019-09-26 07:00:00,0.0
2019-09-26 07:15:00,56.929047
2019-09-26 07:30:00,68.86339
2019-09-26 07:45:00,259.31937
2019-09-26 08:00:00,239.00455
2019-09-26 08:15:00,528.74854
2019-09-26 08:30:00,496.18002
2019-09-26 08:45:00,1176.4824
2019-09-26 09:00:00,1191.0388
2019-09-26 09:15:00,1550.1582
2019-09-26 09:30:00,1671.3423
2019-09-26 09:45:00,1820.8027
2019-09-26 10:00:00,1908.522
2019-09-26 10:15:00,2064.231
2019-09-26 10:30:00,2089.2905
2019-09-26 10:45:00,2320.0837
2019-09-26 11:00:00,2316.7295
2019-09-26 11:15:00,2469.927
2019-09-26 11:30:00,2468.2795
2019-09-26 11:45:00,2187.1191
2019-09-26 12:00:00,2186.1348
2019-09-26 12:15:00,1780.8452
2019-09-26 12:30:00,1764.1794
2019-09-26 12:45:00,1752.9136
2019-09-26 13:00:00,1749.0
2019-09-26 13:15:00,2040.6509
2019-09-26 13:30:00,2044.0024
2019-09-26 13:45:00,1962.2146
2019-09-26 14:00:00,1969.4131
2019-09-26 14:15:00,1840.0238
2019-09-26 14:30:00,1847.753
2019-09-26 14:45:00,1764.0542
2019-09-26 15:00:00,1789.0303
2019-09-26 15:15:00,1731.4841
2019-09-26 15:30:00,1775.5945
2019-09-26 15:45:00,1747.4834
2019-09-26 16:00:00,1776.6313
2019-09-26 16:15:00,1656.0701
2019-09-26 16:30:00,1658.5682
2019-09-26 16:45:00,1392.4346
2019-09-26 17:00:00,1358.2688
2019-09-26 17:15:00,1048.5212
2019-09-26 17:30:00,982.46716
2019-09-26 17:45:00,627.7774
2019-09-26 18:00:00,595.3414
2019-09-26 18:15:00,279.92728
2019-09-26 18:30:00,277.19055
2019-09-26 18:45:00,51.30645
2019-09-26 19:00:00,31.12615
2019-09-26 19:15:00,5.964107
2019-09-26 19:30:00,9.177975
2019-09-26 19:45:00,5.4371443
2019-09-26 20:00:00,0.0
2019-09-26 20:15:00,0.0
2019-09-26 20:30:00,0.0
2019-09-26 20:45:00,0.0
2019-09-26 21:00:00,0.035439104
2019-09-26 21:15:00,0.0751656
2019-09-26 21:30:00,0.098797984
2019-09-26 21:45:00,0.11328311
2019-09-26 22:00:00,0.12244816
2019-09-26 22:15:00,0.12842569
2019-09-26 22:30:00,0.13243367
2019-09-26 22:45:00,0.13518715
2019-09-26 23:00:00,0.13711794
2019-09-26 23:15:00,0.1384933
2019-09-26 23:30:00,0.13948402
2019-09-26 23:45:00,0.14020017
2019-09-27 00:00:00,0.14071389
2019-09-27 00:15:00,0.14107469
2019-09-27 00:30:00,0.23537491
2019-09-27 00:45:00,0.40143728
2019-09-27 01:00:00,0.4563652
2019-09-27 01:15:00,0.40143728
2019-09-27 01:30:00,0.23537491
2019-09-27 01:45:00,0.14107469
2019-09-27 02:00:00,0.14071389
2019-09-27 02:15:00,0.1402
2019-09-27 02:30:00,0.13948412
2019-09-27 02:45:00,0.1384933
2019-09-27 03:00:00,0.13711794
2019-09-27 03:15:00,0.13518715
2019-09-27 03:30:00,0.13243367
2019-09-27 03:45:00,0.12842569
2019-09-27 04:00:00,0.12244816
2019-09-27 04:15:00,0.11328311
2019-09-27 04:30:00,0.098797984
2019-09-27 04:45:00,0.0751656
2019-09-27 05:00:00,0.035439104
2019-09-27 05:15:00,0.0
2019-09-27 05:30:00,0.0
2019-09-27 05:45:00,0.0
2019-09-27 06:00:00,0.0
2019-09-27 06:15:00,5.4371443
2019-09-27 06:30:00,9.177975
2019-09-27 06:45:00,5.964107
2019-09-27 07:00:00,0.0
2019-09-27 07:15:00,47.565876
2019-09-27 07:30:00,57.475834
2019-09-27 07:45:00,219.22325
2019-09-27 08:00:00,196.66304
2019-09-27 08:15:00,413.0055
2019-09-27 08:30:00,366.17734
2019-09-27 08:45:00,404.40463
2019-09-27 09:00:00,351.9713
2019-09-27 09:15:00,400.12628
2019-09-27 09:30:00,373.68347
2019-09-27 09:45:00,483.84738
2019-09-27 10:00:00,583.3627
2019-09-27 10:15:00,740.69324
2019-09-27 10:30:00,796.1881
2019-09-27 10:45:00,807.34326
2019-09-27 11:00:00,812.99884
2019-09-27 11:15:00,1156.0563
2019-09-27 11:30:00,1152.7291
2019-09-27 11:45:00,2438.272
2019-09-27 12:00:00,2425.9053
2019-09-27 12:15:00,2305.2207
2019-09-27 12:30:00,2303.3848
2019-09-27 12:45:00,1471.9816
2019-09-27 13:00:00,1468.6398
2019-09-27 13:15:00,1200.2001
2019-09-27 13:30:00,1203.4966
2019-09-27 13:45:00,1282.291
2019-09-27 14:00:00,1290.0565
2019-09-27 14:15:00,1331.3713
2019-09-27 14:30:00,1338.2799
2019-09-27 14:45:00,1439.2252
2019-09-27 15:00:00,1430.1721
2019-09-27 15:15:00,1140.5441
2019-09-27 15:30:00,1107.0436
2019-09-27 15:45:00,943.0807
2019-09-27 16:00:00,995.9365
2019-09-27 16:15:00,784.071
2019-09-27 16:30:00,860.7942
2019-09-27 16:45:00,588.1308
2019-09-27 17:00:00,691.56335
2019-09-27 17:15:00,459.81177
2019-09-27 17:30:00,532.07776
2019-09-27 17:45:00,290.22427
2019-09-27 18:00:00,314.26962
2019-09-27 18:15:00,172.6947
2019-09-27 18:30:00,181.02718
2019-09-27 18:45:00,43.832527
2019-09-27 19:00:00,22.700418
2019-09-27 19:15:00,5.964107
2019-09-27 19:30:00,9.177975
2019-09-27 19:45:00,5.4371443
2019-09-27 20:00:00,0.0
2019-09-27 20:15:00,0.0
2019-09-27 20:30:00,0.0
2019-09-27 20:45:00,0.0
2019-09-27 21:00:00,0.035439104
2019-09-27 21:15:00,0.0751656
2019-09-27 21:30:00,0.098797984
2019-09-27 21:45:00,0.11328311
2019-09-27 22:00:00,0.12244816
2019-09-27 22:15:00,0.12842569
2019-09-27 22:30:00,0.13243367
2019-09-27 22:45:00,0.13518715
2019-09-27 23:00:00,0.13711794
2019-09-27 23:15:00,0.1384933
2019-09-27 23:30:00,0.13948402
2019-09-27 23:45:00,0.14020017
2019-09-28 00:00:00,0.14071389
2019-09-28 00:15:00,0.14107469
2019-09-28 00:30:00,0.23537491
2019-09-28 00:45:00,0.40143728
2019-09-28 01:00:00,0.4563652
2019-09-28 01:15:00,0.40143728
2019-09-28 01:30:00,0.23537491
2019-09-28 01:45:00,0.14107469
2019-09-28 02:00:00,0.14071389
2019-09-28 02:15:00,0.1402
2019-09-28 02:30:00,0.13948412
2019-09-28 02:45:00,0.1384933
2019-09-28 03:00:00,0.13711794
2019-09-28 03:15:00,0.13518715
2019-09-28 03:30:00,0.13243367
2019-09-28 03:45:00,0.12842569
2019-09-28 04:00:00,0.12244816
2019-09-28 04:15:00,0.11328311
2019-09-28 04:30:00,0.098797984
2019-09-28 04:45:00,0.0751656
2019-09-28 05:00:00,0.035439104
2019-09-28 05:15:00,0.0
2019-09-28 05:30:00,0.0
2019-09-28 05:45:00,0.0
2019-09-28 06:00:00,0.0
2019-09-28 06:15:00,5.4371443
2019-09-28 06:30:00,9.177975
2019-09-28 06:45:00,5.964107
2019-09-28 07:00:00,0.0
2019-09-28 07:15:00,51.30645
2019-09-28 07:30:00,62.006718
2019-09-28 07:45:00,290.05728
2019-09-28 08:00:00,269.489
2019-09-28 08:15:00,680.1615
2019-09-28 08:30:00,683.8918
2019-09-28 08:45:00,1167.3927
2019-09-28 09:00:00,1173.1019
2019-09-28 09:15:00,1549.1285
2019-09-28 09:30:00,1584.2035
2019-09-28 09:45:00,1786.7439
2019-09-28 10:00:00,1789.8795
2019-09-28 10:15:00,1968.9487
2019-09-28 10:30:00,1979.0817
2019-09-28 10:45:00,2124.0803
2019-09-28 11:00:00,2143.4263
2019-09-28 11:15:00,2147.8071
2019-09-28 11:30:00,2152.4373
2019-09-28 11:45:00,1835.0819
2019-09-28 12:00:00,1824.9749
2019-09-28 12:15:00,1254.1812
2019-09-28 12:30:00,1248.5352
2019-09-28 12:45:00,1193.3201
2019-09-28 13:00:00,1192.2125
2019-09-28 13:15:00,1318.067
2019-09-28 13:30:00,1321.979
2019-09-28 13:45:00,1247.1768
2019-09-28 14:00:00,1254.524
2019-09-28 14:15:00,1195.2842
2019-09-28 14:30:00,1202.2826
2019-09-28 14:45:00,1142.0887
2019-09-28 15:00:00,1134.9642
2019-09-28 15:15:00,1054.9354
2019-09-28 15:30:00,973.96216
2019-09-28 15:45:00,964.35046
2019-09-28 16:00:00,1041.9071
2019-09-28 16:15:00,1177.9303
2019-09-28 16:30:00,1313.8129
2019-09-28 16:45:00,851.6011
2019-09-28 17:00:00,1010.88696
2019-09-28 17:15:00,635.9344
2019-09-28 17:30:00,693.1644
2019-09-28 17:45:00,400.26648
2019-09-28 18:00:00,411.92484
2019-09-28 18:15:00,207.54999
2019-09-28 18:30:00,215.951
2019-09-28 18:45:00,38.248474
2019-09-28 19:00:00,16.335314
2019-09-28 19:15:00,5.964107
2019-09-28 19:30:00,9.177975
2019-09-28 19:45:00,5.4371443
2019-09-28 20:00:00,0.0
2019-09-28 20:15:00,0.0
2019-09-28 20:30:00,0.0
2019-09-28 20:45:00,0.0
2019-09-28 21:00:00,0.035439104
2019-09-28 21:15:00,0.0751656
2019-09-28 21:30:00,0.098797984
2019-09-28 21:45:00,0.11328311
2019-09-28 22:00:00,0.12244816
2019-09-28 22:15:00,0.12842569
2019-09-28 22:30:00,0.13243367
2019-09-28 22:45:00,0.13518715
2019-09-28 23:00:00,0.13711794
2019-09-28 23:15:00,0.1384933
2019-09-28 23:30:00,0.13948402
2019-09-28 23:45:00,0.14020017
2019-09-29 00:00:00,0.14071389
2019-09-29 00:15:00,0.14107469
2019-09-29 00:30:00,0.23537491
2019-09-29 00:45:00,0.40143728
2019-09-29 01:00:00,0.4563652
2019-09-29 01:15:00,0.40143728
2019-09-29 01:30:00,0.23537491
2019-09-29 01:45:00,0.14107469
2019-09-29 02:00:00,0.14071389
2019-09-29 02:15:00,0.1402
2019-09-29 02:30:00,0.13948412
2019-09-29 02:45:00,0.1384933
2019-09-29 03:00:00,0.13711794
2019-09-29 03:15:00,0.13518715
2019-09-29 03:30:00,0.13243367
2019-09-29 03:45:00,0.12842569
2019-09-29 04:00:00,0.12244816
2019-09-29 04:15:00,0.11328311
2019-09-29 04:30:00,0.098797984
2019-09-29 04:45:00,0.0751656
2019-09-29 05:00:00,0.035439104
2019-09-29 05:15:00,0.0
2019-09-29 05:30:00,0.0
2019-09-29 05:45:00,0.0
2019-09-29 06:00:00,0.0
2019-09-29 06:15:00,5.4371443
2019-09-29 06:30:00,9.177975
2019-09-29 06:45:00,5.964107
2019-09-29 07:00:00,0.0
2019-09-29 07:15:00,45.698208
2019-09-29 07:30:00,55.22314
2019-09-29 07:45:00,266.23706
2019-09-29 08:00:00,245.71455
2019-09-29 08:15:00,656.88806
2019-09-29 08:30:00,654.75616
2019-09-29 08:45:00,1150.5953
2019-09-29 09:00:00,1141.6149
2019-09-29 09:15:00,1136.8102
2019-09-29 09:30:00,969.6804
2019-09-29 09:45:00,1300.1288
2019-09-29 10:00:00,1154.3079
2019-09-29 10:15:00,997.65625
2019-09-29 10:30:00,1004.6764
2019-09-29 10:45:00,1060.2754
2019-09-29 11:00:00,1088.879
2019-09-29 11:15:00,1027.1898
2019-09-29 11:30:00,1023.0875
2019-09-29 11:45:00,1065.6781
2019-09-29 12:00:00,1059.0565
2019-09-29 12:15:00,1032.5765
2019-09-29 12:30:00,1028.214
2019-09-29 12:45:00,943.93713
2019-09-29 13:00:00,943.1116
2019-09-29 13:15:00,920.32697
2019-09-29 13:30:00,922.67474
2019-09-29 13:45:00,919.6635
2019-09-29 14:00:00,924.59
2019-09-29 14:15:00,937.18414
2019-09-29 14:30:00,942.91327
2019-09-29 14:45:00,1006.31476
2019-09-29 15:00:00,1004.8563
2019-09-29 15:15:00,982.4097
2019-09-29 15:30:00,929.3245
2019-09-29 15:45:00,913.2173
2019-09-29 16:00:00,955.8102
2019-09-29 16:15:00,845.5753
2019-09-29 16:30:00,945.55597
2019-09-29 16:45:00,665.4647
2019-09-29 17:00:00,771.322
2019-09-29 17:15:00,544.7609
2019-09-29 17:30:00,613.0907
2019-09-29 17:45:00,379.10876
2019-09-29 18:00:00,393.24152
2019-09-29 18:15:00,184.25941
2019-09-29 18:30:00,192.8509
2019-09-29 18:45:00,36.391865
2019-09-29 19:00:00,14.205742
2019-09-29 19:15:00,5.964107
2019-09-29 19:30:00,9.177975
2019-09-29 19:45:00,5.4371443
2019-09-29 20:00:00,0.0
2019-09-29 20:15:00,0.0
2019-09-29 20:30:00,0.0
2019-09-29 20:45:00,0.0
2019-09-29 21:00:00,0.035439104
2019-09-29 21:15:00,0.0751656
2019-09-29 21:30:00,0.098797984
2019-09-29 21:45:00,0.11328311
2019-09-29 22:00:00,0.12244816
2019-09-29 22:15:00,0.12842569
2019-09-29 22:30:00,0.13243367
2019-09-29 22:45:00,0.13518715
2019-09-29 23:00:00,0.13711794
2019-09-29 23:15:00,0.1384933
2019-09-29 23:30:00,0.13948402
2019-09-29 23:45:00,0.14020017
2019-09-30 00:00:00,0.14071389
2019-09-30 00:15:00,0.14107469
2019-09-30 00:30:00,0.23537491
2019-09-30 00:45:00,0.40143728
2019-09-30 01:00:00,0.4563652
2019-09-30 01:15:00,0.40143728
2019-09-30 01:30:00,0.23537491
2019-09-30 01:45:00,0.14107469
2019-09-30 02:00:00,0.14071389
2019-09-30 02:15:00,0.1402
2019-09-30 02:30:00,0.13948412
2019-09-30 02:45:00,0.1384933
2019-09-30 03:00:00,0.13711794
2019-09-30 03:15:00,0.13518715
2019-09-30 03:30:00,0.13243367
2019-09-30 03:45:00,0.12842569
2019-09-30 04:00:00,0.12244816
2019-09-30 04:15:00,0.11328311
2019-09-30 04:30:00,0.098797984
2019-09-30 04:45:00,0.0751656
2019-09-30 05:00:00,0.035439104
2019-09-30 05:15:00,0.0
2019-09-30 05:30:00,0.0
2019-09-30 05:45:00,0.0
2019-09-30 06:00:00,0.0
2019-09-30 06:15:00,5.4371443
2019-09-30 06:30:00,9.177975
2019-09-30 06:45:00,5.964107
2019-09-30 07:00:00,0.0
2019-09-30 07:15:00,47.565876
2019-09-30 07:30:00,57.475834
2019-09-30 07:45:00,252.3569
2019-09-30 08:00:00,232.33966
2019-09-30 08:15:00,519.9421
2019-09-30 08:30:00,485.9558
2019-09-30 08:45:00,978.82306
2019-09-30 09:00:00,859.71423
2019-09-30 09:15:00,1547.3564
2019-09-30 09:30:00,1580.0945
2019-09-30 09:45:00,1818.6685
2019-09-30 10:00:00,1918.9604
2019-09-30 10:15:00,2153.477
2019-09-30 10:30:00,2172.0693
2019-09-30 10:45:00,2436.7197
2019-09-30 11:00:00,2437.6328
2019-09-30 11:15:00,2662.458
2019-09-30 11:30:00,2665.8916
2019-09-30 11:45:00,2847.4883
2019-09-30 12:00:00,2848.1572
2019-09-30 12:15:00,2977.188
2019-09-30 12:30:00,2974.6787
2019-09-30 12:45:00,3036.0454
2019-09-30 13:00:00,3035.2163
2019-09-30 13:15:00,3032.52
2019-09-30 13:30:00,3034.6997
2019-09-30 13:45:00,2970.1194
2019-09-30 14:00:00,2971.75
2019-09-30 14:15:00,2847.4883
2019-09-30 14:30:00,2845.1108
2019-09-30 14:45:00,2662.458
2019-09-30 15:00:00,2662.9004
2019-09-30 15:15:00,2436.7197
2019-09-30 15:30:00,2437.016
2019-09-30 15:45:00,2150.3943
2019-09-30 16:00:00,2111.48
2019-09-30 16:15:00,1820.1278
2019-09-30 16:30:00,1705.5929
2019-09-30 16:45:00,1548.4556
2019-09-30 17:00:00,1353.0236
2019-09-30 17:15:00,1182.1097
2019-09-30 17:30:00,1003.23676
2019-09-30 17:45:00,648.79047
2019-09-30 18:00:00,608.16656
2019-09-30 18:15:00,255.84354
2019-09-30 18:30:00,259.50726
2019-09-30 18:45:00,36.391865
2019-09-30 19:00:00,14.205742
2019-09-30 19:15:00,5.964107
2019-09-30 19:30:00,9.177975
2019-09-30 19:45:00,5.4371443
2019-09-30 20:00:00,0.0
2019-09-30 20:15:00,0.0
2019-09-30 20:30:00,0.0
2019-09-30 20:45:00,0.0
2019-09-30 21:00:00,0.035439104
2019-09-30 21:15:00,0.0751656
2019-09-30 21:30:00,0.098797984
2019-09-30 21:45:00,0.11328311
2019-09-30 22:00:00,0.12244816
2019-09-30 22:15:00,0.12842569
2019-09-30 22:30:00,0.13243367
2019-09-30 22:45:00,0.13518715
2019-09-30 23:00:00,0.13711794
2019-09-30 23:15:00,0.1384933
2019-09-30 23:30:00,0.13948402
2019-09-30 23:45:00,0.14020017
2019-10-01 00:00:00,0.14071389
2019-10-01 00:15:00,0.14107469
2019-10-01 00:30:00,0.23537491
2019-10-01 00:45:00,0.40143728
2019-10-01 01:00:00,0.4563652
2019-10-01 01:15:00,0.40143728
2019-10-01 01:30:00,0.23537491
2019-10-01 01:45:00,0.14107469
2019-10-01 02:00:00,0.14071389
2019-10-01 02:15:00,0.1402
2019-10-01 02:30:00,0.13948412
2019-10-01 02:45:00,0.1384933
2019-10-01 03:00:00,0.13711794
2019-10-01 03:15:00,0.13518715
2019-10-01 03:30:00,0.13243367
2019-10-01 03:45:00,0.12842569
2019-10-01 04:00:00,0.12244816
2019-10-01 04:15:00,0.11328311
2019-10-01 04:30:00,0.098797984
2019-10-01 04:45:00,0.0751656
2019-10-01 05:00:00,0.035439104
2019-10-01 05:15:00,0.0
2019-10-01 05:30:00,0.0
2019-10-01 05:45:00,0.0
2019-10-01 06:00:00,0.0
2019-10-01 06:15:00,5.4371443
2019-10-01 06:30:00,9.177975
2019-10-01 06:45:00,5.964107
2019-10-01 07:00:00,0.0
2019-10-01 07:15:00,45.698208
2019-10-01 07:30:00,55.22314
2019-10-01 07:45:00,283.31766
2019-10-01 08:00:00,262.657
2019-10-01 08:15:00,676.38684
2019-10-01 08:30:00,679.1714
2019-10-01 08:45:00,1196.7645
2019-10-01 09:00:00,1235.4109
2019-10-01 09:15:00,1538.9158
2019-10-01 09:30:00,1684.5372
2019-10-01 09:45:00,1821.934
2019-10-01 10:00:00,1928.3801
2019-10-01 10:15:00,2159.686
2019-10-01 10:30:00,2178.211
2019-10-01 10:45:00,2436.7197
2019-10-01 11:00:00,2437.6328
2019-10-01 11:15:00,2662.458
2019-10-01 11:30:00,2665.8916
2019-10-01 11:45:00,2840.436
2019-10-01 12:00:00,2841.1372
2019-10-01 12:15:00,2955.9805
2019-10-01 12:30:00,2953.523
2019-10-01 12:45:00,3004.3135
2019-10-01 13:00:00,3003.4956
2019-10-01 13:15:00,2993.736
2019-10-01 13:30:00,2995.864
2019-10-01 13:45:00,2931.2568
2019-10-01 14:00:00,2932.7998
2019-10-01 14:15:00,2801.7402
2019-10-01 14:30:00,2799.0767
2019-10-01 14:45:00,2610.0117
2019-10-01 15:00:00,2608.9082
2019-10-01 15:15:00,2367.873
2019-10-01 15:30:00,2363.7283
2019-10-01 15:45:00,2086.8418
2019-10-01 16:00:00,2042.1862
2019-10-01 16:15:00,1824.408
2019-10-01 16:30:00,1664.565
2019-10-01 16:45:00,1557.4463
2019-10-01 17:00:00,1364.5693
2019-10-01 17:15:00,1106.8031
2019-10-01 17:30:00,1002.3389
2019-10-01 17:45:00,566.7145
2019-10-01 18:00:00,551.4475
2019-10-01 18:15:00,213.38715
2019-10-01 18:30:00,221.6015
2019-10-01 18:45:00,28.992939
2019-10-01 19:00:00,5.651185
2019-10-01 19:15:00,5.964107
2019-10-01 19:30:00,9.177975
2019-10-01 19:45:00,5.4371443
2019-10-01 20:00:00,0.0
2019-10-01 20:15:00,0.0
2019-10-01 20:30:00,0.0
2019-10-01 20:45:00,0.0
2019-10-01 21:00:00,0.035439104
2019-10-01 21:15:00,0.0751656
2019-10-01 21:30:00,0.098797984
2019-10-01 21:45:00,0.11328311
2019-10-01 22:00:00,0.12244816
2019-10-01 22:15:00,0.12842569
2019-10-01 22:30:00,0.13243367
2019-10-01 22:45:00,0.13518715
2019-10-01 23:00:00,0.13711794
2019-10-01 23:15:00,0.1384933
2019-10-01 23:30:00,0.13948402
2019-10-01 23:45:00,0.14020017
2019-10-02 00:00:00,0.14071389
2019-10-02 00:15:00,0.14107469
2019-10-02 00:30:00,0.23537491
2019-10-02 00:45:00,0.40143728
2019-10-02 01:00:00,0.4563652
2019-10-02 01:15:00,0.40143728
2019-10-02 01:30:00,0.23537491
2019-10-02 01:45:00,0.14107469
2019-10-02 02:00:00,0.14071389
2019-10-02 02:15:00,0.1402
2019-10-02 02:30:00,0.13948412
2019-10-02 02:45:00,0.1384933
2019-10-02 03:00:00,0.13711794
2019-10-02 03:15:00,0.13518715
2019-10-02 03:30:00,0.13243367
2019-10-02 03:45:00,0.12842569
2019-10-02 04:00:00,0.12244816
2019-10-02 04:15:00,0.11328311
2019-10-02 04:30:00,0.098797984
2019-10-02 04:45:00,0.0751656
2019-10-02 05:00:00,0.035439104
2019-10-02 05:15:00,0.0
2019-10-02 05:30:00,0.0
2019-10-02 05:45:00,0.0
2019-10-02 06:00:00,0.0
2019-10-02 06:15:00,5.4371443
2019-10-02 06:30:00,9.177975
2019-10-02 06:45:00,5.964107
2019-10-02 07:00:00,0.0
2019-10-02 07:15:00,36.391865
2019-10-02 07:30:00,44.09612
2019-10-02 07:45:00,213.38718
2019-10-02 08:00:00,190.38391
2019-10-02 08:15:00,558.5245
2019-10-02 08:30:00,532.07776
2019-10-02 08:45:00,1088.6042
2019-10-02 09:00:00,1034.6674
2019-10-02 09:15:00,1552.3523
2019-10-02 09:30:00,1592.221
2019-10-02 09:45:00,1825.9288
2019-10-02 10:00:00,1885.898
2019-10-02 10:15:00,2071.466
2019-10-02 10:30:00,2095.5535
2019-10-02 10:45:00,2333.738
2019-10-02 11:00:00,2331.2546
2019-10-02 11:15:00,2557.7856
2019-10-02 11:30:00,2560.8672
2019-10-02 11:45:00,2728.3037
2019-10-02 12:00:00,2729.3384
2019-10-02 12:15:00,2826.0078
2019-10-02 12:30:00,2823.9902
2019-10-02 12:45:00,2864.0317
2019-10-02 13:00:00,2863.332
2019-10-02 13:15:00,2853.5762
2019-10-02 13:30:00,2855.3738
2019-10-02 13:45:00,2787.6392
2019-10-02 14:00:00,2788.6538
2019-10-02 14:15:00,2661.9956
2019-10-02 14:30:00,2658.9248
2019-10-02 14:45:00,2491.2637
2019-10-02 15:00:00,2489.695
2019-10-02 15:15:00,2296.1562
2019-10-02 15:30:00,2291.4673
2019-10-02 15:45:00,2052.9485
2019-10-02 16:00:00,2004.0349
2019-10-02 16:15:00,1824.0079
2019-10-02 16:30:00,1663.3689
2019-10-02 16:45:00,1534.6118
2019-10-02 17:00:00,1381.4749
2019-10-02 17:15:00,1048.5212
2019-10-02 17:30:00,982.46716
2019-10-02 17:45:00,524.36084
2019-10-02 18:00:00,518.1632
2019-10-02 18:15:00,192.97282
2019-10-02 18:30:00,201.60278
2019-10-02 18:45:00,23.476511
2019-10-02 19:00:00,1.3413883
2019-10-02 19:15:00,5.964107
2019-10-02 19:30:00,9.177975
2019-10-02 19:45:00,5.4371443
2019-10-02 20:00:00,0.0
2019-10-02 20:15:00,0.0
2019-10-02 20:30:00,0.0
2019-10-02 20:45:00,0.0
2019-10-02 21:00:00,0.035439104
2019-10-02 21:15:00,0.0751656
2019-10-02 21:30:00,0.098797984
2019-10-02 21:45:00,0.11328311
2019-10-02 22:00:00,0.12244816
2019-10-02 22:15:00,0.12842569
2019-10-02 22:30:00,0.13243367
2019-10-02 22:45:00,0.13518715
2019-10-02 23:00:00,0.13711794
2019-10-02 23:15:00,0.1384933
2019-10-02 23:30:00,0.13948402
2019-10-02 23:45:00,0.14020017
2019-10-03 00:00:00,0.14071389
2019-10-03 00:15:00,0.14107469
2019-10-03 00:30:00,0.23537491
2019-10-03 00:45:00,0.40143728
2019-10-03 01:00:00,0.4563652
2019-10-03 01:15:00,0.40143728
2019-10-03 01:30:00,0.23537491
2019-10-03 01:45:00,0.14107469
2019-10-03 02:00:00,0.14071389
2019-10-03 02:15:00,0.1402
2019-10-03 02:30:00,0.13948412
2019-10-03 02:45:00,0.1384933
2019-10-03 03:00:00,0.13711794
2019-10-03 03:15:00,0.13518715
2019-10-03 03:30:00,0.13243367
2019-10-03 03:45:00,0.12842569
2019-10-03 04:00:00,0.12244816
2019-10-03 04:15:00,0.11328311
2019-10-03 04:30:00,0.098797984
2019-10-03 04:45:00,0.0751656
2019-10-03 05:00:00,0.035439104
2019-10-03 05:15:00,0.0
2019-10-03 05:30:00,0.0
2019-10-03 05:45:00,0.0
2019-10-03 06:00:00,0.0
2019-10-03 06:15:00,5.4371443
2019-10-03 06:30:00,9.177975
2019-10-03 06:45:00,5.964107
2019-10-03 07:00:00,0.0
2019-10-03 07:15:00,32.686623
2019-10-03 07:30:00,39.71301
2019-10-03 07:45:00,172.69475
2019-10-03 08:00:00,148.58812
2019-10-03 08:15:00,396.02475
2019-10-03 08:30:00,349.15952
2019-10-03 08:45:00,720.9155
2019-10-03 09:00:00,627.6212
2019-10-03 09:15:00,862.89966
2019-10-03 09:30:00,760.814
2019-10-03 09:45:00,1064.3435
2019-10-03 10:00:00,942.99786
2019-10-03 10:15:00,1212.9775
2019-10-03 10:30:00,1097.8843
2019-10-03 10:45:00,1713.9906
2019-10-03 11:00:00,1668.554
2019-10-03 11:15:00,2058.1086
2019-10-03 11:30:00,2055.0732
2019-10-03 11:45:00,2505.498
2019-10-03 12:00:00,2493.7354
2019-10-03 12:15:00,2784.149
2019-10-03 12:30:00,2782.0586
2019-10-03 12:45:00,2839.637
2019-10-03 13:00:00,2838.9404
2019-10-03 13:15:00,2829.176
2019-10-03 13:30:00,2830.9634
2019-10-03 13:45:00,2763.1787
2019-10-03 14:00:00,2764.2363
2019-10-03 14:15:00,2637.3574
2019-10-03 14:30:00,2634.5425
2019-10-03 14:45:00,2459.1543
2019-10-03 15:00:00,2458.4775
2019-10-03 15:15:00,2241.5571
2019-10-03 15:30:00,2238.6675
2019-10-03 15:45:00,2018.8451
2019-10-03 16:00:00,1962.3507
2019-10-03 16:15:00,1793.0107
2019-10-03 16:30:00,1699.0194
2019-10-03 16:45:00,1403.2705
2019-10-03 17:00:00,1363.2355
2019-10-03 17:15:00,819.46234
2019-10-03 17:30:00,859.9742
2019-10-03 17:45:00,366.50803
2019-10-03 18:00:00,381.80157
2019-10-03 18:15:00,135.79588
2019-10-03 18:30:00,142.43552
2019-10-03 18:45:00,19.816595
2019-10-03 19:00:00,0.112930275
2019-10-03 19:15:00,5.964107
2019-10-03 19:30:00,9.177975
2019-10-03 19:45:00,5.4371443
2019-10-03 20:00:00,0.0
2019-10-03 20:15:00,0.0
2019-10-03 20:30:00,0.0
2019-10-03 20:45:00,0.0
2019-10-03 21:00:00,0.035439104
2019-10-03 21:15:00,0.0751656
2019-10-03 21:30:00,0.098797984
2019-10-03 21:45:00,0.11328311
2019-10-03 22:00:00,0.12244816
2019-10-03 22:15:00,0.12842569
2019-10-03 22:30:00,0.13243367
2019-10-03 22:45:00,0.13518715
2019-10-03 23:00:00,0.13711794
2019-10-03 23:15:00,0.1384933
2019-10-03 23:30:00,0.13948402
2019-10-03 23:45:00,0.14020017
2019-10-04 00:00:00,0.14071389
2019-10-04 00:15:00,0.14107469
2019-10-04 00:30:00,0.23537491
2019-10-04 00:45:00,0.40143728
2019-10-04 01:00:00,0.4563652
2019-10-04 01:15:00,0.40143728
2019-10-04 01:30:00,0.23537491
2019-10-04 01:45:00,0.14107469
2019-10-04 02:00:00,0.14071389
2019-10-04 02:15:00,0.1402
2019-10-04 02:30:00,0.13948412
2019-10-04 02:45:00,0.1384933
2019-10-04 03:00:00,0.13711794
2019-10-04 03:15:00,0.13518715
2019-10-04 03:30:00,0.13243367
2019-10-04 03:45:00,0.12842569
2019-10-04 04:00:00,0.12244816
2019-10-04 04:15:00,0.11328311
2019-10-04 04:30:00,0.098797984
2019-10-04 04:45:00,0.0751656
2019-10-04 05:00:00,0.035439104
2019-10-04 05:15:00,0.0
2019-10-04 05:30:00,0.0
2019-10-04 05:45:00,0.0
2019-10-04 06:00:00,0.0
2019-10-04 06:15:00,5.4371443
2019-10-04 06:30:00,9.177975
2019-10-04 06:45:00,5.964107
2019-10-04 07:00:00,0.0
2019-10-04 07:15:00,34.53793
2019-10-04 07:30:00,41.899483
2019-10-04 07:45:00,201.71484
2019-10-04 08:00:00,178.04411
2019-10-04 08:15:00,524.36084
2019-10-04 08:30:00,491.06357
2019-10-04 08:45:00,1074.1537
2019-10-04 09:00:00,1010.88696
2019-10-04 09:15:00,1534.6118
2019-10-04 09:30:00,1553.9658
2019-10-04 09:45:00,1768.0096
2019-10-04 10:00:00,1762.7224
2019-10-04 10:15:00,1846.4435
2019-10-04 10:30:00,1824.2927
2019-10-04 10:45:00,1645.1138
2019-10-04 11:00:00,1594.9147
2019-10-04 11:15:00,1604.5823
2019-10-04 11:30:00,1602.9689
2019-10-04 11:45:00,1665.4927
2019-10-04 12:00:00,1641.1187
2019-10-04 12:15:00,2191.4546
2019-10-04 12:30:00,2189.4297
2019-10-04 12:45:00,2362.6836
2019-10-04 13:00:00,2361.841
2019-10-04 13:15:00,2367.8943
2019-10-04 13:30:00,2370.5066
2019-10-04 13:45:00,2274.5886
2019-10-04 14:00:00,2275.7786
2019-10-04 14:15:00,2157.6768
2019-10-04 14:30:00,2157.335
2019-10-04 14:45:00,2045.5127
2019-10-04 15:00:00,2045.3105
2019-10-04 15:15:00,2010.523
2019-10-04 15:30:00,2002.5144
2019-10-04 15:45:00,1822.657
2019-10-04 16:00:00,1834.2664
2019-10-04 16:15:00,1498.7417
2019-10-04 16:30:00,1549.3564
2019-10-04 16:45:00,787.40314
2019-10-04 17:00:00,916.3043
2019-10-04 17:15:00,490.37415
2019-10-04 17:30:00,562.5907
2019-10-04 17:45:00,275.2589
2019-10-04 18:00:00,300.46332
2019-10-04 18:15:00,130.24655
2019-10-04 18:30:00,137.6246
2019-10-04 18:45:00,17.992395
2019-10-04 19:00:00,0.0
2019-10-04 19:15:00,5.964107
2019-10-04 19:30:00,9.177975
2019-10-04 19:45:00,5.4371443
2019-10-04 20:00:00,0.0
2019-10-04 20:15:00,0.0
2019-10-04 20:30:00,0.0
2019-10-04 20:45:00,0.0
2019-10-04 21:00:00,0.035439104
2019-10-04 21:15:00,0.0751656
2019-10-04 21:30:00,0.098797984
2019-10-04 21:45:00,0.11328311
2019-10-04 22:00:00,0.12244816
2019-10-04 22:15:00,0.12842569
2019-10-04 22:30:00,0.13243367
2019-10-04 22:45:00,0.13518715
2019-10-04 23:00:00,0.13711794
2019-10-04 23:15:00,0.1384933
2019-10-04 23:30:00,0.13948402
2019-10-04 23:45:00,0.14020017
2019-10-05 00:00:00,0.14071389
2019-10-05 00:15:00,0.14107469
2019-10-05 00:30:00,0.23537491
2019-10-05 00:45:00,0.40143728
2019-10-05 01:00:00,0.4563652
2019-10-05 01:15:00,0.40143728
2019-10-05 01:30:00,0.23537491
2019-10-05 01:45:00,0.14107469
2019-10-05 02:00:00,0.14071389
2019-10-05 02:15:00,0.1402
2019-10-05 02:30:00,0.13948412
2019-10-05 02:45:00,0.1384933
2019-10-05 03:00:00,0.13711794
2019-10-05 03:15:00,0.13518715
2019-10-05 03:30:00,0.13243367
2019-10-05 03:45:00,0.12842569
2019-10-05 04:00:00,0.12244816
2019-10-05 04:15:00,0.11328311
2019-10-05 04:30:00,0.098797984
2019-10-05 04:45:00,0.0751656
2019-10-05 05:00:00,0.035439104
2019-10-05 05:15:00,0.0
2019-10-05 05:30:00,0.0
2019-10-05 05:45:00,0.0
2019-10-05 06:00:00,0.0
2019-10-05 06:15:00,5.4371443
2019-10-05 06:30:00,9.177975
2019-10-05 06:45:00,5.964107
2019-10-05 07:00:00,0.0
2019-10-05 07:15:00,36.391865
2019-10-05 07:30:00,44.09612
2019-10-05 07:45:00,236.69438
2019-10-05 08:00:00,215.90057
2019-10-05 08:15:00,594.19977
2019-10-05 08:30:00,577.6147
2019-10-05 08:45:00,1093.2672
2019-10-05 09:00:00,1042.41
2019-10-05 09:15:00,1545.4797
2019-10-05 09:30:00,1575.916
2019-10-05 09:45:00,1825.6943
2019-10-05 10:00:00,1871.169
2019-10-05 10:15:00,2066.606
2019-10-05 10:30:00,2091.3508
2019-10-05 10:45:00,2248.3232
2019-10-05 11:00:00,2244.2837
2019-10-05 11:15:00,2320.8943
2019-10-05 11:30:00,2319.1804
2019-10-05 11:45:00,2401.9346
2019-10-05 12:00:00,2393.033
2019-10-05 12:15:00,2314.2424
2019-10-05 12:30:00,2312.2383
2019-10-05 12:45:00,2398.953
2019-10-05 13:00:00,2397.7017
2019-10-05 13:15:00,2066.0154
2019-10-05 13:30:00,2069.0164
2019-10-05 13:45:00,2261.633
2019-10-05 14:00:00,2262.7725
2019-10-05 14:15:00,2240.8047
2019-10-05 14:30:00,2236.7905
2019-10-05 14:45:00,2101.112
2019-10-05 15:00:00,2094.51
2019-10-05 15:15:00,2082.249
2019-10-05 15:30:00,2064.1475
2019-10-05 15:45:00,1905.1692
2019-10-05 16:00:00,1895.3726
2019-10-05 16:15:00,1679.9971
2019-10-05 16:30:00,1673.7076
2019-10-05 16:45:00,1136.8102
2019-10-05 17:00:00,1213.8519
2019-10-05 17:15:00,799.72925
2019-10-05 17:30:00,841.05347
2019-10-05 17:45:00,417.25183
2019-10-05 18:00:00,426.49847
2019-10-05 18:15:00,155.5084
2019-10-05 18:30:00,162.99033
2019-10-05 18:45:00,17.992395
2019-10-05 19:00:00,0.0
2019-10-05 19:15:00,5.964107
2019-10-05 19:30:00,9.177975
2019-10-05 19:45:00,5.4371443
2019-10-05 20:00:00,0.0
2019-10-05 20:15:00,0.0
2019-10-05 20:30:00,0.0
2019-10-05 20:45:00,0.0
2019-10-05 21:00:00,0.035439104
2019-10-05 21:15:00,0.0751656
2019-10-05 21:30:00,0.098797984
2019-10-05 21:45:00,0.11328311
2019-10-05 22:00:00,0.12244816
2019-10-05 22:15:00,0.12842569
2019-10-05 22:30:00,0.13243367
2019-10-05 22:45:00,0.13518715
2019-10-05 23:00:00,0.13711794
2019-10-05 23:15:00,0.1384933
2019-10-05 23:30:00,0.13948402
2019-10-05 23:45:00,0.14020017
2019-10-06 00:00:00,0.14071389
2019-10-06 00:15:00,0.14107469
2019-10-06 00:30:00,0.23537491
2019-10-06 00:45:00,0.40143728
2019-10-06 01:00:00,0.4563652
2019-10-06 01:15:00,0.40143728
2019-10-06 01:30:00,0.23537491
2019-10-06 01:45:00,0.14107469
2019-10-06 02:00:00,0.14071389
2019-10-06 02:15:00,0.1402
2019-10-06 02:30:00,0.13948412
2019-10-06 02:45:00,0.1384933
2019-10-06 03:00:00,0.13711794
2019-10-06 03:15:00,0.13518715
2019-10-06 03:30:00,0.13243367
2019-10-06 03:45:00,0.12842569
2019-10-06 04:00:00,0.12244816
2019-10-06 04:15:00,0.11328311
2019-10-06 04:30:00,0.098797984
2019-10-06 04:45:00,0.0751656
2019-10-06 05:00:00,0.035439104
2019-10-06 05:15:00,0.0
2019-10-06 05:30:00,0.0
2019-10-06 05:45:00,0.0
2019-10-06 06:00:00,0.0
2019-10-06 06:15:00,5.4371443
2019-10-06 06:30:00,9.177975
2019-10-06 06:45:00,5.964107
2019-10-06 07:00:00,0.0
2019-10-06 07:15:00,38.248474
2019-10-06 07:30:00,46.30265
2019-10-06 07:45:00,248.85982
2019-10-06 08:00:00,229.02547
2019-10-06 08:15:00,582.6488
2019-10-06 08:30:00,562.5907
2019-10-06 08:45:00,985.0849
2019-10-06 09:00:00,869.3878
2019-10-06 09:15:00,1413.737
2019-10-06 09:30:00,1362.0969
2019-10-06 09:45:00,1616.0568
2019-10-06 10:00:00,1556.2903
2019-10-06 10:15:00,1886.034
2019-10-06 10:30:00,1874.5365
2019-10-06 10:45:00,2078.2422
2019-10-06 11:00:00,2092.1443
2019-10-06 11:15:00,2126.6145
2019-10-06 11:30:00,2129.448
2019-10-06 11:45:00,2301.8914
2019-10-06 12:00:00,2302.2732
2019-10-06 12:15:00,2681.1353
2019-10-06 12:30:00,2676.9397
2019-10-06 12:45:00,2850.0908
2019-10-06 13:00:00,2849.3945
2019-10-06 13:15:00,2570.1826
2019-10-06 13:30:00,2577.3486
2019-10-06 13:45:00,2752.6628
2019-10-06 14:00:00,2753.7734
2019-10-06 14:15:00,2672.4985
2019-10-06 14:30:00,2669.376
2019-10-06 14:45:00,2487.725
2019-10-06 15:00:00,2486.2266
2019-10-06 15:15:00,2205.5044
2019-10-06 15:30:00,2203.2905
2019-10-06 15:45:00,1987.3064
2019-10-06 16:00:00,1937.3168
2019-10-06 16:15:00,1760.259
2019-10-06 16:30:00,1707.6953
2019-10-06 16:45:00,1477.1777
2019-10-06 17:00:00,1387.3119
2019-10-06 17:15:00,966.046
2019-10-06 17:30:00,941.5067
2019-10-06 17:45:00,475.99796
2019-10-06 18:00:00,477.97543
2019-10-06 18:15:00,169.81541
2019-10-06 18:30:00,178.04515
2019-10-06 18:45:00,17.992395
2019-10-06 19:00:00,0.0
2019-10-06 19:15:00,5.964107
2019-10-06 19:30:00,9.177975
2019-10-06 19:45:00,5.4371443
2019-10-06 20:00:00,0.0
2019-10-06 20:15:00,0.0
2019-10-06 20:30:00,0.0
2019-10-06 20:45:00,0.0
2019-10-06 21:00:00,0.035439104
2019-10-06 21:15:00,0.0751656
2019-10-06 21:30:00,0.098797984
2019-10-06 21:45:00,0.11328311
2019-10-06 22:00:00,0.12244816
2019-10-06 22:15:00,0.12842569
2019-10-06 22:30:00,0.13243367
2019-10-06 22:45:00,0.13518715
2019-10-06 23:00:00,0.13711794
2019-10-06 23:15:00,0.1384933
2019-10-06 23:30:00,0.13948402
2019-10-06 23:45:00,0.14020017
2019-10-07 00:00:00,0.14071389
2019-10-07 00:15:00,0.14107469
2019-10-07 00:30:00,0.23537491
2019-10-07 00:45:00,0.40143728
2019-10-07 01:00:00,0.4563652
2019-10-07 01:15:00,0.40143728
2019-10-07 01:30:00,0.23537491
2019-10-07 01:45:00,0.14107469
2019-10-07 02:00:00,0.14071389
2019-10-07 02:15:00,0.1402
2019-10-07 02:30:00,0.13948412
2019-10-07 02:45:00,0.1384933
2019-10-07 03:00:00,0.13711794
2019-10-07 03:15:00,0.13518715
2019-10-07 03:30:00,0.13243367
2019-10-07 03:45:00,0.12842569
2019-10-07 04:00:00,0.12244816
2019-10-07 04:15:00,0.11328311
2019-10-07 04:30:00,0.098797984
2019-10-07 04:45:00,0.0751656
2019-10-07 05:00:00,0.035439104
2019-10-07 05:15:00,0.0
2019-10-07 05:30:00,0.0
2019-10-07 05:45:00,0.0
2019-10-07 06:00:00,0.0
2019-10-07 06:15:00,5.4371443
2019-10-07 06:30:00,9.177975
2019-10-07 06:45:00,5.964107
2019-10-07 07:00:00,0.0
2019-10-07 07:15:00,32.686623
2019-10-07 07:30:00,39.71301
2019-10-07 07:45:00,210.46849
2019-10-07 08:00:00,187.27116
2019-10-07 08:15:00,429.976
2019-10-07 08:30:00,383.88992
2019-10-07 08:45:00,743.47296
2019-10-07 09:00:00,650.8731
2019-10-07 09:15:00,1277.11
2019-10-07 09:30:00,1162.491
2019-10-07 09:45:00,1780.0554
2019-10-07 10:00:00,1780.0042
2019-10-07 10:15:00,2018.8452
2019-10-07 10:30:00,2043.4772
2019-10-07 10:45:00,2097.7253
2019-10-07 11:00:00,2114.8257
2019-10-07 11:15:00,2119.1968
2019-10-07 11:30:00,2121.4011
2019-10-07 11:45:00,2288.363
2019-10-07 12:00:00,2288.9028
2019-10-07 12:15:00,2374.6235
2019-10-07 12:30:00,2370.5066
2019-10-07 12:45:00,2387.1309
2019-10-07 13:00:00,2386.0308
2019-10-07 13:15:00,2551.6128
2019-10-07 13:30:00,2559.1997
2019-10-07 13:45:00,2702.9727
2019-10-07 14:00:00,2704.7961
2019-10-07 14:15:00,2616.003
2019-10-07 14:30:00,2613.6177
2019-10-07 14:45:00,2462.7544
2019-10-07 15:00:00,2461.947
2019-10-07 15:15:00,2160.5093
2019-10-07 15:30:00,2154.0908
2019-10-07 15:45:00,1695.311
2019-10-07 16:00:00,1736.6558
2019-10-07 16:15:00,1420.3765
2019-10-07 16:30:00,1493.3855
2019-10-07 16:45:00,1262.2062
2019-10-07 17:00:00,1288.197
2019-10-07 17:15:00,813.5017
2019-10-07 17:30:00,855.3218
2019-10-07 17:45:00,370.6979
2019-10-07 18:00:00,385.63278
2019-10-07 18:15:00,135.79588
2019-10-07 18:30:00,142.43552
2019-10-07 18:45:00,14.356176
2019-10-07 19:00:00,0.0
2019-10-07 19:15:00,5.964107
2019-10-07 19:30:00,9.177975
2019-10-07 19:45:00,5.4371443
2019-10-07 20:00:00,0.0
2019-10-07 20:15:00,0.0
2019-10-07 20:30:00,0.0
2019-10-07 20:45:00,0.0
2019-10-07 21:00:00,0.035439104
2019-10-07 21:15:00,0.0751656
2019-10-07 21:30:00,0.098797984
2019-10-07 21:45:00,0.11328311
2019-10-07 22:00:00,0.12244816
2019-10-07 22:15:00,0.12842569
2019-10-07 22:30:00,0.13243367
2019-10-07 22:45:00,0.13518715
2019-10-07 23:00:00,0.13711794
2019-10-07 23:15:00,0.1384933
2019-10-07 23:30:00,0.13948402
2019-10-07 23:45:00,0.14020017
2019-10-08 00:00:00,0.14071389
2019-10-08 00:15:00,0.14107469
2019-10-08 00:30:00,0.23537491
2019-10-08 00:45:00,0.40143728
2019-10-08 01:00:00,0.4563652
2019-10-08 01:15:00,0.40143728
2019-10-08 01:30:00,0.23537491
2019-10-08 01:45:00,0.14107469
2019-10-08 02:00:00,0.14071389
2019-10-08 02:15:00,0.1402
2019-10-08 02:30:00,0.13948412
2019-10-08 02:45:00,0.1384933
2019-10-08 03:00:00,0.13711794
2019-10-08 03:15:00,0.13518715
2019-10-08 03:30:00,0.13243367
2019-10-08 03:45:00,0.12842569
2019-10-08 04:00:00,0.12244816
2019-10-08 04:15:00,0.11328311
2019-10-08 04:30:00,0.098797984
2019-10-08 04:45:00,0.0751656
2019-10-08 05:00:00,0.035439104
2019-10-08 05:15:00,0.0
2019-10-08 05:30:00,0.0
2019-10-08 05:45:00,0.0
2019-10-08 06:00:00,0.0
2019-10-08 06:15:00,5.4371443
2019-10-08 06:30:00,9.177975
2019-10-08 06:45:00,5.964107
2019-10-08 07:00:00,0.0
2019-10-08 07:15:00,30.83831
2019-10-08 07:30:00,37.53677
2019-10-08 07:45:00,225.05522
2019-10-08 08:00:00,203.01099
2019-10-08 08:15:00,594.19977
2019-10-08 08:30:00,577.6147
2019-10-08 08:45:00,1135.7388
2019-10-08 09:00:00,1114.9655
2019-10-08 09:15:00,1561.3906
2019-10-08 09:30:00,1628.4519
2019-10-08 09:45:00,1822.6326
2019-10-08 10:00:00,1902.2715
2019-10-08 10:15:00,2092.2021
2019-10-08 10:30:00,2113.7012
2019-10-08 10:45:00,2361.0405
2019-10-08 11:00:00,2360.1235
2019-10-08 11:15:00,2585.6309
2019-10-08 11:30:00,2589.1177
2019-10-08 11:45:00,2756.2207
2019-10-08 12:00:00,2757.2612
2019-10-08 12:15:00,2864.4595
2019-10-08 12:30:00,2862.3523
2019-10-08 12:45:00,2905.9204
2019-10-08 13:00:00,2905.1934
2019-10-08 13:15:00,2895.4336
2019-10-08 13:30:00,2897.3135
2019-10-08 13:45:00,2826.0078
2019-10-08 14:00:00,2827.1125
2019-10-08 14:15:00,2700.421
2019-10-08 14:30:00,2697.2754
2019-10-08 14:45:00,2508.8826
2019-10-08 15:00:00,2507.0537
2019-10-08 15:15:00,2275.6199
2019-10-08 15:30:00,2271.48
2019-10-08 15:45:00,2028.373
2019-10-08 16:00:00,1973.9004
2019-10-08 16:15:00,1811.9799
2019-10-08 16:30:00,1680.5485
2019-10-08 16:45:00,1484.8938
2019-10-08 17:00:00,1388.2715
2019-10-08 17:15:00,939.47284
2019-10-08 17:30:00,927.0837
2019-10-08 17:45:00,442.6526
2019-10-08 18:00:00,447.68643
2019-10-08 18:15:00,141.38432
2019-10-08 18:30:00,147.7176
2019-10-08 18:45:00,12.544467
2019-10-08 19:00:00,0.0
2019-10-08 19:15:00,5.964107
2019-10-08 19:30:00,9.177975
2019-10-08 19:45:00,5.4371443
2019-10-08 20:00:00,0.0
2019-10-08 20:15:00,0.0
2019-10-08 20:30:00,0.0
2019-10-08 20:45:00,0.0
2019-10-08 21:00:00,0.035439104
2019-10-08 21:15:00,0.0751656
2019-10-08 21:30:00,0.098797984
2019-10-08 21:45:00,0.11328311
2019-10-08 22:00:00,0.12244816
2019-10-08 22:15:00,0.12842569
2019-10-08 22:30:00,0.13243367
2019-10-08 22:45:00,0.13518715
2019-10-08 23:00:00,0.13711794
2019-10-08 23:15:00,0.1384933
2019-10-08 23:30:00,0.13948402
2019-10-08 23:45:00,0.14020017
2019-10-09 00:00:00,0.14071389
2019-10-09 00:15:00,0.14107469
2019-10-09 00:30:00,0.23537491
2019-10-09 00:45:00,0.40143728
2019-10-09 01:00:00,0.4563652
2019-10-09 01:15:00,0.40143728
2019-10-09 01:30:00,0.23537491
2019-10-09 01:45:00,0.14107469
2019-10-09 02:00:00,0.14071389
2019-10-09 02:15:00,0.1402
2019-10-09 02:30:00,0.13948412
2019-10-09 02:45:00,0.1384933
2019-10-09 03:00:00,0.13711794
2019-10-09 03:15:00,0.13518715
2019-10-09 03:30:00,0.13243367
2019-10-09 03:45:00,0.12842569
2019-10-09 04:00:00,0.12244816
2019-10-09 04:15:00,0.11328311
2019-10-09 04:30:00,0.098797984
2019-10-09 04:45:00,0.0751656
2019-10-09 05:00:00,0.035439104
2019-10-09 05:15:00,0.0
2019-10-09 05:30:00,0.0
2019-10-09 05:45:00,0.0
2019-10-09 06:00:00,0.0
2019-10-09 06:15:00,5.4371443
2019-10-09 06:30:00,9.177975
2019-10-09 06:45:00,5.964107
2019-10-09 07:00:00,0.0
2019-10-09 07:15:00,23.476511
2019-10-09 07:30:00,28.938347
2019-10-09 07:45:00,141.38438
2019-10-09 08:00:00,118.72031
2019-10-09 08:15:00,349.87726
2019-10-09 08:30:00,306.08154
2019-10-09 08:45:00,697.39154
2019-10-09 09:00:00,604.62067
2019-10-09 09:15:00,989.95654
2019-10-09 09:30:00,840.4358
2019-10-09 09:45:00,1664.2748
2019-10-09 10:00:00,1621.2834
2019-10-09 10:15:00,1907.7888
2019-10-09 10:30:00,1902.0342
2019-10-09 10:45:00,2013.2146
2019-10-09 11:00:00,2015.2898
2019-10-09 11:15:00,1981.7952
2019-10-09 11:30:00,1972.718
2019-10-09 11:45:00,2060.122
2019-10-09 12:00:00,2054.4038
2019-10-09 12:15:00,2112.2412
2019-10-09 12:30:00,2108.639
2019-10-09 12:45:00,2069.5188
2019-10-09 13:00:00,2068.459
2019-10-09 13:15:00,1560.4535
2019-10-09 13:30:00,1571.6584
2019-10-09 13:45:00,1303.479
2019-10-09 14:00:00,1311.5106
2019-10-09 14:15:00,1205.8895
2019-10-09 14:30:00,1212.9597
2019-10-09 14:45:00,1313.302
2019-10-09 15:00:00,1289.9907
2019-10-09 15:15:00,1515.9232
2019-10-09 15:30:00,1593.0
2019-10-09 15:45:00,1302.906
2019-10-09 16:00:00,1425.3123
2019-10-09 16:15:00,883.9809
2019-10-09 16:30:00,1017.2654
2019-10-09 16:45:00,699.2947
2019-10-09 17:00:00,805.63965
2019-10-09 17:15:00,533.60455
2019-10-09 17:30:00,602.23334
2019-10-09 17:45:00,264.33762
2019-10-09 18:00:00,290.1116
2019-10-09 18:15:00,95.30529
2019-10-09 18:30:00,106.4309
2019-10-09 18:45:00,8.934645
2019-10-09 19:00:00,0.0
2019-10-09 19:15:00,5.964107
2019-10-09 19:30:00,9.177975
2019-10-09 19:45:00,5.4371443
2019-10-09 20:00:00,0.0
2019-10-09 20:15:00,0.0
2019-10-09 20:30:00,0.0
2019-10-09 20:45:00,0.0
2019-10-09 21:00:00,0.035439104
2019-10-09 21:15:00,0.0751656
2019-10-09 21:30:00,0.098797984
2019-10-09 21:45:00,0.11328311
2019-10-09 22:00:00,0.12244816
2019-10-09 22:15:00,0.12842569
2019-10-09 22:30:00,0.13243367
2019-10-09 22:45:00,0.13518715
2019-10-09 23:00:00,0.13711794
2019-10-09 23:15:00,0.1384933
2019-10-09 23:30:00,0.13948402
2019-10-09 23:45:00,0.14020017
2019-10-10 00:00:00,0.14071389
2019-10-10 00:15:00,0.14107469
2019-10-10 00:30:00,0.23537491
2019-10-10 00:45:00,0.40143728
2019-10-10 01:00:00,0.4563652
2019-10-10 01:15:00,0.40143728
2019-10-10 01:30:00,0.23537491
2019-10-10 01:45:00,0.14107469
2019-10-10 02:00:00,0.14071389
2019-10-10 02:15:00,0.1402
2019-10-10 02:30:00,0.13948412
2019-10-10 02:45:00,0.1384933
2019-10-10 03:00:00,0.13711794
2019-10-10 03:15:00,0.13518715
2019-10-10 03:30:00,0.13243367
2019-10-10 03:45:00,0.12842569
2019-10-10 04:00:00,0.12244816
2019-10-10 04:15:00,0.11328311
2019-10-10 04:30:00,0.098797984
2019-10-10 04:45:00,0.0751656
2019-10-10 05:00:00,0.035439104
2019-10-10 05:15:00,0.0
2019-10-10 05:30:00,0.0
2019-10-10 05:45:00,0.0
2019-10-10 06:00:00,0.0
2019-10-10 06:15:00,5.4371443
2019-10-10 06:30:00,9.177975
2019-10-10 06:45:00,5.964107
2019-10-10 07:00:00,0.0
2019-10-10 07:15:00,23.476511
2019-10-10 07:30:00,28.938347
2019-10-10 07:45:00,147.00919
2019-10-10 08:00:00,123.942764
2019-10-10 08:15:00,383.32782
2019-10-10 08:30:00,336.86673
2019-10-10 08:45:00,775.2594
2019-10-10 09:00:00,685.78406
2019-10-10 09:15:00,1442.9863
2019-10-10 09:30:00,1406.0262
2019-10-10 09:45:00,1765.4697
2019-10-10 10:00:00,1759.1367
2019-10-10 10:15:00,1905.1693
2019-10-10 10:30:00,1898.7273
2019-10-10 10:45:00,1936.3064
2019-10-10 11:00:00,1924.3309
2019-10-10 11:15:00,1451.2737
2019-10-10 11:30:00,1438.8628
2019-10-10 11:45:00,1079.6238
2019-10-10 12:00:00,1072.917
2019-10-10 12:15:00,1181.0121
2019-10-10 12:30:00,1175.8904
2019-10-10 12:45:00,1234.6681
2019-10-10 13:00:00,1233.5013
2019-10-10 13:15:00,1251.9547
2019-10-10 13:30:00,1255.4894
2019-10-10 13:45:00,1296.4066
2019-10-10 14:00:00,1304.3483
2019-10-10 14:15:00,1128.5255
2019-10-10 14:30:00,1135.1259
2019-10-10 14:45:00,1159.5498
2019-10-10 15:00:00,1151.1031
2019-10-10 15:15:00,963.8618
2019-10-10 15:30:00,916.5747
2019-10-10 15:45:00,720.63324
2019-10-10 16:00:00,624.6405
2019-10-10 16:15:00,450.9094
2019-10-10 16:30:00,401.63358
2019-10-10 16:45:00,315.47772
2019-10-10 17:00:00,378.58276
2019-10-10 17:15:00,278.3122
2019-10-10 17:30:00,309.77185
2019-10-10 17:45:00,184.23361
2019-10-10 18:00:00,206.20982
2019-10-10 18:15:00,85.01209
2019-10-10 18:30:00,96.91712
2019-10-10 18:45:00,8.934645
2019-10-10 19:00:00,0.0
2019-10-10 19:15:00,5.964107
2019-10-10 19:30:00,9.177975
2019-10-10 19:45:00,5.4371443
2019-10-10 20:00:00,0.0
2019-10-10 20:15:00,0.0
2019-10-10 20:30:00,0.0
2019-10-10 20:45:00,0.0
2019-10-10 21:00:00,0.035439104
2019-10-10 21:15:00,0.0751656
2019-10-10 21:30:00,0.098797984
2019-10-10 21:45:00,0.11328311
2019-10-10 22:00:00,0.12244816
2019-10-10 22:15:00,0.12842569
2019-10-10 22:30:00,0.13243367
2019-10-10 22:45:00,0.13518715
2019-10-10 23:00:00,0.13711794
2019-10-10 23:15:00,0.1384933
2019-10-10 23:30:00,0.13948402
2019-10-10 23:45:00,0.14020017
2019-10-11 00:00:00,0.14071389
2019-10-11 00:15:00,0.14107469
2019-10-11 00:30:00,0.23537491
2019-10-11 00:45:00,0.40143728
2019-10-11 01:00:00,0.4563652
2019-10-11 01:15:00,0.40143728
2019-10-11 01:30:00,0.23537491
2019-10-11 01:45:00,0.14107469
2019-10-11 02:00:00,0.14071389
2019-10-11 02:15:00,0.1402
2019-10-11 02:30:00,0.13948412
2019-10-11 02:45:00,0.1384933
2019-10-11 03:00:00,0.13711794
2019-10-11 03:15:00,0.13518715
2019-10-11 03:30:00,0.13243367
2019-10-11 03:45:00,0.12842569
2019-10-11 04:00:00,0.12244816
2019-10-11 04:15:00,0.11328311
2019-10-11 04:30:00,0.098797984
2019-10-11 04:45:00,0.0751656
2019-10-11 05:00:00,0.035439104
2019-10-11 05:15:00,0.0
2019-10-11 05:30:00,0.0
2019-10-11 05:45:00,0.0
2019-10-11 06:00:00,0.0
2019-10-11 06:15:00,5.4371443
2019-10-11 06:30:00,9.177975
2019-10-11 06:45:00,5.964107
2019-10-11 07:00:00,0.0
2019-10-11 07:15:00,21.644693
2019-10-11 07:30:00,26.816282
2019-10-11 07:45:00,97.915115
2019-10-11 08:00:00,80.48122
2019-10-11 08:15:00,175.94327
2019-10-11 08:30:00,166.24858
2019-10-11 08:45:00,232.05493
2019-10-11 09:00:00,196.75839
2019-10-11 09:15:00,242.5503
2019-10-11 09:30:00,259.04376
2019-10-11 09:45:00,392.24182
2019-10-11 10:00:00,456.04993
2019-10-11 10:15:00,653.5499
2019-10-11 10:30:00,686.6709
2019-10-11 10:45:00,824.0569
2019-10-11 11:00:00,830.1471
2019-10-11 11:15:00,843.1245
2019-10-11 11:30:00,839.3188
2019-10-11 11:45:00,770.9676
2019-10-11 12:00:00,767.00226
2019-10-11 12:15:00,760.35535
2019-10-11 12:30:00,757.7834
2019-10-11 12:45:00,817.4155
2019-10-11 13:00:00,816.77277
2019-10-11 13:15:00,923.6932
2019-10-11 13:30:00,926.0545
2019-10-11 13:45:00,865.6668
2019-10-11 14:00:00,870.1317
2019-10-11 14:15:00,851.4569
2019-10-11 14:30:00,856.4494
2019-10-11 14:45:00,933.2381
2019-10-11 15:00:00,933.23157
2019-10-11 15:15:00,1035.6049
2019-10-11 15:30:00,962.201
2019-10-11 15:45:00,886.4978
2019-10-11 16:00:00,917.5078
2019-10-11 16:15:00,538.1282
2019-10-11 16:30:00,555.277
2019-10-11 16:45:00,365.00003
2019-10-11 17:00:00,439.1882
2019-10-11 17:15:00,318.61948
2019-10-11 17:30:00,361.85672
2019-10-11 17:45:00,192.80194
2019-10-11 18:00:00,215.90057
2019-10-11 18:15:00,82.476616
2019-10-11 18:30:00,94.54885
2019-10-11 18:45:00,7.1366816
2019-10-11 19:00:00,0.0
2019-10-11 19:15:00,5.964107
2019-10-11 19:30:00,9.177975
2019-10-11 19:45:00,5.4371443
2019-10-11 20:00:00,0.0
2019-10-11 20:15:00,0.0
2019-10-11 20:30:00,0.0
2019-10-11 20:45:00,0.0
2019-10-11 21:00:00,0.035439104
2019-10-11 21:15:00,0.0751656
2019-10-11 21:30:00,0.098797984
2019-10-11 21:45:00,0.11328311
2019-10-11 22:00:00,0.12244816
2019-10-11 22:15:00,0.12842569
2019-10-11 22:30:00,0.13243367
2019-10-11 22:45:00,0.13518715
2019-10-11 23:00:00,0.13711794
2019-10-11 23:15:00,0.1384933
2019-10-11 23:30:00,0.13948402
2019-10-11 23:45:00,0.14020017
2019-10-12 00:00:00,0.14071389
2019-10-12 00:15:00,0.14107469
2019-10-12 00:30:00,0.23537491
2019-10-12 00:45:00,0.40143728
2019-10-12 01:00:00,0.4563652
2019-10-12 01:15:00,0.40143728
2019-10-12 01:30:00,0.23537491
2019-10-12 01:45:00,0.14107469
2019-10-12 02:00:00,0.14071389
2019-10-12 02:15:00,0.1402
2019-10-12 02:30:00,0.13948412
2019-10-12 02:45:00,0.1384933
2019-10-12 03:00:00,0.13711794
2019-10-12 03:15:00,0.13518715
2019-10-12 03:30:00,0.13243367
2019-10-12 03:45:00,0.12842569
2019-10-12 04:00:00,0.12244816
2019-10-12 04:15:00,0.11328311
2019-10-12 04:30:00,0.098797984
2019-10-12 04:45:00,0.0751656
2019-10-12 05:00:00,0.035439104
2019-10-12 05:15:00,0.0
2019-10-12 05:30:00,0.0
2019-10-12 05:45:00,0.0
2019-10-12 06:00:00,0.0
2019-10-12 06:15:00,5.4371443
2019-10-12 06:30:00,9.177975
2019-10-12 06:45:00,5.964107
2019-10-12 07:00:00,0.0
2019-10-12 07:15:00,25.311893
2019-10-12 07:30:00,31.071512
2019-10-12 07:45:00,124.73907
2019-10-12 08:00:00,103.62464
2019-10-12 08:15:00,309.53677
2019-10-12 08:30:00,271.55994
2019-10-12 08:45:00,813.5017
2019-10-12 09:00:00,731.2702
2019-10-12 09:15:00,1495.8511
2019-10-12 09:30:00,1487.7834
2019-10-12 09:45:00,1715.6116
2019-10-12 10:00:00,1690.6516
2019-10-12 10:15:00,895.0129
2019-10-12 10:30:00,965.53503
2019-10-12 10:45:00,1003.5872
2019-10-12 11:00:00,1021.78406
2019-10-12 11:15:00,1166.5387
2019-10-12 11:30:00,1163.3129
2019-10-12 11:45:00,1309.6594
2019-10-12 12:00:00,1300.7712
2019-10-12 12:15:00,1544.4539
2019-10-12 12:30:00,1526.5803
2019-10-12 12:45:00,2017.6727
2019-10-12 13:00:00,2016.3112
2019-10-12 13:15:00,1752.9136
2019-10-12 13:30:00,1764.1794
2019-10-12 13:45:00,1499.0645
2019-10-12 14:00:00,1522.7218
2019-10-12 14:15:00,1125.0267
2019-10-12 14:30:00,1131.6101
2019-10-12 14:45:00,992.39453
2019-10-12 15:00:00,991.2766
2019-10-12 15:15:00,963.8618
2019-10-12 15:30:00,916.5747
2019-10-12 15:45:00,836.2868
2019-10-12 16:00:00,830.3828
2019-10-12 16:15:00,858.1593
2019-10-12 16:30:00,969.6804
2019-10-12 16:45:00,755.03357
2019-10-12 17:00:00,859.71423
2019-10-12 17:15:00,391.77972
2019-10-12 17:30:00,455.60715
2019-10-12 17:45:00,201.65265
2019-10-12 18:00:00,225.72368
2019-10-12 18:15:00,92.709885
2019-10-12 18:30:00,104.046844
2019-10-12 18:45:00,7.1366816
2019-10-12 19:00:00,0.0
2019-10-12 19:15:00,5.964107
2019-10-12 19:30:00,9.177975
2019-10-12 19:45:00,5.4371443
2019-10-12 20:00:00,0.0
2019-10-12 20:15:00,0.0
2019-10-12 20:30:00,0.0
2019-10-12 20:45:00,0.0
2019-10-12 21:00:00,0.035439104
2019-10-12 21:15:00,0.0751656
2019-10-12 21:30:00,0.098797984
2019-10-12 21:45:00,0.11328311
2019-10-12 22:00:00,0.12244816
2019-10-12 22:15:00,0.12842569
2019-10-12 22:30:00,0.13243367
2019-10-12 22:45:00,0.13518715
2019-10-12 23:00:00,0.13711794
2019-10-12 23:15:00,0.1384933
2019-10-12 23:30:00,0.13948402
2019-10-12 23:45:00,0.14020017
2019-10-13 00:00:00,0.14071389
2019-10-13 00:15:00,0.14107469
2019-10-13 00:30:00,0.23537491
2019-10-13 00:45:00,0.40143728
2019-10-13 01:00:00,0.4563652
2019-10-13 01:15:00,0.40143728
2019-10-13 01:30:00,0.23537491
2019-10-13 01:45:00,0.14107469
2019-10-13 02:00:00,0.14071389
2019-10-13 02:15:00,0.1402
2019-10-13 02:30:00,0.13948412
2019-10-13 02:45:00,0.1384933
2019-10-13 03:00:00,0.13711794
2019-10-13 03:15:00,0.13518715
2019-10-13 03:30:00,0.13243367
2019-10-13 03:45:00,0.12842569
2019-10-13 04:00:00,0.12244816
2019-10-13 04:15:00,0.11328311
2019-10-13 04:30:00,0.098797984
2019-10-13 04:45:00,0.0751656
2019-10-13 05:00:00,0.035439104
2019-10-13 05:15:00,0.0
2019-10-13 05:30:00,0.0
2019-10-13 05:45:00,0.0
2019-10-13 06:00:00,0.0
2019-10-13 06:15:00,5.4371443
2019-10-13 06:30:00,9.177975
2019-10-13 06:45:00,5.964107
2019-10-13 07:00:00,0.0
2019-10-13 07:15:00,14.356176
2019-10-13 07:30:00,18.44377
2019-10-13 07:45:00,60.388214
2019-10-13 08:00:00,50.324165
2019-10-13 08:15:00,90.2307
2019-10-13 08:30:00,84.41973
2019-10-13 08:45:00,127.34572
2019-10-13 09:00:00,127.14037
2019-10-13 09:15:00,167.7015
2019-10-13 09:30:00,201.32564
2019-10-13 09:45:00,180.27673
2019-10-13 10:00:00,202.67249
2019-10-13 10:15:00,197.8327
2019-10-13 10:30:00,209.25255
2019-10-13 10:45:00,322.6148
2019-10-13 11:00:00,331.1591
2019-10-13 11:15:00,484.85165
2019-10-13 11:30:00,486.6159
2019-10-13 11:45:00,520.1285
2019-10-13 12:00:00,519.853
2019-10-13 12:15:00,500.70093
2019-10-13 12:30:00,500.44226
2019-10-13 12:45:00,775.33936
2019-10-13 13:00:00,774.76556
2019-10-13 13:15:00,706.0329
2019-10-13 13:30:00,707.3654
2019-10-13 13:45:00,744.3179
2019-10-13 14:00:00,747.5249
2019-10-13 14:15:00,944.0962
2019-10-13 14:30:00,949.87024
2019-10-13 14:45:00,1953.5508
2019-10-13 15:00:00,1963.7289
2019-10-13 15:15:00,2114.5962
2019-10-13 15:30:00,2097.7002
2019-10-13 15:45:00,1932.5193
2019-10-13 16:00:00,1912.7627
2019-10-13 16:15:00,1712.2733
2019-10-13 16:30:00,1691.9298
2019-10-13 16:45:00,1312.4934
2019-10-13 17:00:00,1316.699
2019-10-13 17:15:00,748.9472
2019-10-13 17:30:00,790.07764
2019-10-13 17:45:00,333.5003
2019-10-13 18:00:00,351.97498
2019-10-13 18:15:00,90.129
2019-10-13 18:30:00,101.66637
2019-10-13 18:45:00,5.3437514
2019-10-13 19:00:00,0.0
2019-10-13 19:15:00,5.964107
2019-10-13 19:30:00,9.177975
2019-10-13 19:45:00,5.4371443
2019-10-13 20:00:00,0.0
2019-10-13 20:15:00,0.0
2019-10-13 20:30:00,0.0
2019-10-13 20:45:00,0.0
2019-10-13 21:00:00,0.035439104
2019-10-13 21:15:00,0.0751656
2019-10-13 21:30:00,0.098797984
2019-10-13 21:45:00,0.11328311
2019-10-13 22:00:00,0.12244816
2019-10-13 22:15:00,0.12842569
2019-10-13 22:30:00,0.13243367
2019-10-13 22:45:00,0.13518715
2019-10-13 23:00:00,0.13711794
2019-10-13 23:15:00,0.1384933
2019-10-13 23:30:00,0.13948402
2019-10-13 23:45:00,0.14020017
2019-10-14 00:00:00,0.14071389
2019-10-14 00:15:00,0.14107469
2019-10-14 00:30:00,0.23537491
2019-10-14 00:45:00,0.40143728
2019-10-14 01:00:00,0.4563652
2019-10-14 01:15:00,0.40143728
2019-10-14 01:30:00,0.23537491
2019-10-14 01:45:00,0.14107469
2019-10-14 02:00:00,0.14071389
2019-10-14 02:15:00,0.1402
2019-10-14 02:30:00,0.13948412
2019-10-14 02:45:00,0.1384933
2019-10-14 03:00:00,0.13711794
2019-10-14 03:15:00,0.13518715
2019-10-14 03:30:00,0.13243367
2019-10-14 03:45:00,0.12842569
2019-10-14 04:00:00,0.12244816
2019-10-14 04:15:00,0.11328311
2019-10-14 04:30:00,0.098797984
2019-10-14 04:45:00,0.0751656
2019-10-14 05:00:00,0.035439104
2019-10-14 05:15:00,0.0
2019-10-14 05:30:00,0.0
2019-10-14 05:45:00,0.0
2019-10-14 06:00:00,0.0
2019-10-14 06:15:00,5.4371443
2019-10-14 06:30:00,9.177975
2019-10-14 06:45:00,5.964107
2019-10-14 07:00:00,0.0
2019-10-14 07:15:00,21.644693
2019-10-14 07:30:00,26.816282
2019-10-14 07:45:00,195.8849
2019-10-14 08:00:00,171.9891
2019-10-14 08:15:00,554.37524
2019-10-14 08:30:00,526.9549
2019-10-14 08:45:00,1088.6042
2019-10-14 09:00:00,1034.6674
2019-10-14 09:15:00,1549.1285
2019-10-14 09:30:00,1584.2035
2019-10-14 09:45:00,1826.2224
2019-10-14 10:00:00,1879.7878
2019-10-14 10:15:00,2050.8147
2019-10-14 10:30:00,2077.399
2019-10-14 10:45:00,2258.5303
2019-10-14 11:00:00,2253.7476
2019-10-14 11:15:00,2373.3486
2019-10-14 11:30:00,2365.4639
2019-10-14 11:45:00,2372.98
2019-10-14 12:00:00,2367.7947
2019-10-14 12:15:00,2340.2275
2019-10-14 12:30:00,2337.5552
2019-10-14 12:45:00,2212.2031
2019-10-14 13:00:00,2211.7456
2019-10-14 13:15:00,2180.345
2019-10-14 13:30:00,2181.9045
2019-10-14 13:45:00,2141.6924
2019-10-14 14:00:00,2144.8806
2019-10-14 14:15:00,2139.2705
2019-10-14 14:30:00,2139.8677
2019-10-14 14:45:00,2190.3198
2019-10-14 15:00:00,2173.567
2019-10-14 15:15:00,2112.7222
2019-10-14 15:30:00,2095.5537
2019-10-14 15:45:00,1939.4438
2019-10-14 16:00:00,1916.6116
2019-10-14 16:15:00,1679.9971
2019-10-14 16:30:00,1673.7076
2019-10-14 16:45:00,1298.6597
2019-10-14 17:00:00,1308.9712
2019-10-14 17:15:00,759.6865
2019-10-14 17:30:00,800.7003
2019-10-14 17:45:00,333.5003
2019-10-14 18:00:00,351.97498
2019-10-14 18:15:00,87.56302
2019-10-14 18:30:00,99.2897
2019-10-14 18:45:00,5.3437514
2019-10-14 19:00:00,0.0
2019-10-14 19:15:00,5.964107
2019-10-14 19:30:00,9.177975
2019-10-14 19:45:00,5.4371443
2019-10-14 20:00:00,0.0
2019-10-14 20:15:00,0.0
2019-10-14 20:30:00,0.0
2019-10-14 20:45:00,0.0
2019-10-14 21:00:00,0.035439104
2019-10-14 21:15:00,0.0751656
2019-10-14 21:30:00,0.098797984
2019-10-14 21:45:00,0.11328311
2019-10-14 22:00:00,0.12244816
2019-10-14 22:15:00,0.12842569
2019-10-14 22:30:00,0.13243367
2019-10-14 22:45:00,0.13518715
2019-10-14 23:00:00,0.13711794
2019-10-14 23:15:00,0.1384933
2019-10-14 23:30:00,0.13948402
2019-10-14 23:45:00,0.14020017
2019-10-15 00:00:00,0.14071389
2019-10-15 00:15:00,0.14107469
2019-10-15 00:30:00,0.23537491
2019-10-15 00:45:00,0.40143728
2019-10-15 01:00:00,0.4563652
2019-10-15 01:15:00,0.40143728
2019-10-15 01:30:00,0.23537491
2019-10-15 01:45:00,0.14107469
2019-10-15 02:00:00,0.14071389
2019-10-15 02:15:00,0.1402
2019-10-15 02:30:00,0.13948412
2019-10-15 02:45:00,0.1384933
2019-10-15 03:00:00,0.13711794
2019-10-15 03:15:00,0.13518715
2019-10-15 03:30:00,0.13243367
2019-10-15 03:45:00,0.12842569
2019-10-15 04:00:00,0.12244816
2019-10-15 04:15:00,0.11328311
2019-10-15 04:30:00,0.098797984
2019-10-15 04:45:00,0.0751656
2019-10-15 05:00:00,0.035439104
2019-10-15 05:15:00,0.0
2019-10-15 05:30:00,0.0
2019-10-15 05:45:00,0.0
2019-10-15 06:00:00,0.0
2019-10-15 06:15:00,5.4371443
2019-10-15 06:30:00,9.177975
2019-10-15 06:45:00,5.964107
2019-10-15 07:00:00,0.0
2019-10-15 07:15:00,19.816595
2019-10-15 07:30:00,24.705652
2019-10-15 07:45:00,184.25935
2019-10-15 08:00:00,160.1205
2019-10-15 08:15:00,488.24988
2019-10-15 08:30:00,450.61597
2019-10-15 08:45:00,904.3273
2019-10-15 09:00:00,800.0977
2019-10-15 09:15:00,1502.7451
2019-10-15 09:30:00,1498.8977
2019-10-15 09:45:00,1802.4573
2019-10-15 10:00:00,1814.5403
2019-10-15 10:15:00,1952.645
2019-10-15 10:30:00,1958.5164
2019-10-15 10:45:00,2007.801
2019-10-15 11:00:00,2008.8916
2019-10-15 11:15:00,1797.719
2019-10-15 11:30:00,1785.769
2019-10-15 11:45:00,1550.6399
2019-10-15 12:00:00,1522.7218
2019-10-15 12:15:00,1583.6868
2019-10-15 12:30:00,1565.1912
2019-10-15 12:45:00,2062.4834
2019-10-15 13:00:00,2061.3887
2019-10-15 13:15:00,2263.4512
2019-10-15 13:30:00,2264.5186
2019-10-15 13:45:00,2205.8267
2019-10-15 14:00:00,2207.4536
2019-10-15 14:15:00,1873.946
2019-10-15 14:30:00,1882.3984
2019-10-15 14:45:00,1658.2133
2019-10-15 15:00:00,1681.4489
2019-10-15 15:15:00,1906.8846
2019-10-15 15:30:00,1918.0371
2019-10-15 15:45:00,1710.2654
2019-10-15 16:00:00,1748.1084
2019-10-15 16:15:00,1300.1288
2019-10-15 16:30:00,1406.0262
2019-10-15 16:45:00,744.0282
2019-10-15 17:00:00,847.2504
2019-10-15 17:15:00,584.4902
2019-10-15 17:30:00,649.7158
2019-10-15 17:45:00,275.2589
2019-10-15 18:00:00,300.46332
2019-10-15 18:15:00,79.95674
2019-10-15 18:30:00,92.18535
2019-10-15 18:45:00,3.5557804
2019-10-15 19:00:00,0.0
2019-10-15 19:15:00,5.964107
2019-10-15 19:30:00,9.177975
2019-10-15 19:45:00,5.4371443
2019-10-15 20:00:00,0.0
2019-10-15 20:15:00,0.0
2019-10-15 20:30:00,0.0
2019-10-15 20:45:00,0.0
2019-10-15 21:00:00,0.035439104
2019-10-15 21:15:00,0.0751656
2019-10-15 21:30:00,0.098797984
2019-10-15 21:45:00,0.11328311
2019-10-15 22:00:00,0.12244816
2019-10-15 22:15:00,0.12842569
2019-10-15 22:30:00,0.13243367
2019-10-15 22:45:00,0.13518715
2019-10-15 23:00:00,0.13711794
2019-10-15 23:15:00,0.1384933
2019-10-15 23:30:00,0.13948402
2019-10-15 23:45:00,0.14020017
2019-10-16 00:00:00,0.14071389
2019-10-16 00:15:00,0.14107469
2019-10-16 00:30:00,0.23537491
2019-10-16 00:45:00,0.40143728
2019-10-16 01:00:00,0.4563652
2019-10-16 01:15:00,0.40143728
2019-10-16 01:30:00,0.23537491
2019-10-16 01:45:00,0.14107469
2019-10-16 02:00:00,0.14071389
2019-10-16 02:15:00,0.1402
2019-10-16 02:30:00,0.13948412
2019-10-16 02:45:00,0.1384933
2019-10-16 03:00:00,0.13711794
2019-10-16 03:15:00,0.13518715
2019-10-16 03:30:00,0.13243367
2019-10-16 03:45:00,0.12842569
2019-10-16 04:00:00,0.12244816
2019-10-16 04:15:00,0.11328311
2019-10-16 04:30:00,0.098797984
2019-10-16 04:45:00,0.0751656
2019-10-16 05:00:00,0.035439104
2019-10-16 05:15:00,0.0
2019-10-16 05:30:00,0.0
2019-10-16 05:45:00,0.0
2019-10-16 06:00:00,0.0
2019-10-16 06:15:00,5.4371443
2019-10-16 06:30:00,9.177975
2019-10-16 06:45:00,5.964107
2019-10-16 07:00:00,0.0
2019-10-16 07:15:00,17.992395
2019-10-16 07:30:00,22.60653
2019-10-16 07:45:00,178.46825
2019-10-16 08:00:00,154.31119
2019-10-16 08:15:00,438.4342
2019-10-16 08:30:00,392.9946
2019-10-16 08:45:00,613.1356
2019-10-16 09:00:00,523.2107
2019-10-16 09:15:00,1163.7638
2019-10-16 09:30:00,1005.46515
2019-10-16 09:45:00,1155.9692
2019-10-16 10:00:00,995.9365
2019-10-16 10:15:00,997.65625
2019-10-16 10:30:00,1004.6764
2019-10-16 10:45:00,1378.6324
2019-10-16 11:00:00,1360.7251
2019-10-16 11:15:00,1522.2639
2019-10-16 11:30:00,1516.5781
2019-10-16 11:45:00,1291.6091
2019-10-16 12:00:00,1282.9272
2019-10-16 12:15:00,1537.9387
2019-10-16 12:30:00,1520.183
2019-10-16 12:45:00,2009.7424
2019-10-16 13:00:00,2008.3225
2019-10-16 13:15:00,2029.3104
2019-10-16 13:30:00,2032.8356
2019-10-16 13:45:00,1974.8986
2019-10-16 14:00:00,1981.8342
2019-10-16 14:15:00,1938.2585
2019-10-16 14:30:00,1947.1199
2019-10-16 14:45:00,1845.8478
2019-10-16 15:00:00,1866.3066
2019-10-16 15:15:00,1887.1244
2019-10-16 15:30:00,1902.0339
2019-10-16 15:45:00,1836.4769
2019-10-16 16:00:00,1844.8103
2019-10-16 16:15:00,1596.4973
2019-10-16 16:30:00,1618.2385
2019-10-16 16:45:00,1145.8939
2019-10-16 17:00:00,1219.3591
2019-10-16 17:15:00,703.357
2019-10-16 17:30:00,745.35376
2019-10-16 17:45:00,301.7348
2019-10-16 18:00:00,324.6086
2019-10-16 18:15:00,74.964905
2019-10-16 18:30:00,87.47307
2019-10-16 18:45:00,3.5557804
2019-10-16 19:00:00,0.0
2019-10-16 19:15:00,5.964107
2019-10-16 19:30:00,9.177975
2019-10-16 19:45:00,5.4371443
2019-10-16 20:00:00,0.0
2019-10-16 20:15:00,0.0
2019-10-16 20:30:00,0.0
2019-10-16 20:45:00,0.0
2019-10-16 21:00:00,0.035439104
2019-10-16 21:15:00,0.0751656
2019-10-16 21:30:00,0.098797984
2019-10-16 21:45:00,0.11328311
2019-10-16 22:00:00,0.12244816
2019-10-16 22:15:00,0.12842569
2019-10-16 22:30:00,0.13243367
2019-10-16 22:45:00,0.13518715
2019-10-16 23:00:00,0.13711794
2019-10-16 23:15:00,0.1384933
2019-10-16 23:30:00,0.13948402
2019-10-16 23:45:00,0.14020017
2019-10-17 00:00:00,0.14071389
2019-10-17 00:15:00,0.14107469
2019-10-17 00:30:00,0.23537491
2019-10-17 00:45:00,0.40143728
2019-10-17 01:00:00,0.4563652
2019-10-17 01:15:00,0.40143728
2019-10-17 01:30:00,0.23537491
2019-10-17 01:45:00,0.14107469
2019-10-17 02:00:00,0.14071389
2019-10-17 02:15:00,0.1402
2019-10-17 02:30:00,0.13948412
2019-10-17 02:45:00,0.1384933
2019-10-17 03:00:00,0.13711794
2019-10-17 03:15:00,0.13518715
2019-10-17 03:30:00,0.13243367
2019-10-17 03:45:00,0.12842569
2019-10-17 04:00:00,0.12244816
2019-10-17 04:15:00,0.11328311
2019-10-17 04:30:00,0.098797984
2019-10-17 04:45:00,0.0751656
2019-10-17 05:00:00,0.035439104
2019-10-17 05:15:00,0.0
2019-10-17 05:30:00,0.0
2019-10-17 05:45:00,0.0
2019-10-17 06:00:00,0.0
2019-10-17 06:15:00,5.4371443
2019-10-17 06:30:00,9.177975
2019-10-17 06:45:00,5.964107
2019-10-17 07:00:00,0.0
2019-10-17 07:15:00,16.172213
2019-10-17 07:30:00,20.519249
2019-10-17 07:45:00,172.69475
2019-10-17 08:00:00,148.58812
2019-10-17 08:15:00,492.8074
2019-10-17 08:30:00,455.60715
2019-10-17 08:45:00,997.3572
2019-10-17 09:00:00,888.4472
2019-10-17 09:15:00,1499.3394
2019-10-17 09:30:00,1493.3855
2019-10-17 09:45:00,1810.5406
2019-10-17 10:00:00,1828.7988
2019-10-17 10:15:00,1968.9487
2019-10-17 10:30:00,1979.0817
2019-10-17 10:45:00,1887.1244
2019-10-17 11:00:00,1866.3066
2019-10-17 11:15:00,1664.1864
2019-10-17 11:30:00,1660.8004
2019-10-17 11:45:00,1570.3215
2019-10-17 12:00:00,1542.5072
2019-10-17 12:15:00,1935.9252
2019-10-17 12:30:00,1927.8235
2019-10-17 12:45:00,2009.7424
2019-10-17 13:00:00,2008.3225
2019-10-17 13:15:00,1864.8
2019-10-17 13:30:00,1873.0935
2019-10-17 13:45:00,1979.0623
2019-10-17 14:00:00,1985.9175
2019-10-17 14:15:00,1854.7039
2019-10-17 14:30:00,1862.7634
2019-10-17 14:45:00,1586.8303
2019-10-17 15:00:00,1601.7677
2019-10-17 15:15:00,1568.5605
2019-10-17 15:30:00,1638.9043
2019-10-17 15:45:00,1523.8538
2019-10-17 16:00:00,1604.562
2019-10-17 16:15:00,1040.646
2019-10-17 16:30:00,1203.3975
2019-10-17 16:45:00,676.73364
2019-10-17 17:00:00,783.03845
2019-10-17 17:15:00,469.79987
2019-10-17 17:30:00,542.2996
2019-10-17 17:45:00,229.92099
2019-10-17 18:00:00,255.85413
2019-10-17 18:15:00,65.178764
2019-10-17 18:30:00,78.11585
2019-10-17 18:45:00,3.5557804
2019-10-17 19:00:00,0.0
2019-10-17 19:15:00,5.964107
2019-10-17 19:30:00,9.177975
2019-10-17 19:45:00,5.4371443
2019-10-17 20:00:00,0.0
2019-10-17 20:15:00,0.0
2019-10-17 20:30:00,0.0
2019-10-17 20:45:00,0.0
2019-10-17 21:00:00,0.035439104
2019-10-17 21:15:00,0.0751656
2019-10-17 21:30:00,0.098797984
2019-10-17 21:45:00,0.11328311
2019-10-17 22:00:00,0.12244816
2019-10-17 22:15:00,0.12842569
2019-10-17 22:30:00,0.13243367
2019-10-17 22:45:00,0.13518715
2019-10-17 23:00:00,0.13711794
2019-10-17 23:15:00,0.1384933
2019-10-17 23:30:00,0.13948402
2019-10-17 23:45:00,0.14020017
2019-10-18 00:00:00,0.14071389
2019-10-18 00:15:00,0.14107469
2019-10-18 00:30:00,0.23537491
2019-10-18 00:45:00,0.40143728
2019-10-18 01:00:00,0.4563652
2019-10-18 01:15:00,0.40143728
2019-10-18 01:30:00,0.23537491
2019-10-18 01:45:00,0.14107469
2019-10-18 02:00:00,0.14071389
2019-10-18 02:15:00,0.1402
2019-10-18 02:30:00,0.13948412
2019-10-18 02:45:00,0.1384933
2019-10-18 03:00:00,0.13711794
2019-10-18 03:15:00,0.13518715
2019-10-18 03:30:00,0.13243367
2019-10-18 03:45:00,0.12842569
2019-10-18 04:00:00,0.12244816
2019-10-18 04:15:00,0.11328311
2019-10-18 04:30:00,0.098797984
2019-10-18 04:45:00,0.0751656
2019-10-18 05:00:00,0.035439104
2019-10-18 05:15:00,0.0
2019-10-18 05:30:00,0.0
2019-10-18 05:45:00,0.0
2019-10-18 06:00:00,0.0
2019-10-18 06:15:00,5.4371443
2019-10-18 06:30:00,9.177975
2019-10-18 06:45:00,5.964107
2019-10-18 07:00:00,0.0
2019-10-18 07:15:00,14.356176
2019-10-18 07:30:00,18.44377
2019-10-18 07:45:00,155.50829
2019-10-18 08:00:00,131.952
2019-10-18 08:15:00,459.42694
2019-10-18 08:30:00,416.4274
2019-10-18 08:45:00,737.93134
2019-10-18 09:00:00,645.0471
2019-10-18 09:15:00,1375.4717
2019-10-18 09:30:00,1305.3239
2019-10-18 09:45:00,1786.7439
2019-10-18 10:00:00,1789.8795
2019-10-18 10:15:00,1989.0227
2019-10-18 10:30:00,2004.7319
2019-10-18 10:45:00,2112.7222
2019-10-18 11:00:00,2131.5576
2019-10-18 11:15:00,2011.6196
2019-10-18 11:30:00,2004.7346
2019-10-18 11:45:00,1491.1495
2019-10-18 12:00:00,1463.8147
2019-10-18 12:15:00,1879.082
2019-10-18 12:30:00,1867.8079
2019-10-18 12:45:00,2219.1882
2019-10-18 13:00:00,2218.749
2019-10-18 13:15:00,2207.4773
2019-10-18 13:30:00,2208.7668
2019-10-18 13:45:00,2136.0015
2019-10-18 14:00:00,2139.351
2019-10-18 14:15:00,1951.3687
2019-10-18 14:30:00,1960.0868
2019-10-18 14:45:00,1940.8075
2019-10-18 15:00:00,1952.3597
2019-10-18 15:15:00,2033.748
2019-10-18 15:30:00,2021.756
2019-10-18 15:45:00,1877.3856
2019-10-18 16:00:00,1875.5446
2019-10-18 16:15:00,1586.2695
2019-10-18 16:30:00,1611.1213
2019-10-18 16:45:00,1000.2934
2019-10-18 17:00:00,1128.4554
2019-10-18 17:15:00,601.67957
2019-10-18 17:30:00,664.682
2019-10-18 17:45:00,264.33762
2019-10-18 18:00:00,290.1116
2019-10-18 18:15:00,51.020138
2019-10-18 18:30:00,64.28451
2019-10-18 18:45:00,3.5557804
2019-10-18 19:00:00,0.0
2019-10-18 19:15:00,5.964107
2019-10-18 19:30:00,9.177975
2019-10-18 19:45:00,5.4371443
2019-10-18 20:00:00,0.0
2019-10-18 20:15:00,0.0
2019-10-18 20:30:00,0.0
2019-10-18 20:45:00,0.0
2019-10-18 21:00:00,0.035439104
2019-10-18 21:15:00,0.0751656
2019-10-18 21:30:00,0.098797984
2019-10-18 21:45:00,0.11328311
2019-10-18 22:00:00,0.12244816
2019-10-18 22:15:00,0.12842569
2019-10-18 22:30:00,0.13243367
2019-10-18 22:45:00,0.13518715
2019-10-18 23:00:00,0.13711794
2019-10-18 23:15:00,0.1384933
2019-10-18 23:30:00,0.13948402
2019-10-18 23:45:00,0.14020017
2019-10-19 00:00:00,0.14071389
2019-10-19 00:15:00,0.14107469
2019-10-19 00:30:00,0.23537491
2019-10-19 00:45:00,0.40143728
2019-10-19 01:00:00,0.4563652
2019-10-19 01:15:00,0.40143728
2019-10-19 01:30:00,0.23537491
2019-10-19 01:45:00,0.14107469
2019-10-19 02:00:00,0.14071389
2019-10-19 02:15:00,0.1402
2019-10-19 02:30:00,0.13948412
2019-10-19 02:45:00,0.1384933
2019-10-19 03:00:00,0.13711794
2019-10-19 03:15:00,0.13518715
2019-10-19 03:30:00,0.13243367
2019-10-19 03:45:00,0.12842569
2019-10-19 04:00:00,0.12244816
2019-10-19 04:15:00,0.11328311
2019-10-19 04:30:00,0.098797984
2019-10-19 04:45:00,0.0751656
2019-10-19 05:00:00,0.035439104
2019-10-19 05:15:00,0.0
2019-10-19 05:30:00,0.0
2019-10-19 05:45:00,0.0
2019-10-19 06:00:00,0.0
2019-10-19 06:15:00,5.4371443
2019-10-19 06:30:00,9.177975
2019-10-19 06:45:00,5.964107
2019-10-19 07:00:00,0.0
2019-10-19 07:15:00,14.356176
2019-10-19 07:30:00,18.44377
2019-10-19 07:45:00,155.50829
2019-10-19 08:00:00,131.952
2019-10-19 08:15:00,438.4342
2019-10-19 08:30:00,392.9946
2019-10-19 08:45:00,932.6159
2019-10-19 09:00:00,821.82275
2019-10-19 09:15:00,1469.1317
2019-10-19 09:30:00,1445.9103
2019-10-19 09:45:00,1772.9602
2019-10-19 10:00:00,1769.7623
2019-10-19 10:15:00,2008.2163
2019-10-19 10:30:00,2029.8451
2019-10-19 10:45:00,2211.8481
2019-10-19 11:00:00,2213.7148
2019-10-19 11:15:00,2411.359
2019-10-19 11:30:00,2404.3267
2019-10-19 11:45:00,2568.3882
2019-10-19 12:00:00,2562.6143
2019-10-19 12:15:00,2662.538
2019-10-19 12:30:00,2657.5137
2019-10-19 12:45:00,2696.4236
2019-10-19 13:00:00,2695.1763
2019-10-19 13:15:00,2673.1917
2019-10-19 13:30:00,2676.9397
2019-10-19 13:45:00,2497.784
2019-10-19 14:00:00,2511.3435
2019-10-19 14:15:00,2223.4172
2019-10-19 14:30:00,2220.103
2019-10-19 14:45:00,2143.2263
2019-10-19 15:00:00,2131.5576
2019-10-19 15:15:00,2028.7777
2019-10-19 15:30:00,2017.6123
2019-10-19 15:45:00,1815.5083
2019-10-19 16:00:00,1828.7988
2019-10-19 16:15:00,1099.3488
2019-10-19 16:30:00,1251.6748
2019-10-19 16:45:00,430.08133
2019-10-19 17:00:00,513.11646
2019-10-19 17:15:00,278.3122
2019-10-19 17:30:00,309.77185
2019-10-19 17:45:00,160.26628
2019-10-19 18:00:00,178.04411
2019-10-19 18:15:00,46.445374
2019-10-19 18:30:00,59.737137
2019-10-19 18:45:00,3.5557804
2019-10-19 19:00:00,0.0
2019-10-19 19:15:00,5.964107
2019-10-19 19:30:00,9.177975
2019-10-19 19:45:00,5.4371443
2019-10-19 20:00:00,0.0
2019-10-19 20:15:00,0.0
2019-10-19 20:30:00,0.0
2019-10-19 20:45:00,0.0
2019-10-19 21:00:00,0.035439104
2019-10-19 21:15:00,0.0751656
2019-10-19 21:30:00,0.098797984
2019-10-19 21:45:00,0.11328311
2019-10-19 22:00:00,0.12244816
2019-10-19 22:15:00,0.12842569
2019-10-19 22:30:00,0.13243367
2019-10-19 22:45:00,0.13518715
2019-10-19 23:00:00,0.13711794
2019-10-19 23:15:00,0.1384933
2019-10-19 23:30:00,0.13948402
2019-10-19 23:45:00,0.14020017
2019-10-20 00:00:00,0.14071389
2019-10-20 00:15:00,0.14107469
2019-10-20 00:30:00,0.23537491
2019-10-20 00:45:00,0.40143728
2019-10-20 01:00:00,0.4563652
2019-10-20 01:15:00,0.40143728
2019-10-20 01:30:00,0.23537491
2019-10-20 01:45:00,0.14107469
2019-10-20 02:00:00,0.14071389
2019-10-20 02:15:00,0.1402
2019-10-20 02:30:00,0.13948412
2019-10-20 02:45:00,0.1384933
2019-10-20 03:00:00,0.13711794
2019-10-20 03:15:00,0.13518715
2019-10-20 03:30:00,0.13243367
2019-10-20 03:45:00,0.12842569
2019-10-20 04:00:00,0.12244816
2019-10-20 04:15:00,0.11328311
2019-10-20 04:30:00,0.098797984
2019-10-20 04:45:00,0.0751656
2019-10-20 05:00:00,0.035439104
2019-10-20 05:15:00,0.0
2019-10-20 05:30:00,0.0
2019-10-20 05:45:00,0.0
2019-10-20 06:00:00,0.0
2019-10-20 06:15:00,5.4371443
2019-10-20 06:30:00,9.177975
2019-10-20 06:45:00,5.964107
2019-10-20 07:00:00,0.0
2019-10-20 07:15:00,12.544467
2019-10-20 07:30:00,16.38048
2019-10-20 07:45:00,127.48739
2019-10-20 08:00:00,106.080444
2019-10-20 08:15:00,374.8985
2019-10-20 08:30:00,328.89856
2019-10-20 08:45:00,780.30365
2019-10-20 09:00:00,691.56335
2019-10-20 09:15:00,1030.8828
2019-10-20 09:30:00,867.5856
2019-10-20 09:45:00,1309.5225
2019-10-20 10:00:00,1165.2332
2019-10-20 10:15:00,1910.3807
2019-10-20 10:30:00,1905.3049
2019-10-20 10:45:00,2151.0544
2019-10-20 11:00:00,2167.939
2019-10-20 11:15:00,2403.8286
2019-10-20 11:30:00,2396.336
2019-10-20 11:45:00,2586.9805
2019-10-20 12:00:00,2582.914
2019-10-20 12:15:00,2677.4482
2019-10-20 12:30:00,2673.099
2019-10-20 12:45:00,2665.2534
2019-10-20 13:00:00,2663.6877
2019-10-20 13:15:00,2542.287
2019-10-20 13:30:00,2550.0217
2019-10-20 13:45:00,2371.7756
2019-10-20 14:00:00,2376.8535
2019-10-20 14:15:00,2339.3413
2019-10-20 14:30:00,2340.8623
2019-10-20 14:45:00,2255.6052
2019-10-20 15:00:00,2250.5437
2019-10-20 15:15:00,2076.2136
2019-10-20 15:30:00,2058.5422
2019-10-20 15:45:00,1815.5083
2019-10-20 16:00:00,1828.7988
2019-10-20 16:15:00,1354.6205
2019-10-20 16:30:00,1445.9103
2019-10-20 16:45:00,822.7618
2019-10-20 17:00:00,969.35767
2019-10-20 17:15:00,573.0613
2019-10-20 17:30:00,639.4855
2019-10-20 17:45:00,226.6524
2019-10-20 18:00:00,252.46512
2019-10-20 18:15:00,48.72347
2019-10-20 18:30:00,62.006798
2019-10-20 18:45:00,3.5557804
2019-10-20 19:00:00,0.0
2019-10-20 19:15:00,5.964107
2019-10-20 19:30:00,9.177975
2019-10-20 19:45:00,5.4371443
2019-10-20 20:00:00,0.0
2019-10-20 20:15:00,0.0
2019-10-20 20:30:00,0.0
2019-10-20 20:45:00,0.0
2019-10-20 21:00:00,0.035439104
2019-10-20 21:15:00,0.0751656
2019-10-20 21:30:00,0.098797984
2019-10-20 21:45:00,0.11328311
2019-10-20 22:00:00,0.12244816
2019-10-20 22:15:00,0.12842569
2019-10-20 22:30:00,0.13243367
2019-10-20 22:45:00,0.13518715
2019-10-20 23:00:00,0.13711794
2019-10-20 23:15:00,0.1384933
2019-10-20 23:30:00,0.13948402
2019-10-20 23:45:00,0.14020017
2019-10-21 00:00:00,0.14071389
2019-10-21 00:15:00,0.14107469
2019-10-21 00:30:00,0.23537491
2019-10-21 00:45:00,0.40143728
2019-10-21 01:00:00,0.4563652
2019-10-21 01:15:00,0.40143728
2019-10-21 01:30:00,0.23537491
2019-10-21 01:45:00,0.14107469
2019-10-21 02:00:00,0.14071389
2019-10-21 02:15:00,0.1402
2019-10-21 02:30:00,0.13948412
2019-10-21 02:45:00,0.1384933
2019-10-21 03:00:00,0.13711794
2019-10-21 03:15:00,0.13518715
2019-10-21 03:30:00,0.13243367
2019-10-21 03:45:00,0.12842569
2019-10-21 04:00:00,0.12244816
2019-10-21 04:15:00,0.11328311
2019-10-21 04:30:00,0.098797984
2019-10-21 04:45:00,0.0751656
2019-10-21 05:00:00,0.035439104
2019-10-21 05:15:00,0.0
2019-10-21 05:30:00,0.0
2019-10-21 05:45:00,0.0
2019-10-21 06:00:00,0.0
2019-10-21 06:15:00,5.4371443
2019-10-21 06:30:00,9.177975
2019-10-21 06:45:00,5.964107
2019-10-21 07:00:00,0.0
2019-10-21 07:15:00,10.737257
2019-10-21 07:30:00,14.329332
2019-10-21 07:45:00,111.16929
2019-10-21 08:00:00,91.71957
2019-10-21 08:15:00,333.5003
2019-10-21 08:30:00,291.76154
2019-10-21 08:45:00,691.3738
2019-10-21 09:00:00,598.93097
2019-10-21 09:15:00,1246.8699
2019-10-21 09:30:00,1119.6656
2019-10-21 09:45:00,1492.154
2019-10-21 10:00:00,1391.574
2019-10-21 10:15:00,1243.5701
2019-10-21 10:30:00,1125.5798
2019-10-21 10:45:00,1099.2524
2019-10-21 11:00:00,1141.4469
2019-10-21 11:15:00,1646.2671
2019-10-21 11:30:00,1643.7646
2019-10-21 11:45:00,2196.4531
2019-10-21 12:00:00,2195.7476
2019-10-21 12:15:00,2184.0566
2019-10-21 12:30:00,2181.9045
2019-10-21 12:45:00,2435.4873
2019-10-21 13:00:00,2433.687
2019-10-21 13:15:00,2669.235
2019-10-21 13:30:00,2673.099
2019-10-21 13:45:00,2235.441
2019-10-21 14:00:00,2236.6675
2019-10-21 14:15:00,1683.5828
2019-10-21 14:30:00,1694.2234
2019-10-21 14:45:00,2237.8896
2019-10-21 15:00:00,2226.7808
2019-10-21 15:15:00,1834.9869
2019-10-21 15:30:00,1859.8484
2019-10-21 15:45:00,1545.3228
2019-10-21 16:00:00,1621.2834
2019-10-21 16:15:00,1492.154
2019-10-21 16:30:00,1544.6719
2019-10-21 16:45:00,776.731
2019-10-21 17:00:00,897.83057
2019-10-21 17:15:00,500.94086
2019-10-21 17:30:00,572.62915
2019-10-21 17:45:00,223.4159
2019-10-21 18:00:00,249.08502
2019-10-21 18:15:00,44.186184
2019-10-21 18:30:00,57.4758
2019-10-21 18:45:00,3.5557804
2019-10-21 19:00:00,0.0
2019-10-21 19:15:00,5.964107
2019-10-21 19:30:00,9.177975
2019-10-21 19:45:00,5.4371443
2019-10-21 20:00:00,0.0
2019-10-21 20:15:00,0.0
2019-10-21 20:30:00,0.0
2019-10-21 20:45:00,0.0
2019-10-21 21:00:00,0.035439104
2019-10-21 21:15:00,0.0751656
2019-10-21 21:30:00,0.098797984
2019-10-21 21:45:00,0.11328311
2019-10-21 22:00:00,0.12244816
2019-10-21 22:15:00,0.12842569
2019-10-21 22:30:00,0.13243367
2019-10-21 22:45:00,0.13518715
2019-10-21 23:00:00,0.13711794
2019-10-21 23:15:00,0.1384933
2019-10-21 23:30:00,0.13948402
2019-10-21 23:45:00,0.14020017
2019-10-22 00:00:00,0.14071389
2019-10-22 00:15:00,0.14107469
2019-10-22 00:30:00,0.23537491
2019-10-22 00:45:00,0.40143728
2019-10-22 01:00:00,0.4563652
2019-10-22 01:15:00,0.40143728
2019-10-22 01:30:00,0.23537491
2019-10-22 01:45:00,0.14107469
2019-10-22 02:00:00,0.14071389
2019-10-22 02:15:00,0.1402
2019-10-22 02:30:00,0.13948412
2019-10-22 02:45:00,0.1384933
2019-10-22 03:00:00,0.13711794
2019-10-22 03:15:00,0.13518715
2019-10-22 03:30:00,0.13243367
2019-10-22 03:45:00,0.12842569
2019-10-22 04:00:00,0.12244816
2019-10-22 04:15:00,0.11328311
2019-10-22 04:30:00,0.098797984
2019-10-22 04:45:00,0.0751656
2019-10-22 05:00:00,0.035439104
2019-10-22 05:15:00,0.0
2019-10-22 05:30:00,0.0
2019-10-22 05:45:00,0.0
2019-10-22 06:00:00,0.0
2019-10-22 06:15:00,5.4371443
2019-10-22 06:30:00,9.177975
2019-10-22 06:45:00,5.964107
2019-10-22 07:00:00,0.0
2019-10-22 07:15:00,10.737257
2019-10-22 07:30:00,14.329332
2019-10-22 07:45:00,116.56142
2019-10-22 08:00:00,96.40204
2019-10-22 08:15:00,264.33762
2019-10-22 08:30:00,235.44583
2019-10-22 08:45:00,360.36853
2019-10-22 09:00:00,311.72668
2019-10-22 09:15:00,296.4506
2019-10-22 09:30:00,299.15497
2019-10-22 09:45:00,649.35065
2019-10-22 10:00:00,661.4961
2019-10-22 10:15:00,816.7235
2019-10-22 10:30:00,916.5751
2019-10-22 10:45:00,830.72894
2019-10-22 11:00:00,837.0148
2019-10-22 11:15:00,1198.0006
2019-10-22 11:30:00,1195.1766
2019-10-22 11:45:00,1647.0402
2019-10-22 12:00:00,1621.572
2019-10-22 12:15:00,1804.0818
2019-10-22 12:30:00,1788.4685
2019-10-22 12:45:00,1702.2583
2019-10-22 13:00:00,1698.2363
2019-10-22 13:15:00,1547.6682
2019-10-22 13:30:00,1558.7314
2019-10-22 13:45:00,1842.832
2019-10-22 14:00:00,1855.5776
2019-10-22 14:15:00,1906.7152
2019-10-22 14:30:00,1915.5908
2019-10-22 14:45:00,1622.4105
2019-10-22 15:00:00,1642.2686
2019-10-22 15:15:00,1731.4841
2019-10-22 15:30:00,1775.5945
2019-10-22 15:45:00,1192.2942
2019-10-22 16:00:00,1328.3424
2019-10-22 16:15:00,521.47906
2019-10-22 16:30:00,531.6061
2019-10-22 16:45:00,337.09924
2019-10-22 17:00:00,406.09274
2019-10-22 17:15:00,293.39487
2019-10-22 17:30:00,328.89856
2019-10-22 17:45:00,170.59656
2019-10-22 18:00:00,190.38391
2019-10-22 18:15:00,39.724304
2019-10-22 18:30:00,52.9793
2019-10-22 18:45:00,3.5557804
2019-10-22 19:00:00,0.0
2019-10-22 19:15:00,5.964107
2019-10-22 19:30:00,9.177975
2019-10-22 19:45:00,5.4371443
2019-10-22 20:00:00,0.0
2019-10-22 20:15:00,0.0
2019-10-22 20:30:00,0.0
2019-10-22 20:45:00,0.0
2019-10-22 21:00:00,0.035439104
2019-10-22 21:15:00,0.0751656
2019-10-22 21:30:00,0.098797984
2019-10-22 21:45:00,0.11328311
2019-10-22 22:00:00,0.12244816
2019-10-22 22:15:00,0.12842569
2019-10-22 22:30:00,0.13243367
2019-10-22 22:45:00,0.13518715
2019-10-22 23:00:00,0.13711794
2019-10-22 23:15:00,0.1384933
2019-10-22 23:30:00,0.13948402
2019-10-22 23:45:00,0.14020017
2019-10-23 00:00:00,0.14071389
2019-10-23 00:15:00,0.14107469
2019-10-23 00:30:00,0.23537491
2019-10-23 00:45:00,0.40143728
2019-10-23 01:00:00,0.4563652
2019-10-23 01:15:00,0.40143728
2019-10-23 01:30:00,0.23537491
2019-10-23 01:45:00,0.14107469
2019-10-23 02:00:00,0.14071389
2019-10-23 02:15:00,0.1402
2019-10-23 02:30:00,0.13948412
2019-10-23 02:45:00,0.1384933
2019-10-23 03:00:00,0.13711794
2019-10-23 03:15:00,0.13518715
2019-10-23 03:30:00,0.13243367
2019-10-23 03:45:00,0.12842569
2019-10-23 04:00:00,0.12244816
2019-10-23 04:15:00,0.11328311
2019-10-23 04:30:00,0.098797984
2019-10-23 04:45:00,0.0751656
2019-10-23 05:00:00,0.035439104
2019-10-23 05:15:00,0.0
2019-10-23 05:30:00,0.0
2019-10-23 05:45:00,0.0
2019-10-23 06:00:00,0.0
2019-10-23 06:15:00,5.4371443
2019-10-23 06:30:00,9.177975
2019-10-23 06:45:00,5.964107
2019-10-23 07:00:00,0.0
2019-10-23 07:15:00,10.737257
2019-10-23 07:30:00,14.329332
2019-10-23 07:45:00,127.48739
2019-10-23 08:00:00,106.080444
2019-10-23 08:15:00,404.51135
2019-10-23 08:30:00,357.57983
2019-10-23 08:45:00,851.51166
2019-10-23 09:00:00,759.3499
2019-10-23 09:15:00,1392.4346
2019-10-23 09:30:00,1330.4081
2019-10-23 09:45:00,1743.5908
2019-10-23 10:00:00,1728.7739
2019-10-23 10:15:00,1894.4094
2019-10-23 10:30:00,1885.1323
2019-10-23 10:45:00,1966.4409
2019-10-23 11:00:00,1959.9807
2019-10-23 11:15:00,2221.746
2019-10-23 11:30:00,2232.641
2019-10-23 11:45:00,2438.272
2019-10-23 12:00:00,2425.9053
2019-10-23 12:15:00,2556.379
2019-10-23 12:30:00,2545.4158
2019-10-23 12:45:00,2657.2048
2019-10-23 13:00:00,2655.548
2019-10-23 13:15:00,2661.2417
2019-10-23 13:30:00,2665.355
2019-10-23 13:45:00,2565.1992
2019-10-23 14:00:00,2574.8745
2019-10-23 14:15:00,2283.949
2019-10-23 14:30:00,2279.0193
2019-10-23 14:45:00,2035.7173
2019-10-23 15:00:00,2036.6345
2019-10-23 15:15:00,1658.2014
2019-10-23 15:30:00,1714.9207
2019-10-23 15:45:00,1559.1882
2019-10-23 16:00:00,1632.0424
2019-10-23 16:15:00,1210.0629
2019-10-23 16:30:00,1338.5161
2019-10-23 16:45:00,776.731
2019-10-23 17:00:00,897.83057
2019-10-23 17:15:00,469.79987
2019-10-23 17:30:00,542.2996
2019-10-23 17:45:00,207.71126
2019-10-23 18:00:00,232.33966
2019-10-23 18:15:00,39.724304
2019-10-23 18:30:00,52.9793
2019-10-23 18:45:00,3.5557804
2019-10-23 19:00:00,0.0
2019-10-23 19:15:00,5.964107
2019-10-23 19:30:00,9.177975
2019-10-23 19:45:00,5.4371443
2019-10-23 20:00:00,0.0
2019-10-23 20:15:00,0.0
2019-10-23 20:30:00,0.0
2019-10-23 20:45:00,0.0
2019-10-23 21:00:00,0.035439104
2019-10-23 21:15:00,0.0751656
2019-10-23 21:30:00,0.098797984
2019-10-23 21:45:00,0.11328311
2019-10-23 22:00:00,0.12244816
2019-10-23 22:15:00,0.12842569
2019-10-23 22:30:00,0.13243367
2019-10-23 22:45:00,0.13518715
2019-10-23 23:00:00,0.13711794
2019-10-23 23:15:00,0.1384933
2019-10-23 23:30:00,0.13948402
2019-10-23 23:45:00,0.14020017
2019-10-24 00:00:00,0.14071389
2019-10-24 00:15:00,0.14107469
2019-10-24 00:30:00,0.23537491
2019-10-24 00:45:00,0.40143728
2019-10-24 01:00:00,0.4563652
2019-10-24 01:15:00,0.40143728
2019-10-24 01:30:00,0.23537491
2019-10-24 01:45:00,0.14107469
2019-10-24 02:00:00,0.14071389
2019-10-24 02:15:00,0.1402
2019-10-24 02:30:00,0.13948412
2019-10-24 02:45:00,0.1384933
2019-10-24 03:00:00,0.13711794
2019-10-24 03:15:00,0.13518715
2019-10-24 03:30:00,0.13243367
2019-10-24 03:45:00,0.12842569
2019-10-24 04:00:00,0.12244816
2019-10-24 04:15:00,0.11328311
2019-10-24 04:30:00,0.098797984
2019-10-24 04:45:00,0.0751656
2019-10-24 05:00:00,0.035439104
2019-10-24 05:15:00,0.0
2019-10-24 05:30:00,0.0
2019-10-24 05:45:00,0.0
2019-10-24 06:00:00,0.0
2019-10-24 06:15:00,5.4371443
2019-10-24 06:30:00,9.177975
2019-10-24 06:45:00,5.964107
2019-10-24 07:00:00,0.0
2019-10-24 07:15:00,8.934645
2019-10-24 07:30:00,12.290497
2019-10-24 07:45:00,79.95678
2019-10-24 08:00:00,65.75582
2019-10-24 08:15:00,207.71126
2019-10-24 08:30:00,191.68834
2019-10-24 08:45:00,445.22363
2019-10-24 09:00:00,386.33887
2019-10-24 09:15:00,620.8257
2019-10-24 09:30:00,527.0651
2019-10-24 09:45:00,748.84357
2019-10-24 10:00:00,719.97363
2019-10-24 10:15:00,1350.1747
2019-10-24 10:30:00,1230.4746
2019-10-24 10:45:00,1929.1941
2019-10-24 11:00:00,1915.9224
2019-10-24 11:15:00,2211.97
2019-10-24 11:30:00,2222.2046
2019-10-24 11:45:00,2232.151
2019-10-24 12:00:00,2232.2603
2019-10-24 12:15:00,2283.2468
2019-10-24 12:30:00,2281.6997
2019-10-24 12:45:00,2365.2751
2019-10-24 13:00:00,2364.4087
2019-10-24 13:15:00,2357.5818
2019-10-24 13:30:00,2359.899
2019-10-24 13:45:00,2201.0942
2019-10-24 14:00:00,2202.8096
2019-10-24 14:15:00,1980.9231
2019-10-24 14:30:00,1989.0293
2019-10-24 14:45:00,1539.831
2019-10-24 15:00:00,1546.4304
2019-10-24 15:15:00,1820.8425
2019-10-24 15:30:00,1848.3943
2019-10-24 15:45:00,1751.8809
2019-10-24 16:00:00,1780.0042
2019-10-24 16:15:00,1485.4636
2019-10-24 16:30:00,1539.9097
2019-10-24 16:45:00,561.5558
2019-10-24 17:00:00,662.5321
2019-10-24 17:15:00,252.0037
2019-10-24 17:30:00,278.12857
2019-10-24 17:45:00,140.96504
2019-10-24 18:00:00,154.31119
2019-10-24 18:15:00,22.663809
2019-10-24 18:30:00,35.370964
2019-10-24 18:45:00,3.5557804
2019-10-24 19:00:00,0.0
2019-10-24 19:15:00,5.964107
2019-10-24 19:30:00,9.177975
2019-10-24 19:45:00,5.4371443
2019-10-24 20:00:00,0.0
2019-10-24 20:15:00,0.0
2019-10-24 20:30:00,0.0
2019-10-24 20:45:00,0.0
2019-10-24 21:00:00,0.035439104
2019-10-24 21:15:00,0.0751656
2019-10-24 21:30:00,0.098797984
2019-10-24 21:45:00,0.11328311
2019-10-24 22:00:00,0.12244816
2019-10-24 22:15:00,0.12842569
2019-10-24 22:30:00,0.13243367
2019-10-24 22:45:00,0.13518715
2019-10-24 23:00:00,0.13711794
2019-10-24 23:15:00,0.1384933
2019-10-24 23:30:00,0.13948402
2019-10-24 23:45:00,0.14020017
2019-10-25 00:00:00,0.14071389
2019-10-25 00:15:00,0.14107469
2019-10-25 00:30:00,0.23537491
2019-10-25 00:45:00,0.40143728
2019-10-25 01:00:00,0.4563652
2019-10-25 01:15:00,0.40143728
2019-10-25 01:30:00,0.23537491
2019-10-25 01:45:00,0.14107469
2019-10-25 02:00:00,0.14071389
2019-10-25 02:15:00,0.1402
2019-10-25 02:30:00,0.13948412
2019-10-25 02:45:00,0.1384933
2019-10-25 03:00:00,0.13711794
2019-10-25 03:15:00,0.13518715
2019-10-25 03:30:00,0.13243367
2019-10-25 03:45:00,0.12842569
2019-10-25 04:00:00,0.12244816
2019-10-25 04:15:00,0.11328311
2019-10-25 04:30:00,0.098797984
2019-10-25 04:45:00,0.0751656
2019-10-25 05:00:00,0.035439104
2019-10-25 05:15:00,0.0
2019-10-25 05:30:00,0.0
2019-10-25 05:45:00,0.0
2019-10-25 06:00:00,0.0
2019-10-25 06:15:00,5.4371443
2019-10-25 06:30:00,9.177975
2019-10-25 06:45:00,5.964107
2019-10-25 07:00:00,0.0
2019-10-25 07:15:00,8.934645
2019-10-25 07:30:00,12.290497
2019-10-25 07:45:00,82.4766
2019-10-25 08:00:00,67.78826
2019-10-25 08:15:00,282.68524
2019-10-25 08:30:00,249.84406
2019-10-25 08:45:00,785.27313
2019-10-25 09:00:00,697.32294
2019-10-25 09:15:00,1351.4932
2019-10-25 09:30:00,1270.0776
2019-10-25 09:45:00,1737.6876
2019-10-25 10:00:00,1720.6868
2019-10-25 10:15:00,1960.9795
2019-10-25 10:30:00,1969.0151
2019-10-25 10:45:00,2122.1626
2019-10-25 11:00:00,2141.4824
2019-10-25 11:15:00,2244.281
2019-10-25 11:30:00,2255.4514
2019-10-25 11:45:00,2366.3442
2019-10-25 12:00:00,2361.9973
2019-10-25 12:15:00,2438.3423
2019-10-25 12:30:00,2429.8394
2019-10-25 12:45:00,2431.8901
2019-10-25 13:00:00,2430.1465
2019-10-25 13:15:00,2466.4155
2019-10-25 13:30:00,2473.2422
2019-10-25 13:45:00,2412.499
2019-10-25 14:00:00,2422.0164
2019-10-25 14:15:00,2311.25
2019-10-25 14:30:00,2308.0789
2019-10-25 14:45:00,1932.0933
2019-10-25 15:00:00,1944.5701
2019-10-25 15:15:00,1764.8782
2019-10-25 15:30:00,1802.9159
2019-10-25 15:45:00,1531.1002
2019-10-25 16:00:00,1610.2153
2019-10-25 16:15:00,826.84033
2019-10-25 16:30:00,909.07336
2019-10-25 16:45:00,693.65674
2019-10-25 17:00:00,800.0977
2019-10-25 17:15:00,445.22363
2019-10-25 17:30:00,516.69556
2019-10-25 17:45:00,157.75621
2019-10-25 18:00:00,175.00687
2019-10-25 18:15:00,26.80356
2019-10-25 18:30:00,39.71305
2019-10-25 18:45:00,3.5557804
2019-10-25 19:00:00,0.0
2019-10-25 19:15:00,5.964107
2019-10-25 19:30:00,9.177975
2019-10-25 19:45:00,5.4371443
2019-10-25 20:00:00,0.0
2019-10-25 20:15:00,0.0
2019-10-25 20:30:00,0.0
2019-10-25 20:45:00,0.0
2019-10-25 21:00:00,0.035439104
2019-10-25 21:15:00,0.0751656
2019-10-25 21:30:00,0.098797984
2019-10-25 21:45:00,0.11328311
2019-10-25 22:00:00,0.12244816
2019-10-25 22:15:00,0.12842569
2019-10-25 22:30:00,0.13243367
2019-10-25 22:45:00,0.13518715
2019-10-25 23:00:00,0.13711794
2019-10-25 23:15:00,0.1384933
2019-10-25 23:30:00,0.13948402
2019-10-25 23:45:00,0.14020017
2019-10-26 00:00:00,0.14071389
2019-10-26 00:15:00,0.14107469
2019-10-26 00:30:00,0.23537491
2019-10-26 00:45:00,0.40143728
2019-10-26 01:00:00,0.4563652
2019-10-26 01:15:00,0.40143728
2019-10-26 01:30:00,0.23537491
2019-10-26 01:45:00,0.14107469
2019-10-26 02:00:00,0.14071389
2019-10-26 02:15:00,0.1402
2019-10-26 02:30:00,0.13948412
2019-10-26 02:45:00,0.1384933
2019-10-26 03:00:00,0.13711794
2019-10-26 03:15:00,0.13518715
2019-10-26 03:30:00,0.13243367
2019-10-26 03:45:00,0.12842569
2019-10-26 04:00:00,0.12244816
2019-10-26 04:15:00,0.11328311
2019-10-26 04:30:00,0.098797984
2019-10-26 04:45:00,0.0751656
2019-10-26 05:00:00,0.035439104
2019-10-26 05:15:00,0.0
2019-10-26 05:30:00,0.0
2019-10-26 05:45:00,0.0
2019-10-26 06:00:00,0.0
2019-10-26 06:15:00,5.4371443
2019-10-26 06:30:00,9.177975
2019-10-26 06:45:00,5.964107
2019-10-26 07:00:00,0.0
2019-10-26 07:15:00,8.934645
2019-10-26 07:30:00,12.290497
2019-10-26 07:45:00,77.45278
2019-10-26 08:00:00,63.746723
2019-10-26 08:15:00,290.22427
2019-10-26 08:30:00,255.84348
2019-10-26 08:45:00,680.4251
2019-10-26 09:00:00,587.6415
2019-10-26 09:15:00,793.06085
2019-10-26 09:30:00,690.3638
2019-10-26 09:45:00,1547.9252
2019-10-26 10:00:00,1465.0474
2019-10-26 10:15:00,1877.3855
2019-10-26 10:30:00,1863.5823
2019-10-26 10:45:00,2118.362
2019-10-26 11:00:00,2137.556
2019-10-26 11:15:00,2278.9604
2019-10-26 11:30:00,2285.8232
2019-10-26 11:45:00,2434.1008
2019-10-26 12:00:00,2422.0164
2019-10-26 12:15:00,2542.9866
2019-10-26 12:30:00,2531.5674
2019-10-26 12:45:00,2588.49
2019-10-26 13:00:00,2586.027
2019-10-26 13:15:00,2570.1826
2019-10-26 13:30:00,2577.3486
2019-10-26 13:45:00,2493.301
2019-10-26 14:00:00,2506.9512
2019-10-26 14:15:00,2366.3442
2019-10-26 14:30:00,2372.9604
2019-10-26 14:45:00,2221.746
2019-10-26 15:00:00,2206.5032
2019-10-26 15:15:00,2052.6199
2019-10-26 15:30:00,2037.7051
2019-10-26 15:45:00,1756.2249
2019-10-26 16:00:00,1783.3357
2019-10-26 16:15:00,1428.0591
2019-10-26 16:30:00,1498.8977
2019-10-26 16:45:00,755.03357
2019-10-26 17:00:00,859.71423
2019-10-26 17:15:00,400.1428
2019-10-26 17:30:00,465.65454
2019-10-26 17:45:00,145.62685
2019-10-26 18:00:00,160.1205
2019-10-26 18:15:00,20.632631
2019-10-26 18:30:00,33.21581
2019-10-26 18:45:00,3.5557804
2019-10-26 19:00:00,0.0
2019-10-26 19:15:00,5.964107
2019-10-26 19:30:00,9.177975
2019-10-26 19:45:00,5.4371443
2019-10-26 20:00:00,0.0
2019-10-26 20:15:00,0.0
2019-10-26 20:30:00,0.0
2019-10-26 20:45:00,0.0
2019-10-26 21:00:00,0.035439104
2019-10-26 21:15:00,0.0751656
2019-10-26 21:30:00,0.098797984
2019-10-26 21:45:00,0.11328311
2019-10-26 22:00:00,0.12244816
2019-10-26 22:15:00,0.12842569
2019-10-26 22:30:00,0.13243367
2019-10-26 22:45:00,0.13518715
2019-10-26 23:00:00,0.13711794
2019-10-26 23:15:00,0.1384933
2019-10-26 23:30:00,0.13948402
2019-10-26 23:45:00,0.14020017
2019-10-27 00:00:00,0.14071389
2019-10-27 00:15:00,0.14107469
2019-10-27 00:30:00,0.23537491
2019-10-27 00:45:00,0.40143728
2019-10-27 01:00:00,0.4563652
2019-10-27 01:15:00,0.40143728
2019-10-27 01:30:00,0.23537491
2019-10-27 01:45:00,0.14107469
2019-10-27 02:00:00,0.13711794
2019-10-27 02:15:00,0.13518715
2019-10-27 02:30:00,0.13243367
2019-10-27 02:45:00,0.12842569
2019-10-27 03:00:00,0.12244816
2019-10-27 03:15:00,0.11328311
2019-10-27 03:30:00,0.098797984
2019-10-27 03:45:00,0.0751656
2019-10-27 04:00:00,0.035439104
2019-10-27 04:15:00,0.0
2019-10-27 04:30:00,0.0
2019-10-27 04:45:00,0.0
2019-10-27 05:00:00,0.0
2019-10-27 05:15:00,5.4371443
2019-10-27 05:30:00,9.177975
2019-10-27 05:45:00,5.964107
2019-10-27 06:00:00,0.0
2019-10-27 06:15:00,3.5557804
2019-10-27 06:30:00,6.249977
2019-10-27 06:45:00,-0.50601506
2019-10-27 07:00:00,7.2931223
2019-10-27 07:15:00,12.830864
2019-10-27 07:30:00,14.018729
2019-10-27 07:45:00,48.403656
2019-10-27 08:00:00,53.2638
2019-10-27 08:15:00,95.033
2019-10-27 08:30:00,130.16835
2019-10-27 08:45:00,165.03172
2019-10-27 09:00:00,186.79916
2019-10-27 09:15:00,213.68538
2019-10-27 09:30:00,225.84244
2019-10-27 09:45:00,441.1749
2019-10-27 10:00:00,447.9778
2019-10-27 10:15:00,493.23438
2019-10-27 10:30:00,494.84097
2019-10-27 10:45:00,652.3716
2019-10-27 11:00:00,650.079
2019-10-27 11:15:00,916.26965
2019-10-27 11:30:00,912.5499
2019-10-27 11:45:00,937.1806
2019-10-27 12:00:00,936.3642
2019-10-27 12:15:00,1045.9825
2019-10-27 12:30:00,1048.7634
2019-10-27 12:45:00,1149.8429
2019-10-27 13:00:00,1156.293
2019-10-27 13:15:00,1345.8534
2019-10-27 13:30:00,1352.3734
2019-10-27 13:45:00,1290.7415
2019-10-27 14:00:00,1257.2693
2019-10-27 14:15:00,1329.2079
2019-10-27 14:30:00,1415.1171
2019-10-27 14:45:00,1192.2944
2019-10-27 15:00:00,1328.3424
2019-10-27 15:15:00,1144.8356
2019-10-27 15:30:00,1287.96
2019-10-27 15:45:00,1136.8103
2019-10-27 16:00:00,1213.8519
2019-10-27 16:15:00,808.98694
2019-10-27 16:30:00,850.6176
2019-10-27 16:45:00,537.4259
2019-10-27 17:00:00,528.47394
2019-10-27 17:15:00,396.16946
2019-10-27 17:30:00,360.05188
2019-10-27 17:45:00,149.22748
2019-10-27 18:00:00,122.5188
2019-10-27 18:15:00,10.168033
2019-10-27 18:30:00,14.866961
2019-10-27 18:45:00,5.4371443
2019-10-27 19:00:00,0.0
2019-10-27 19:15:00,0.0
2019-10-27 19:30:00,0.0
2019-10-27 19:45:00,0.0
2019-10-27 20:00:00,0.035439104
2019-10-27 20:15:00,0.0751656
2019-10-27 20:30:00,0.098797984
2019-10-27 20:45:00,0.11328311
2019-10-27 21:00:00,0.12244816
2019-10-27 21:15:00,0.12842569
2019-10-27 21:30:00,0.13243367
2019-10-27 21:45:00,0.13518715
2019-10-27 22:00:00,0.13711794
2019-10-27 22:15:00,0.1384933
2019-10-27 22:30:00,0.13948412
2019-10-27 22:45:00,0.1402
2019-10-27 23:00:00,0.14071389
2019-10-27 23:15:00,0.14107469
2019-10-27 23:30:00,0.23540461
2019-10-27 23:45:00,0.40144727
2019-10-28 00:00:00,0.4563652
2019-10-28 00:15:00,0.40143728
2019-10-28 00:30:00,0.23537491
2019-10-28 00:45:00,0.14107469
2019-10-28 01:00:00,0.14071389
2019-10-28 01:15:00,0.1402
2019-10-28 01:30:00,0.13948412
2019-10-28 01:45:00,0.1384933
2019-10-28 02:00:00,0.13711794
2019-10-28 02:15:00,0.13518715
2019-10-28 02:30:00,0.13243367
2019-10-28 02:45:00,0.12842569
2019-10-28 03:00:00,0.12244816
2019-10-28 03:15:00,0.11328311
2019-10-28 03:30:00,0.098797984
2019-10-28 03:45:00,0.0751656
2019-10-28 04:00:00,0.035439104
2019-10-28 04:15:00,0.0
2019-10-28 04:30:00,0.0
2019-10-28 04:45:00,0.0
2019-10-28 05:00:00,0.0
2019-10-28 05:15:00,5.4371443
2019-10-28 05:30:00,9.177975
2019-10-28 05:45:00,5.964107
2019-10-28 06:00:00,0.0
2019-10-28 06:15:00,3.5557804
2019-10-28 06:30:00,6.249977
2019-10-28 06:45:00,-0.50601506
2019-10-28 07:00:00,7.2931223
2019-10-28 07:15:00,12.830864
2019-10-28 07:30:00,14.018729
2019-10-28 07:45:00,61.845776
2019-10-28 08:00:00,66.07991
2019-10-28 08:15:00,184.58733
2019-10-28 08:30:00,215.74237
2019-10-28 08:45:00,473.9129
2019-10-28 09:00:00,571.8758
2019-10-28 09:15:00,824.65173
2019-10-28 09:30:00,925.1829
2019-10-28 09:45:00,1304.8705
2019-10-28 10:00:00,1307.3824
2019-10-28 10:15:00,1604.5823
2019-10-28 10:30:00,1602.9689
2019-10-28 10:45:00,2012.8071
2019-10-28 11:00:00,2005.9026
2019-10-28 11:15:00,2248.62
2019-10-28 11:30:00,2247.1921
2019-10-28 11:45:00,2228.3281
2019-10-28 12:00:00,2227.9094
2019-10-28 12:15:00,2192.934
2019-10-28 12:30:00,2194.3596
2019-10-28 12:45:00,2121.3438
2019-10-28 13:00:00,2125.1084
2019-10-28 13:15:00,2363.1174
2019-10-28 13:30:00,2369.1895
2019-10-28 13:45:00,1835.4214
2019-10-28 14:00:00,1856.6548
2019-10-28 14:15:00,1914.4867
2019-10-28 14:30:00,1924.1998
2019-10-28 14:45:00,2002.0575
2019-10-28 15:00:00,1946.0786
2019-10-28 15:15:00,1824.0079
2019-10-28 15:30:00,1663.369
2019-10-28 15:45:00,1484.8939
2019-10-28 16:00:00,1388.2715
2019-10-28 16:15:00,1207.7234
2019-10-28 16:30:00,1000.4332
2019-10-28 16:45:00,578.7216
2019-10-28 17:00:00,560.8228
2019-10-28 17:15:00,293.40598
2019-10-28 17:30:00,288.32632
2019-10-28 17:45:00,128.62563
2019-10-28 18:00:00,101.025986
2019-10-28 18:15:00,8.767376
2019-10-28 18:30:00,12.87788
2019-10-28 18:45:00,5.4371443
2019-10-28 19:00:00,0.0
2019-10-28 19:15:00,0.0
2019-10-28 19:30:00,0.0
2019-10-28 19:45:00,0.0
2019-10-28 20:00:00,0.035439104
2019-10-28 20:15:00,0.0751656
2019-10-28 20:30:00,0.098797984
2019-10-28 20:45:00,0.11328311
2019-10-28 21:00:00,0.12244816
2019-10-28 21:15:00,0.12842569
2019-10-28 21:30:00,0.13243367
2019-10-28 21:45:00,0.13518715
2019-10-28 22:00:00,0.13711794
2019-10-28 22:15:00,0.1384933
2019-10-28 22:30:00,0.13948412
2019-10-28 22:45:00,0.1402
2019-10-28 23:00:00,0.14071389
2019-10-28 23:15:00,0.14107469
2019-10-28 23:30:00,0.23540461
2019-10-28 23:45:00,0.40144727
2019-10-29 00:00:00,0.4563652
2019-10-29 00:15:00,0.40143728
2019-10-29 00:30:00,0.23537491
2019-10-29 00:45:00,0.14107469
2019-10-29 01:00:00,0.14071389
2019-10-29 01:15:00,0.1402
2019-10-29 01:30:00,0.13948412
2019-10-29 01:45:00,0.1384933
2019-10-29 02:00:00,0.13711794
2019-10-29 02:15:00,0.13518715
2019-10-29 02:30:00,0.13243367
2019-10-29 02:45:00,0.12842569
2019-10-29 03:00:00,0.12244816
2019-10-29 03:15:00,0.11328311
2019-10-29 03:30:00,0.098797984
2019-10-29 03:45:00,0.0751656
2019-10-29 04:00:00,0.035439104
2019-10-29 04:15:00,0.0
2019-10-29 04:30:00,0.0
2019-10-29 04:45:00,0.0
2019-10-29 05:00:00,0.0
2019-10-29 05:15:00,5.4371443
2019-10-29 05:30:00,9.177975
2019-10-29 05:45:00,5.964107
2019-10-29 06:00:00,0.0
2019-10-29 06:15:00,3.5557804
2019-10-29 06:30:00,6.249977
2019-10-29 06:45:00,-0.50601506
2019-10-29 07:00:00,7.2931223
2019-10-29 07:15:00,11.376086
2019-10-29 07:30:00,12.946946
2019-10-29 07:45:00,51.989616
2019-10-29 08:00:00,56.684315
2019-10-29 08:15:00,93.76235
2019-10-29 08:30:00,128.7976
2019-10-29 08:45:00,189.62021
2019-10-29 09:00:00,212.44153
2019-10-29 09:15:00,450.5174
2019-10-29 09:30:00,469.82138
2019-10-29 09:45:00,486.66754
2019-10-29 10:00:00,492.79654
2019-10-29 10:15:00,504.52423
2019-10-29 10:30:00,505.9179
2019-10-29 10:45:00,810.93207
2019-10-29 11:00:00,806.4676
2019-10-29 11:15:00,678.45764
2019-10-29 11:30:00,676.59204
2019-10-29 11:45:00,807.63934
2019-10-29 12:00:00,807.0128
2019-10-29 12:15:00,873.469
2019-10-29 12:30:00,875.6241
2019-10-29 12:45:00,1307.0197
2019-10-29 13:00:00,1315.0956
2019-10-29 13:15:00,1234.283
2019-10-29 13:30:00,1241.5369
2019-10-29 13:45:00,1319.5093
2019-10-29 14:00:00,1301.5718
2019-10-29 14:15:00,973.1771
2019-10-29 14:30:00,923.0712
2019-10-29 14:45:00,785.4475
2019-10-29 15:00:00,693.6551
2019-10-29 15:15:00,1199.4631
2019-10-29 15:30:00,1330.408
2019-10-29 15:45:00,905.0173
2019-10-29 16:00:00,1065.0942
2019-10-29 16:15:00,813.5017
2019-10-29 16:30:00,855.3218
2019-10-29 16:45:00,640.5184
2019-10-29 17:00:00,603.15393
2019-10-29 17:15:00,392.99637
2019-10-29 17:30:00,358.4538
2019-10-29 17:45:00,123.93803
2019-10-29 18:00:00,96.233154
2019-10-29 18:15:00,9.130604
2019-10-29 18:30:00,13.38366
2019-10-29 18:45:00,5.4371443
2019-10-29 19:00:00,0.0
2019-10-29 19:15:00,0.0
2019-10-29 19:30:00,0.0
2019-10-29 19:45:00,0.0
2019-10-29 20:00:00,0.035439104
2019-10-29 20:15:00,0.0751656
2019-10-29 20:30:00,0.098797984
2019-10-29 20:45:00,0.11328311
2019-10-29 21:00:00,0.12244816
2019-10-29 21:15:00,0.12842569
2019-10-29 21:30:00,0.13243367
2019-10-29 21:45:00,0.13518715
2019-10-29 22:00:00,0.13711794
2019-10-29 22:15:00,0.1384933
2019-10-29 22:30:00,0.13948412
2019-10-29 22:45:00,0.1402
2019-10-29 23:00:00,0.14071389
2019-10-29 23:15:00,0.14107469
2019-10-29 23:30:00,0.23540461
2019-10-29 23:45:00,0.40144727
2019-10-30 00:00:00,0.4563652
2019-10-30 00:15:00,0.40143728
2019-10-30 00:30:00,0.23537491
2019-10-30 00:45:00,0.14107469
2019-10-30 01:00:00,0.14071389
2019-10-30 01:15:00,0.1402
2019-10-30 01:30:00,0.13948412
2019-10-30 01:45:00,0.1384933
2019-10-30 02:00:00,0.13711794
2019-10-30 02:15:00,0.13518715
2019-10-30 02:30:00,0.13243367
2019-10-30 02:45:00,0.12842569
2019-10-30 03:00:00,0.12244816
2019-10-30 03:15:00,0.11328311
2019-10-30 03:30:00,0.098797984
2019-10-30 03:45:00,0.0751656
2019-10-30 04:00:00,0.035439104
2019-10-30 04:15:00,0.0
2019-10-30 04:30:00,0.0
2019-10-30 04:45:00,0.0
2019-10-30 05:00:00,0.0
2019-10-30 05:15:00,5.4371443
2019-10-30 05:30:00,9.177975
2019-10-30 05:45:00,5.964107
2019-10-30 06:00:00,0.0
2019-10-30 06:15:00,3.5557804
2019-10-30 06:30:00,6.249977
2019-10-30 06:45:00,-0.50601506
2019-10-30 07:00:00,7.2931223
2019-10-30 07:15:00,11.376086
2019-10-30 07:30:00,12.946946
2019-10-30 07:45:00,55.63506
2019-10-30 08:00:00,60.160385
2019-10-30 08:15:00,151.6422
2019-10-30 08:30:00,186.85764
2019-10-30 08:45:00,416.468
2019-10-30 09:00:00,489.27017
2019-10-30 09:15:00,786.95264
2019-10-30 09:30:00,870.26886
2019-10-30 09:45:00,1166.0709
2019-10-30 10:00:00,1236.2336
2019-10-30 10:15:00,1699.9204
2019-10-30 10:30:00,1694.2234
2019-10-30 10:45:00,2035.338
2019-10-30 11:00:00,2028.9175
2019-10-30 11:15:00,2198.7068
2019-10-30 11:30:00,2196.7993
2019-10-30 11:45:00,2293.4302
2019-10-30 12:00:00,2292.995
2019-10-30 12:15:00,2355.0686
2019-10-30 12:30:00,2357.3198
2019-10-30 12:45:00,2395.8108
2019-10-30 13:00:00,2403.447
2019-10-30 13:15:00,2398.1147
2019-10-30 13:30:00,2408.3438
2019-10-30 13:45:00,2335.4434
2019-10-30 14:00:00,2342.12
2019-10-30 14:15:00,2218.3052
2019-10-30 14:30:00,2216.058
2019-10-30 14:45:00,2048.724
2019-10-30 15:00:00,1999.0193
2019-10-30 15:15:00,1821.2417
2019-10-30 15:30:00,1673.4075
2019-10-30 15:45:00,1536.8809
2019-10-30 16:00:00,1357.9912
2019-10-30 16:15:00,1216.4124
2019-10-30 16:30:00,1008.49713
2019-10-30 16:45:00,776.48285
2019-10-30 17:00:00,677.4936
2019-10-30 17:15:00,414.57275
2019-10-30 17:30:00,369.3412
2019-10-30 17:45:00,135.58607
2019-10-30 18:00:00,108.187515
2019-10-30 18:15:00,9.130604
2019-10-30 18:30:00,13.38366
2019-10-30 18:45:00,5.4371443
2019-10-30 19:00:00,0.0
2019-10-30 19:15:00,0.0
2019-10-30 19:30:00,0.0
2019-10-30 19:45:00,0.0
2019-10-30 20:00:00,0.035439104
2019-10-30 20:15:00,0.0751656
2019-10-30 20:30:00,0.098797984
2019-10-30 20:45:00,0.11328311
2019-10-30 21:00:00,0.12244816
2019-10-30 21:15:00,0.12842569
2019-10-30 21:30:00,0.13243367
2019-10-30 21:45:00,0.13518715
2019-10-30 22:00:00,0.13711794
2019-10-30 22:15:00,0.1384933
2019-10-30 22:30:00,0.13948412
2019-10-30 22:45:00,0.1402
2019-10-30 23:00:00,0.14071389
2019-10-30 23:15:00,0.14107469
2019-10-30 23:30:00,0.23540461
2019-10-30 23:45:00,0.40144727
2019-10-31 00:00:00,0.4563652
2019-10-31 00:15:00,0.40143728
2019-10-31 00:30:00,0.23537491
2019-10-31 00:45:00,0.14107469
2019-10-31 01:00:00,0.14071389
2019-10-31 01:15:00,0.1402
2019-10-31 01:30:00,0.13948412
2019-10-31 01:45:00,0.1384933
2019-10-31 02:00:00,0.13711794
2019-10-31 02:15:00,0.13518715
2019-10-31 02:30:00,0.13243367
2019-10-31 02:45:00,0.12842569
2019-10-31 03:00:00,0.12244816
2019-10-31 03:15:00,0.11328311
2019-10-31 03:30:00,0.098797984
2019-10-31 03:45:00,0.0751656
2019-10-31 04:00:00,0.035439104
2019-10-31 04:15:00,0.0
2019-10-31 04:30:00,0.0
2019-10-31 04:45:00,0.0
2019-10-31 05:00:00,0.0
2019-10-31 05:15:00,5.4371443
2019-10-31 05:30:00,9.177975
2019-10-31 05:45:00,5.964107
2019-10-31 06:00:00,0.0
2019-10-31 06:15:00,3.5557804
2019-10-31 06:30:00,6.249977
2019-10-31 06:45:00,-0.50601506
2019-10-31 07:00:00,7.2931223
2019-10-31 07:15:00,11.376086
2019-10-31 07:30:00,12.946946
2019-10-31 07:45:00,49.592396
2019-10-31 08:00:00,54.39784
2019-10-31 08:15:00,143.91287
2019-10-31 08:30:00,179.63449
2019-10-31 08:45:00,394.18167
2019-10-31 09:00:00,458.6322
2019-10-31 09:15:00,740.69324
2019-10-31 09:30:00,796.1881
2019-10-31 09:45:00,1097.0359
2019-10-31 10:00:00,1138.2104
2019-10-31 10:15:00,1469.207
2019-10-31 10:30:00,1458.4534
2019-10-31 10:45:00,1892.815
2019-10-31 11:00:00,1884.7346
2019-10-31 11:15:00,1917.6548
2019-10-31 11:30:00,1908.6292
2019-10-31 11:45:00,1880.9209
2019-10-31 12:00:00,1878.0684
2019-10-31 12:15:00,1708.6547
2019-10-31 12:30:00,1720.4038
2019-10-31 12:45:00,1636.0894
2019-10-31 13:00:00,1660.4828
2019-10-31 13:15:00,1484.5323
2019-10-31 13:30:00,1510.1925
2019-10-31 13:45:00,1222.424
2019-10-31 14:00:00,1206.3441
2019-10-31 14:15:00,1057.6166
2019-10-31 14:30:00,975.7018
2019-10-31 14:45:00,791.40894
2019-10-31 15:00:00,707.3212
2019-10-31 15:15:00,562.71924
2019-10-31 15:30:00,590.6768
2019-10-31 15:45:00,535.6351
2019-10-31 16:00:00,633.4183
2019-10-31 16:15:00,450.03278
2019-10-31 16:30:00,521.8271
2019-10-31 16:45:00,366.50803
2019-10-31 17:00:00,381.80157
2019-10-31 17:15:00,233.78859
2019-10-31 17:30:00,240.94695
2019-10-31 17:45:00,97.545105
2019-10-31 18:00:00,71.75194
2019-10-31 18:15:00,8.395108
2019-10-31 18:30:00,12.366449
2019-10-31 18:45:00,5.4371443
2019-10-31 19:00:00,0.0
2019-10-31 19:15:00,0.0
2019-10-31 19:30:00,0.0
2019-10-31 19:45:00,0.0
2019-10-31 20:00:00,0.035439104
2019-10-31 20:15:00,0.0751656
2019-10-31 20:30:00,0.098797984
2019-10-31 20:45:00,0.11328311
2019-10-31 21:00:00,0.12244816
2019-10-31 21:15:00,0.12842569
2019-10-31 21:30:00,0.13243367
2019-10-31 21:45:00,0.13518715
2019-10-31 22:00:00,0.13711794
2019-10-31 22:15:00,0.1384933
2019-10-31 22:30:00,0.13948412
2019-10-31 22:45:00,0.1402
2019-10-31 23:00:00,0.14071389
2019-10-31 23:15:00,0.14107469
2019-10-31 23:30:00,0.23540461
2019-10-31 23:45:00,0.40144727
2019-11-01 00:00:00,0.4563652
2019-11-01 00:15:00,0.40143728
2019-11-01 00:30:00,0.23537491
2019-11-01 00:45:00,0.14107469
2019-11-01 01:00:00,0.14071389
2019-11-01 01:15:00,0.1402
2019-11-01 01:30:00,0.13948412
2019-11-01 01:45:00,0.1384933
2019-11-01 02:00:00,0.13711794
2019-11-01 02:15:00,0.13518715
2019-11-01 02:30:00,0.13243367
2019-11-01 02:45:00,0.12842569
2019-11-01 03:00:00,0.12244816
2019-11-01 03:15:00,0.11328311
2019-11-01 03:30:00,0.098797984
2019-11-01 03:45:00,0.0751656
2019-11-01 04:00:00,0.035439104
2019-11-01 04:15:00,0.0
2019-11-01 04:30:00,0.0
2019-11-01 04:45:00,0.0
2019-11-01 05:00:00,0.0
2019-11-01 05:15:00,5.4371443
2019-11-01 05:30:00,9.177975
2019-11-01 05:45:00,5.964107
2019-11-01 06:00:00,0.0
2019-11-01 06:15:00,3.5557804
2019-11-01 06:30:00,6.249977
2019-11-01 06:45:00,-0.50601506
2019-11-01 07:00:00,7.2931223
2019-11-01 07:15:00,11.376086
2019-11-01 07:30:00,12.946946
2019-11-01 07:45:00,44.87657
2019-11-01 08:00:00,49.897774
2019-11-01 08:15:00,124.71882
2019-11-01 08:30:00,160.98032
2019-11-01 08:45:00,349.27045
2019-11-01 09:00:00,401.54318
2019-11-01 09:15:00,713.5233
2019-11-01 09:30:00,759.4022
2019-11-01 09:45:00,1062.9108
2019-11-01 10:00:00,1092.2025
2019-11-01 10:15:00,1359.1602
2019-11-01 10:30:00,1352.3734
2019-11-01 10:45:00,1804.8857
2019-11-01 11:00:00,1792.7404
2019-11-01 11:15:00,1832.0161
2019-11-01 11:30:00,1817.8943
2019-11-01 11:45:00,1813.7036
2019-11-01 12:00:00,1810.1516
2019-11-01 12:15:00,1859.3209
2019-11-01 12:30:00,1867.8079
2019-11-01 12:45:00,1940.3962
2019-11-01 13:00:00,1948.1489
2019-11-01 13:15:00,2149.913
2019-11-01 13:30:00,2149.962
2019-11-01 13:45:00,2147.8071
2019-11-01 14:00:00,2135.5715
2019-11-01 14:15:00,2086.1934
2019-11-01 14:30:00,2067.896
2019-11-01 14:45:00,1956.8582
2019-11-01 15:00:00,1925.0256
2019-11-01 15:15:00,1740.6614
2019-11-01 15:30:00,1703.8181
2019-11-01 15:45:00,1473.1965
2019-11-01 16:00:00,1386.661
2019-11-01 16:15:00,972.4772
2019-11-01 16:30:00,944.94434
2019-11-01 16:45:00,562.63763
2019-11-01 17:00:00,548.25934
2019-11-01 17:15:00,290.05737
2019-11-01 17:30:00,285.50385
2019-11-01 17:45:00,80.26375
2019-11-01 18:00:00,57.87901
2019-11-01 18:15:00,8.013685
2019-11-01 18:30:00,11.8494
2019-11-01 18:45:00,5.4371443
2019-11-01 19:00:00,0.0
2019-11-01 19:15:00,0.0
2019-11-01 19:30:00,0.0
2019-11-01 19:45:00,0.0
2019-11-01 20:00:00,0.035439104
2019-11-01 20:15:00,0.0751656
2019-11-01 20:30:00,0.098797984
2019-11-01 20:45:00,0.11328311
2019-11-01 21:00:00,0.12244816
2019-11-01 21:15:00,0.12842569
2019-11-01 21:30:00,0.13243367
2019-11-01 21:45:00,0.13518715
2019-11-01 22:00:00,0.13711794
2019-11-01 22:15:00,0.1384933
2019-11-01 22:30:00,0.13948412
2019-11-01 22:45:00,0.1402
2019-11-01 23:00:00,0.14071389
2019-11-01 23:15:00,0.14107469
2019-11-01 23:30:00,0.23540461
2019-11-01 23:45:00,0.40144727
2019-11-02 00:00:00,0.4563652
2019-11-02 00:15:00,0.40143728
2019-11-02 00:30:00,0.23537491
2019-11-02 00:45:00,0.14107469
2019-11-02 01:00:00,0.14071389
2019-11-02 01:15:00,0.1402
2019-11-02 01:30:00,0.13948412
2019-11-02 01:45:00,0.1384933
2019-11-02 02:00:00,0.13711794
2019-11-02 02:15:00,0.13518715
2019-11-02 02:30:00,0.13243367
2019-11-02 02:45:00,0.12842569
2019-11-02 03:00:00,0.12244816
2019-11-02 03:15:00,0.11328311
2019-11-02 03:30:00,0.098797984
2019-11-02 03:45:00,0.0751656
2019-11-02 04:00:00,0.035439104
2019-11-02 04:15:00,0.0
2019-11-02 04:30:00,0.0
2019-11-02 04:45:00,0.0
2019-11-02 05:00:00,0.0
2019-11-02 05:15:00,5.4371443
2019-11-02 05:30:00,9.177975
2019-11-02 05:45:00,5.964107
2019-11-02 06:00:00,0.0
2019-11-02 06:15:00,3.5557804
2019-11-02 06:30:00,6.249977
2019-11-02 06:45:00,-0.50601506
2019-11-02 07:00:00,7.2931223
2019-11-02 07:15:00,9.928454
2019-11-02 07:30:00,11.881053
2019-11-02 07:45:00,39.12611
2019-11-02 08:00:00,44.40653
2019-11-02 08:15:00,100.18159
2019-11-02 08:30:00,135.67967
2019-11-02 08:45:00,347.1432
2019-11-02 09:00:00,398.9553
2019-11-02 09:15:00,610.9312
2019-11-02 09:30:00,638.7643
2019-11-02 09:45:00,890.2306
2019-11-02 10:00:00,898.9041
2019-11-02 10:15:00,1145.5795
2019-11-02 10:30:00,1142.1624
2019-11-02 10:45:00,1259.2734
2019-11-02 11:00:00,1250.9862
2019-11-02 11:15:00,1435.3428
2019-11-02 11:30:00,1419.7513
2019-11-02 11:45:00,2029.3104
2019-11-02 12:00:00,2028.027
2019-11-02 12:15:00,2246.1182
2019-11-02 12:30:00,2247.1921
2019-11-02 12:45:00,2270.2695
2019-11-02 13:00:00,2271.436
2019-11-02 13:15:00,2264.4307
2019-11-02 13:30:00,2259.6348
2019-11-02 13:45:00,2208.0713
2019-11-02 14:00:00,2191.1938
2019-11-02 14:15:00,2105.2437
2019-11-02 14:30:00,2087.2563
2019-11-02 14:45:00,1974.6897
2019-11-02 15:00:00,1932.1029
2019-11-02 15:15:00,1804.1879
2019-11-02 15:30:00,1689.5225
2019-11-02 15:45:00,1543.502
2019-11-02 16:00:00,1376.7452
2019-11-02 16:15:00,1157.5554
2019-11-02 16:30:00,1006.2728
2019-11-02 16:45:00,691.2387
2019-11-02 17:00:00,632.7529
2019-11-02 17:15:00,350.91162
2019-11-02 17:30:00,333.81168
2019-11-02 17:45:00,109.66458
2019-11-02 18:00:00,81.68741
2019-11-02 18:15:00,8.013685
2019-11-02 18:30:00,11.8494
2019-11-02 18:45:00,5.4371443
2019-11-02 19:00:00,0.0
2019-11-02 19:15:00,0.0
2019-11-02 19:30:00,0.0
2019-11-02 19:45:00,0.0
2019-11-02 20:00:00,0.035439104
2019-11-02 20:15:00,0.0751656
2019-11-02 20:30:00,0.098797984
2019-11-02 20:45:00,0.11328311
2019-11-02 21:00:00,0.12244816
2019-11-02 21:15:00,0.12842569
2019-11-02 21:30:00,0.13243367
2019-11-02 21:45:00,0.13518715
2019-11-02 22:00:00,0.13711794
2019-11-02 22:15:00,0.1384933
2019-11-02 22:30:00,0.13948412
2019-11-02 22:45:00,0.1402
2019-11-02 23:00:00,0.14071389
2019-11-02 23:15:00,0.14107469
2019-11-02 23:30:00,0.23540461
2019-11-02 23:45:00,0.40144727
2019-11-03 00:00:00,0.4563652
2019-11-03 00:15:00,0.40143728
2019-11-03 00:30:00,0.23537491
2019-11-03 00:45:00,0.14107469
2019-11-03 01:00:00,0.14071389
2019-11-03 01:15:00,0.1402
2019-11-03 01:30:00,0.13948412
2019-11-03 01:45:00,0.1384933
2019-11-03 02:00:00,0.13711794
2019-11-03 02:15:00,0.13518715
2019-11-03 02:30:00,0.13243367
2019-11-03 02:45:00,0.12842569
2019-11-03 03:00:00,0.12244816
2019-11-03 03:15:00,0.11328311
2019-11-03 03:30:00,0.098797984
2019-11-03 03:45:00,0.0751656
2019-11-03 04:00:00,0.035439104
2019-11-03 04:15:00,0.0
2019-11-03 04:30:00,0.0
2019-11-03 04:45:00,0.0
2019-11-03 05:00:00,0.0
2019-11-03 05:15:00,5.4371443
2019-11-03 05:30:00,9.177975
2019-11-03 05:45:00,5.964107
2019-11-03 06:00:00,0.0
2019-11-03 06:15:00,3.5557804
2019-11-03 06:30:00,6.249977
2019-11-03 06:45:00,-0.50601506
2019-11-03 07:00:00,7.2931223
2019-11-03 07:15:00,11.376086
2019-11-03 07:30:00,12.946946
2019-11-03 07:45:00,48.403656
2019-11-03 08:00:00,53.2638
2019-11-03 08:15:00,166.05888
2019-11-03 08:30:00,199.87961
2019-11-03 08:45:00,447.83484
2019-11-03 09:00:00,535.3007
2019-11-03 09:15:00,814.8962
2019-11-03 09:30:00,914.3558
2019-11-03 09:45:00,1265.3892
2019-11-03 10:00:00,1278.4443
2019-11-03 10:15:00,1792.1888
2019-11-03 10:30:00,1780.491
2019-11-03 10:45:00,2066.9116
2019-11-03 11:00:00,2061.4136
2019-11-03 11:15:00,2166.1685
2019-11-03 11:30:00,2163.679
2019-11-03 11:45:00,2226.06
2019-11-03 12:00:00,2225.6375
2019-11-03 12:15:00,2282.7104
2019-11-03 12:30:00,2283.8506
2019-11-03 12:45:00,2296.3516
2019-11-03 13:00:00,2297.7808
2019-11-03 13:15:00,2306.529
2019-11-03 13:30:00,2302.8396
2019-11-03 13:45:00,2204.164
2019-11-03 14:00:00,2187.1284
2019-11-03 14:15:00,2015.8782
2019-11-03 14:30:00,2006.929
2019-11-03 14:45:00,1877.3855
2019-11-03 15:00:00,1875.5446
2019-11-03 15:15:00,1698.4346
2019-11-03 15:30:00,1684.5371
2019-11-03 15:45:00,1452.04
2019-11-03 16:00:00,1381.6758
2019-11-03 16:15:00,1064.135
2019-11-03 16:30:00,988.9217
2019-11-03 16:45:00,712.3022
2019-11-03 17:00:00,643.9613
2019-11-03 17:15:00,423.31772
2019-11-03 17:30:00,376.72098
2019-11-03 17:45:00,144.7245
2019-11-03 18:00:00,117.73001
2019-11-03 18:15:00,8.395108
2019-11-03 18:30:00,12.366449
2019-11-03 18:45:00,5.4371443
2019-11-03 19:00:00,0.0
2019-11-03 19:15:00,0.0
2019-11-03 19:30:00,0.0
2019-11-03 19:45:00,0.0
2019-11-03 20:00:00,0.035439104
2019-11-03 20:15:00,0.0751656
2019-11-03 20:30:00,0.098797984
2019-11-03 20:45:00,0.11328311
2019-11-03 21:00:00,0.12244816
2019-11-03 21:15:00,0.12842569
2019-11-03 21:30:00,0.13243367
2019-11-03 21:45:00,0.13518715
2019-11-03 22:00:00,0.13711794
2019-11-03 22:15:00,0.1384933
2019-11-03 22:30:00,0.13948412
2019-11-03 22:45:00,0.1402
2019-11-03 23:00:00,0.14071389
2019-11-03 23:15:00,0.14107469
2019-11-03 23:30:00,0.23540461
2019-11-03 23:45:00,0.40144727
2019-11-04 00:00:00,0.4563652
2019-11-04 00:15:00,0.40143728
2019-11-04 00:30:00,0.23537491
2019-11-04 00:45:00,0.14107469
2019-11-04 01:00:00,0.14071389
2019-11-04 01:15:00,0.1402
2019-11-04 01:30:00,0.13948412
2019-11-04 01:45:00,0.1384933
2019-11-04 02:00:00,0.13711794
2019-11-04 02:15:00,0.13518715
2019-11-04 02:30:00,0.13243367
2019-11-04 02:45:00,0.12842569
2019-11-04 03:00:00,0.12244816
2019-11-04 03:15:00,0.11328311
2019-11-04 03:30:00,0.098797984
2019-11-04 03:45:00,0.0751656
2019-11-04 04:00:00,0.035439104
2019-11-04 04:15:00,0.0
2019-11-04 04:30:00,0.0
2019-11-04 04:45:00,0.0
2019-11-04 05:00:00,0.0
2019-11-04 05:15:00,5.4371443
2019-11-04 05:30:00,9.177975
2019-11-04 05:45:00,5.964107
2019-11-04 06:00:00,0.0
2019-11-04 06:15:00,3.5557804
2019-11-04 06:30:00,6.249977
2019-11-04 06:45:00,-0.50601506
2019-11-04 07:00:00,7.2931223
2019-11-04 07:15:00,9.928454
2019-11-04 07:30:00,11.881053
2019-11-04 07:45:00,49.592396
2019-11-04 08:00:00,54.39784
2019-11-04 08:15:00,167.7015
2019-11-04 08:30:00,201.32564
2019-11-04 08:45:00,435.17358
2019-11-04 09:00:00,516.42456
2019-11-04 09:15:00,798.7925
2019-11-04 09:30:00,890.77527
2019-11-04 09:45:00,1148.1741
2019-11-04 10:00:00,1217.6819
2019-11-04 10:15:00,1670.1572
2019-11-04 10:30:00,1666.427
2019-11-04 10:45:00,1993.1224
2019-11-04 11:00:00,1985.9175
2019-11-04 11:15:00,2171.3745
2019-11-04 11:30:00,2168.9863
2019-11-04 11:45:00,2265.5977
2019-11-04 12:00:00,2265.209
2019-11-04 12:15:00,2324.227
2019-11-04 12:30:00,2325.8357
2019-11-04 12:45:00,2371.7756
2019-11-04 13:00:00,2376.8535
2019-11-04 13:15:00,2421.753
2019-11-04 13:30:00,2432.5361
2019-11-04 13:45:00,2358.0498
2019-11-04 14:00:00,2363.7053
2019-11-04 14:15:00,2241.5571
2019-11-04 14:30:00,2238.6675
2019-11-04 14:45:00,2066.606
2019-11-04 15:00:00,2019.7717
2019-11-04 15:15:00,1818.6685
2019-11-04 15:30:00,1689.8635
2019-11-04 15:45:00,1519.2163
2019-11-04 16:00:00,1370.8853
2019-11-04 16:15:00,1210.9915
2019-11-04 16:30:00,1020.22485
2019-11-04 16:45:00,787.7011
2019-11-04 17:00:00,685.8263
2019-11-04 17:15:00,417.52475
2019-11-04 17:30:00,371.79807
2019-11-04 17:45:00,123.93803
2019-11-04 18:00:00,96.233154
2019-11-04 18:15:00,7.6229334
2019-11-04 18:30:00,11.3266735
2019-11-04 18:45:00,5.4371443
2019-11-04 19:00:00,0.0
2019-11-04 19:15:00,0.0
2019-11-04 19:30:00,0.0
2019-11-04 19:45:00,0.0
2019-11-04 20:00:00,0.035439104
2019-11-04 20:15:00,0.0751656
2019-11-04 20:30:00,0.098797984
2019-11-04 20:45:00,0.11328311
2019-11-04 21:00:00,0.12244816
2019-11-04 21:15:00,0.12842569
2019-11-04 21:30:00,0.13243367
2019-11-04 21:45:00,0.13518715
2019-11-04 22:00:00,0.13711794
2019-11-04 22:15:00,0.1384933
2019-11-04 22:30:00,0.13948412
2019-11-04 22:45:00,0.1402
2019-11-04 23:00:00,0.14071389
2019-11-04 23:15:00,0.14107469
2019-11-04 23:30:00,0.23540461
2019-11-04 23:45:00,0.40144727
2019-11-05 00:00:00,0.4563652
2019-11-05 00:15:00,0.40143728
2019-11-05 00:30:00,0.23537491
2019-11-05 00:45:00,0.14107469
2019-11-05 01:00:00,0.14071389
2019-11-05 01:15:00,0.1402
2019-11-05 01:30:00,0.13948412
2019-11-05 01:45:00,0.1384933
2019-11-05 02:00:00,0.13711794
2019-11-05 02:15:00,0.13518715
2019-11-05 02:30:00,0.13243367
2019-11-05 02:45:00,0.12842569
2019-11-05 03:00:00,0.12244816
2019-11-05 03:15:00,0.11328311
2019-11-05 03:30:00,0.098797984
2019-11-05 03:45:00,0.0751656
2019-11-05 04:00:00,0.035439104
2019-11-05 04:15:00,0.0
2019-11-05 04:30:00,0.0
2019-11-05 04:45:00,0.0
2019-11-05 05:00:00,0.0
2019-11-05 05:15:00,5.4371443
2019-11-05 05:30:00,9.177975
2019-11-05 05:45:00,5.964107
2019-11-05 06:00:00,0.0
2019-11-05 06:15:00,3.5557804
2019-11-05 06:30:00,6.249977
2019-11-05 06:45:00,-0.50601506
2019-11-05 07:00:00,7.2931223
2019-11-05 07:15:00,9.928454
2019-11-05 07:30:00,11.881053
2019-11-05 07:45:00,41.4073
2019-11-05 08:00:00,46.58536
2019-11-05 08:15:00,121.878174
2019-11-05 08:30:00,158.13393
2019-11-05 08:45:00,342.8735
2019-11-05 09:00:00,393.78622
2019-11-05 09:15:00,653.5499
2019-11-05 09:30:00,686.6709
2019-11-05 09:45:00,941.83344
2019-11-05 10:00:00,953.7716
2019-11-05 10:15:00,1402.624
2019-11-05 10:30:00,1386.5558
2019-11-05 10:45:00,1897.4729
2019-11-05 11:00:00,1889.4686
2019-11-05 11:15:00,2133.1196
2019-11-05 11:30:00,2129.9497
2019-11-05 11:45:00,2239.5127
2019-11-05 12:00:00,2239.1138
2019-11-05 12:15:00,2310.826
2019-11-05 12:30:00,2312.2383
2019-11-05 12:45:00,2371.7756
2019-11-05 13:00:00,2376.8535
2019-11-05 13:15:00,2350.7974
2019-11-05 13:30:00,2354.585
2019-11-05 13:45:00,2328.0981
2019-11-05 14:00:00,2334.88
2019-11-05 14:15:00,2199.2913
2019-11-05 14:30:00,2196.9568
2019-11-05 14:45:00,2020.3877
2019-11-05 15:00:00,1964.1533
2019-11-05 15:15:00,1815.9176
2019-11-05 15:30:00,1675.3093
2019-11-05 15:45:00,1549.1287
2019-11-05 16:00:00,1372.7803
2019-11-05 16:15:00,1176.4824
2019-11-05 16:30:00,1004.10834
2019-11-05 16:45:00,715.672
2019-11-05 17:00:00,645.6864
2019-11-05 17:15:00,405.51086
2019-11-05 17:30:00,364.6484
2019-11-05 17:45:00,123.93803
2019-11-05 18:00:00,96.233154
2019-11-05 18:15:00,8.013685
2019-11-05 18:30:00,11.8494
2019-11-05 18:45:00,5.4371443
2019-11-05 19:00:00,0.0
2019-11-05 19:15:00,0.0
2019-11-05 19:30:00,0.0
2019-11-05 19:45:00,0.0
2019-11-05 20:00:00,0.035439104
2019-11-05 20:15:00,0.0751656
2019-11-05 20:30:00,0.098797984
2019-11-05 20:45:00,0.11328311
2019-11-05 21:00:00,0.12244816
2019-11-05 21:15:00,0.12842569
2019-11-05 21:30:00,0.13243367
2019-11-05 21:45:00,0.13518715
2019-11-05 22:00:00,0.13711794
2019-11-05 22:15:00,0.1384933
2019-11-05 22:30:00,0.13948412
2019-11-05 22:45:00,0.1402
2019-11-05 23:00:00,0.14071389
2019-11-05 23:15:00,0.14107469
2019-11-05 23:30:00,0.23540461
2019-11-05 23:45:00,0.40144727
2019-11-06 00:00:00,0.4563652
2019-11-06 00:15:00,0.40143728
2019-11-06 00:30:00,0.23537491
2019-11-06 00:45:00,0.14107469
2019-11-06 01:00:00,0.14071389
2019-11-06 01:15:00,0.1402
2019-11-06 01:30:00,0.13948412
2019-11-06 01:45:00,0.1384933
2019-11-06 02:00:00,0.13711794
2019-11-06 02:15:00,0.13518715
2019-11-06 02:30:00,0.13243367
2019-11-06 02:45:00,0.12842569
2019-11-06 03:00:00,0.12244816
2019-11-06 03:15:00,0.11328311
2019-11-06 03:30:00,0.098797984
2019-11-06 03:45:00,0.0751656
2019-11-06 04:00:00,0.035439104
2019-11-06 04:15:00,0.0
2019-11-06 04:30:00,0.0
2019-11-06 04:45:00,0.0
2019-11-06 05:00:00,0.0
2019-11-06 05:15:00,5.4371443
2019-11-06 05:30:00,9.177975
2019-11-06 05:45:00,5.964107
2019-11-06 06:00:00,0.0
2019-11-06 06:15:00,3.5557804
2019-11-06 06:30:00,6.249977
2019-11-06 06:45:00,-0.50601506
2019-11-06 07:00:00,7.2931223
2019-11-06 07:15:00,9.928454
2019-11-06 07:30:00,11.881053
2019-11-06 07:45:00,43.713753
2019-11-06 08:00:00,48.787724
2019-11-06 08:15:00,105.4381
2019-11-06 08:30:00,141.23479
2019-11-06 08:45:00,236.60837
2019-11-06 09:00:00,268.4861
2019-11-06 09:15:00,392.37186
2019-11-06 09:30:00,410.5964
2019-11-06 09:45:00,670.6196
2019-11-06 10:00:00,674.9791
2019-11-06 10:15:00,1184.018
2019-11-06 10:30:00,1180.9923
2019-11-06 10:45:00,1640.8142
2019-11-06 11:00:00,1615.0245
2019-11-06 11:15:00,1603.3511
2019-11-06 11:30:00,1584.6167
2019-11-06 11:45:00,2130.722
2019-11-06 12:00:00,2129.9443
2019-11-06 12:15:00,2280.5723
2019-11-06 12:30:00,2281.6997
2019-11-06 12:45:00,2276.7495
2019-11-06 13:00:00,2277.9546
2019-11-06 13:15:00,2225.6094
2019-11-06 13:30:00,2222.2046
2019-11-06 13:45:00,2215.8704
2019-11-06 14:00:00,2199.708
2019-11-06 14:15:00,1966.4409
2019-11-06 14:30:00,1966.4319
2019-11-06 14:45:00,1773.0819
2019-11-06 15:00:00,1796.2672
2019-11-06 15:15:00,1694.8506
2019-11-06 15:30:00,1682.508
2019-11-06 15:45:00,1473.1965
2019-11-06 16:00:00,1386.661
2019-11-06 16:15:00,1059.0085
2019-11-06 16:30:00,986.8737
2019-11-06 16:45:00,644.6765
2019-11-06 17:00:00,605.6802
2019-11-06 17:15:00,376.71042
2019-11-06 17:30:00,349.867
2019-11-06 17:45:00,121.58069
2019-11-06 18:00:00,93.828186
2019-11-06 18:15:00,7.6229334
2019-11-06 18:30:00,11.3266735
2019-11-06 18:45:00,5.4371443
2019-11-06 19:00:00,0.0
2019-11-06 19:15:00,0.0
2019-11-06 19:30:00,0.0
2019-11-06 19:45:00,0.0
2019-11-06 20:00:00,0.035439104
2019-11-06 20:15:00,0.0751656
2019-11-06 20:30:00,0.098797984
2019-11-06 20:45:00,0.11328311
2019-11-06 21:00:00,0.12244816
2019-11-06 21:15:00,0.12842569
2019-11-06 21:30:00,0.13243367
2019-11-06 21:45:00,0.13518715
2019-11-06 22:00:00,0.13711794
2019-11-06 22:15:00,0.1384933
2019-11-06 22:30:00,0.13948412
2019-11-06 22:45:00,0.1402
2019-11-06 23:00:00,0.14071389
2019-11-06 23:15:00,0.14107469
2019-11-06 23:30:00,0.23540461
2019-11-06 23:45:00,0.40144727
2019-11-07 00:00:00,0.4563652
2019-11-07 00:15:00,0.40143728
2019-11-07 00:30:00,0.23537491
2019-11-07 00:45:00,0.14107469
2019-11-07 01:00:00,0.14071389
2019-11-07 01:15:00,0.1402
2019-11-07 01:30:00,0.13948412
2019-11-07 01:45:00,0.1384933
2019-11-07 02:00:00,0.13711794
2019-11-07 02:15:00,0.13518715
2019-11-07 02:30:00,0.13243367
2019-11-07 02:45:00,0.12842569
2019-11-07 03:00:00,0.12244816
2019-11-07 03:15:00,0.11328311
2019-11-07 03:30:00,0.098797984
2019-11-07 03:45:00,0.0751656
2019-11-07 04:00:00,0.035439104
2019-11-07 04:15:00,0.0
2019-11-07 04:30:00,0.0
2019-11-07 04:45:00,0.0
2019-11-07 05:00:00,0.0
2019-11-07 05:15:00,5.4371443
2019-11-07 05:30:00,9.177975
2019-11-07 05:45:00,5.964107
2019-11-07 06:00:00,0.0
2019-11-07 06:15:00,3.5557804
2019-11-07 06:30:00,6.249977
2019-11-07 06:45:00,-0.50601506
2019-11-07 07:00:00,7.2931223
2019-11-07 07:15:00,9.928454
2019-11-07 07:30:00,11.881053
2019-11-07 07:45:00,42.557346
2019-11-07 08:00:00,47.683624
2019-11-07 08:15:00,142.39066
2019-11-07 08:30:00,178.192
2019-11-07 08:45:00,394.18167
2019-11-07 09:00:00,458.6322
2019-11-07 09:15:00,729.7938
2019-11-07 09:30:00,781.0032
2019-11-07 09:45:00,1092.5083
2019-11-07 10:00:00,1131.7113
2019-11-07 10:15:00,1545.6882
2019-11-07 10:30:00,1541.8705
2019-11-07 10:45:00,1929.3787
2019-11-07 11:00:00,1921.6951
2019-11-07 11:15:00,2152.7908
2019-11-07 11:30:00,2150.0315
2019-11-07 11:45:00,2274.161
2019-11-07 12:00:00,2273.7644
2019-11-07 12:15:00,2304.2532
2019-11-07 12:30:00,2305.5852
2019-11-07 12:45:00,2283.2468
2019-11-07 13:00:00,2284.5078
2019-11-07 13:15:00,2229.976
2019-11-07 13:30:00,2226.393
2019-11-07 13:45:00,2239.993
2019-11-07 14:00:00,2229.5596
2019-11-07 14:15:00,2158.0808
2019-11-07 14:30:00,2151.1729
2019-11-07 14:45:00,2002.0575
2019-11-07 15:00:00,1946.0786
2019-11-07 15:15:00,1807.4807
2019-11-07 15:30:00,1685.9644
2019-11-07 15:45:00,1392.4347
2019-11-07 16:00:00,1358.2688
2019-11-07 16:15:00,1043.1587
2019-11-07 16:30:00,980.11304
2019-11-07 16:45:00,664.81384
2019-11-07 17:00:00,617.70514
2019-11-07 17:15:00,356.9347
2019-11-07 17:30:00,338.0981
2019-11-07 17:45:00,109.66458
2019-11-07 18:00:00,81.68741
2019-11-07 18:15:00,7.6229334
2019-11-07 18:30:00,11.3266735
2019-11-07 18:45:00,5.4371443
2019-11-07 19:00:00,0.0
2019-11-07 19:15:00,0.0
2019-11-07 19:30:00,0.0
2019-11-07 19:45:00,0.0
2019-11-07 20:00:00,0.035439104
2019-11-07 20:15:00,0.0751656
2019-11-07 20:30:00,0.098797984
2019-11-07 20:45:00,0.11328311
2019-11-07 21:00:00,0.12244816
2019-11-07 21:15:00,0.12842569
2019-11-07 21:30:00,0.13243367
2019-11-07 21:45:00,0.13518715
2019-11-07 22:00:00,0.13711794
2019-11-07 22:15:00,0.1384933
2019-11-07 22:30:00,0.13948412
2019-11-07 22:45:00,0.1402
2019-11-07 23:00:00,0.14071389
2019-11-07 23:15:00,0.14107469
2019-11-07 23:30:00,0.23540461
2019-11-07 23:45:00,0.40144727
2019-11-08 00:00:00,0.4563652
2019-11-08 00:15:00,0.40143728
2019-11-08 00:30:00,0.23537491
2019-11-08 00:45:00,0.14107469
2019-11-08 01:00:00,0.14071389
2019-11-08 01:15:00,0.1402
2019-11-08 01:30:00,0.13948412
2019-11-08 01:45:00,0.1384933
2019-11-08 02:00:00,0.13711794
2019-11-08 02:15:00,0.13518715
2019-11-08 02:30:00,0.13243367
2019-11-08 02:45:00,0.12842569
2019-11-08 03:00:00,0.12244816
2019-11-08 03:15:00,0.11328311
2019-11-08 03:30:00,0.098797984
2019-11-08 03:45:00,0.0751656
2019-11-08 04:00:00,0.035439104
2019-11-08 04:15:00,0.0
2019-11-08 04:30:00,0.0
2019-11-08 04:45:00,0.0
2019-11-08 05:00:00,0.0
2019-11-08 05:15:00,5.4371443
2019-11-08 05:30:00,9.177975
2019-11-08 05:45:00,5.964107
2019-11-08 06:00:00,0.0
2019-11-08 06:15:00,3.5557804
2019-11-08 06:30:00,6.249977
2019-11-08 06:45:00,-0.50601506
2019-11-08 07:00:00,7.2931223
2019-11-08 07:15:00,9.928454
2019-11-08 07:30:00,11.881053
2019-11-08 07:45:00,41.4073
2019-11-08 08:00:00,46.58536
2019-11-08 08:15:00,153.21184
2019-11-08 08:30:00,188.3037
2019-11-08 08:45:00,419.99292
2019-11-08 09:00:00,494.2898
2019-11-08 09:15:00,762.3465
2019-11-08 09:30:00,828.67786
2019-11-08 09:45:00,1121.8949
2019-11-08 10:00:00,1176.3369
2019-11-08 10:15:00,1610.5171
2019-11-08 10:30:00,1608.8934
2019-11-08 10:45:00,1972.6321
2019-11-08 11:00:00,1965.2166
2019-11-08 11:15:00,2160.8813
2019-11-08 11:30:00,2158.2864
2019-11-08 11:45:00,2259.1477
2019-11-08 12:00:00,2258.7607
2019-11-08 12:15:00,2308.6274
2019-11-08 12:30:00,2310.0112
2019-11-08 12:45:00,2289.776
2019-11-08 13:00:00,2291.111
2019-11-08 13:15:00,2277.393
2019-11-08 13:30:00,2272.4194
2019-11-08 13:45:00,2165.4722
2019-11-08 14:00:00,2151.087
2019-11-08 14:15:00,2010.523
2019-11-08 14:30:00,2002.5145
2019-11-08 14:45:00,1932.5193
2019-11-08 15:00:00,1912.7627
2019-11-08 15:15:00,1802.4573
2019-11-08 15:30:00,1691.2524
2019-11-08 15:45:00,1553.7986
2019-11-08 16:00:00,1368.6536
2019-11-08 16:15:00,1170.5076
2019-11-08 16:30:00,1004.94867
2019-11-08 16:45:00,715.672
2019-11-08 17:00:00,645.6864
2019-11-08 17:15:00,359.9152
2019-11-08 17:30:00,340.17407
2019-11-08 17:45:00,107.25642
2019-11-08 18:00:00,79.483345
2019-11-08 18:15:00,7.2227116
2019-11-08 18:30:00,10.798216
2019-11-08 18:45:00,5.4371443
2019-11-08 19:00:00,0.0
2019-11-08 19:15:00,0.0
2019-11-08 19:30:00,0.0
2019-11-08 19:45:00,0.0
2019-11-08 20:00:00,0.035439104
2019-11-08 20:15:00,0.0751656
2019-11-08 20:30:00,0.098797984
2019-11-08 20:45:00,0.11328311
2019-11-08 21:00:00,0.12244816
2019-11-08 21:15:00,0.12842569
2019-11-08 21:30:00,0.13243367
2019-11-08 21:45:00,0.13518715
2019-11-08 22:00:00,0.13711794
2019-11-08 22:15:00,0.1384933
2019-11-08 22:30:00,0.13948412
2019-11-08 22:45:00,0.1402
2019-11-08 23:00:00,0.14071389
2019-11-08 23:15:00,0.14107469
2019-11-08 23:30:00,0.23540461
2019-11-08 23:45:00,0.40144727
2019-11-09 00:00:00,0.4563652
2019-11-09 00:15:00,0.40143728
2019-11-09 00:30:00,0.23537491
2019-11-09 00:45:00,0.14107469
2019-11-09 01:00:00,0.14071389
2019-11-09 01:15:00,0.1402
2019-11-09 01:30:00,0.13948412
2019-11-09 01:45:00,0.1384933
2019-11-09 02:00:00,0.13711794
2019-11-09 02:15:00,0.13518715
2019-11-09 02:30:00,0.13243367
2019-11-09 02:45:00,0.12842569
2019-11-09 03:00:00,0.12244816
2019-11-09 03:15:00,0.11328311
2019-11-09 03:30:00,0.098797984
2019-11-09 03:45:00,0.0751656
2019-11-09 04:00:00,0.035439104
2019-11-09 04:15:00,0.0
2019-11-09 04:30:00,0.0
2019-11-09 04:45:00,0.0
2019-11-09 05:00:00,0.0
2019-11-09 05:15:00,5.4371443
2019-11-09 05:30:00,9.177975
2019-11-09 05:45:00,5.964107
2019-11-09 06:00:00,0.0
2019-11-09 06:15:00,3.5557804
2019-11-09 06:30:00,6.249977
2019-11-09 06:45:00,-0.50601506
2019-11-09 07:00:00,7.2931223
2019-11-09 07:15:00,9.928454
2019-11-09 07:30:00,11.881053
2019-11-09 07:45:00,37.994976
2019-11-09 08:00:00,43.32568
2019-11-09 08:15:00,131.94984
2019-11-09 08:30:00,168.12697
2019-11-09 08:45:00,361.9116
2019-11-09 09:00:00,417.1096
2019-11-09 09:15:00,628.19446
2019-11-09 09:30:00,657.91327
2019-11-09 09:45:00,991.55194
2019-11-09 10:00:00,1008.2461
2019-11-09 10:15:00,1198.0006
2019-11-09 10:30:00,1195.1766
2019-11-09 10:45:00,1273.6174
2019-11-09 11:00:00,1265.1543
2019-11-09 11:15:00,1713.4519
2019-11-09 11:30:00,1694.8555
2019-11-09 11:45:00,2192.934
2019-11-09 12:00:00,2192.4155
2019-11-09 12:15:00,2313.034
2019-11-09 12:30:00,2314.4753
2019-11-09 12:45:00,2300.7698
2019-11-09 13:00:00,2302.2732
2019-11-09 13:15:00,2249.4072
2019-11-09 13:30:00,2245.0723
2019-11-09 13:45:00,2192.3203
2019-11-09 14:00:00,2175.4595
2019-11-09 14:15:00,2067.9194
2019-11-09 14:30:00,2051.0518
2019-11-09 14:45:00,1902.5221
2019-11-09 15:00:00,1893.5513
2019-11-09 15:15:00,1591.4216
2019-11-09 15:30:00,1614.7112
2019-11-09 15:45:00,1108.9835
2019-11-09 16:00:00,1196.8604
2019-11-09 16:15:00,978.82306
2019-11-09 16:30:00,948.3118
2019-11-09 16:45:00,664.81384
2019-11-09 17:00:00,617.70514
2019-11-09 17:15:00,347.87015
2019-11-09 17:30:00,331.60223
2019-11-09 17:45:00,97.545105
2019-11-09 18:00:00,71.75194
2019-11-09 18:15:00,7.2227116
2019-11-09 18:30:00,10.798216
2019-11-09 18:45:00,5.4371443
2019-11-09 19:00:00,0.0
2019-11-09 19:15:00,0.0
2019-11-09 19:30:00,0.0
2019-11-09 19:45:00,0.0
2019-11-09 20:00:00,0.035439104
2019-11-09 20:15:00,0.0751656
2019-11-09 20:30:00,0.098797984
2019-11-09 20:45:00,0.11328311
2019-11-09 21:00:00,0.12244816
2019-11-09 21:15:00,0.12842569
2019-11-09 21:30:00,0.13243367
2019-11-09 21:45:00,0.13518715
2019-11-09 22:00:00,0.13711794
2019-11-09 22:15:00,0.1384933
2019-11-09 22:30:00,0.13948412
2019-11-09 22:45:00,0.1402
2019-11-09 23:00:00,0.14071389
2019-11-09 23:15:00,0.14107469
2019-11-09 23:30:00,0.23540461
2019-11-09 23:45:00,0.40144727
2019-11-10 00:00:00,0.4563652
2019-11-10 00:15:00,0.40143728
2019-11-10 00:30:00,0.23537491
2019-11-10 00:45:00,0.14107469
2019-11-10 01:00:00,0.14071389
2019-11-10 01:15:00,0.1402
2019-11-10 01:30:00,0.13948412
2019-11-10 01:45:00,0.1384933
2019-11-10 02:00:00,0.13711794
2019-11-10 02:15:00,0.13518715
2019-11-10 02:30:00,0.13243367
2019-11-10 02:45:00,0.12842569
2019-11-10 03:00:00,0.12244816
2019-11-10 03:15:00,0.11328311
2019-11-10 03:30:00,0.098797984
2019-11-10 03:45:00,0.0751656
2019-11-10 04:00:00,0.035439104
2019-11-10 04:15:00,0.0
2019-11-10 04:30:00,0.0
2019-11-10 04:45:00,0.0
2019-11-10 05:00:00,0.0
2019-11-10 05:15:00,5.4371443
2019-11-10 05:30:00,9.177975
2019-11-10 05:45:00,5.964107
2019-11-10 06:00:00,0.0
2019-11-10 06:15:00,3.5557804
2019-11-10 06:30:00,6.249977
2019-11-10 06:45:00,-0.50601506
2019-11-10 07:00:00,7.2931223
2019-11-10 07:15:00,9.928454
2019-11-10 07:30:00,11.881053
2019-11-10 07:45:00,36.870014
2019-11-10 08:00:00,42.250763
2019-11-10 08:15:00,101.485504
2019-11-10 08:30:00,137.06442
2019-11-10 08:45:00,277.81644
2019-11-10 09:00:00,318.19894
2019-11-10 09:15:00,484.92242
2019-11-10 09:30:00,505.18726
2019-11-10 09:45:00,837.3915
2019-11-10 10:00:00,843.8861
2019-11-10 10:15:00,1300.5516
2019-11-10 10:30:00,1302.5533
2019-11-10 10:45:00,1859.5493
2019-11-10 11:00:00,1850.5823
2019-11-10 11:15:00,2090.0583
2019-11-10 11:30:00,2086.0154
2019-11-10 11:45:00,2202.6934
2019-11-10 12:00:00,2202.2075
2019-11-10 12:15:00,2263.4512
2019-11-10 12:30:00,2264.5186
2019-11-10 12:45:00,2255.142
2019-11-10 13:00:00,2256.278
2019-11-10 13:15:00,2240.8047
2019-11-10 13:30:00,2236.7905
2019-11-10 13:45:00,2167.612
2019-11-10 14:00:00,2152.978
2019-11-10 14:15:00,2093.9243
2019-11-10 14:30:00,2075.477
2019-11-10 14:45:00,1997.3025
2019-11-10 15:00:00,1942.7659
2019-11-10 15:15:00,1790.9702
2019-11-10 15:30:00,1700.3381
2019-11-10 15:45:00,1552.3523
2019-11-10 16:00:00,1370.035
2019-11-10 16:15:00,1176.4824
2019-11-10 16:30:00,1004.10834
2019-11-10 16:45:00,719.0015
2019-11-10 17:00:00,647.3741
2019-11-10 17:15:00,370.0074
2019-11-10 17:30:00,346.1273
2019-11-10 17:45:00,99.98447
2019-11-10 18:00:00,73.698074
2019-11-10 18:15:00,6.8128977
2019-11-10 18:30:00,10.263989
2019-11-10 18:45:00,5.4371443
2019-11-10 19:00:00,0.0
2019-11-10 19:15:00,0.0
2019-11-10 19:30:00,0.0
2019-11-10 19:45:00,0.0
2019-11-10 20:00:00,0.035439104
2019-11-10 20:15:00,0.0751656
2019-11-10 20:30:00,0.098797984
2019-11-10 20:45:00,0.11328311
2019-11-10 21:00:00,0.12244816
2019-11-10 21:15:00,0.12842569
2019-11-10 21:30:00,0.13243367
2019-11-10 21:45:00,0.13518715
2019-11-10 22:00:00,0.13711794
2019-11-10 22:15:00,0.1384933
2019-11-10 22:30:00,0.13948412
2019-11-10 22:45:00,0.1402
2019-11-10 23:00:00,0.14071389
2019-11-10 23:15:00,0.14107469
2019-11-10 23:30:00,0.23540461
2019-11-10 23:45:00,0.40144727
2019-11-11 00:00:00,0.4563652
2019-11-11 00:15:00,0.40143728
2019-11-11 00:30:00,0.23537491
2019-11-11 00:45:00,0.14107469
2019-11-11 01:00:00,0.14071389
2019-11-11 01:15:00,0.1402
2019-11-11 01:30:00,0.13948412
2019-11-11 01:45:00,0.1384933
2019-11-11 02:00:00,0.13711794
2019-11-11 02:15:00,0.13518715
2019-11-11 02:30:00,0.13243367
2019-11-11 02:45:00,0.12842569
2019-11-11 03:00:00,0.12244816
2019-11-11 03:15:00,0.11328311
2019-11-11 03:30:00,0.098797984
2019-11-11 03:45:00,0.0751656
2019-11-11 04:00:00,0.035439104
2019-11-11 04:15:00,0.0
2019-11-11 04:30:00,0.0
2019-11-11 04:45:00,0.0
2019-11-11 05:00:00,0.0
2019-11-11 05:15:00,5.4371443
2019-11-11 05:30:00,9.177975
2019-11-11 05:45:00,5.964107
2019-11-11 06:00:00,0.0
2019-11-11 06:15:00,3.5557804
2019-11-11 06:30:00,6.249977
2019-11-11 06:45:00,-0.50601506
2019-11-11 07:00:00,7.2931223
2019-11-11 07:15:00,9.928454
2019-11-11 07:30:00,11.881053
2019-11-11 07:45:00,36.870014
2019-11-11 08:00:00,42.250763
2019-11-11 08:15:00,137.87004
2019-11-11 08:30:00,173.871
2019-11-11 08:45:00,399.92825
2019-11-11 09:00:00,466.35858
2019-11-11 09:15:00,764.1525
2019-11-11 09:30:00,831.5584
2019-11-11 09:45:00,1119.9661
2019-11-11 10:00:00,1173.2322
2019-11-11 10:15:00,1575.0397
2019-11-11 10:30:00,1572.8306
2019-11-11 10:45:00,1938.2585
2019-11-11 11:00:00,1930.6279
2019-11-11 11:15:00,2136.0015
2019-11-11 11:30:00,2132.8918
2019-11-11 11:45:00,2237.2942
2019-11-11 12:00:00,2236.892
2019-11-11 12:15:00,2295.5833
2019-11-11 12:30:00,2296.8264
2019-11-11 12:45:00,2323.461
2019-11-11 13:00:00,2325.5312
2019-11-11 13:15:00,2308.8787
2019-11-11 13:30:00,2305.435
2019-11-11 13:45:00,2244.281
2019-11-11 14:00:00,2235.2844
2019-11-11 14:15:00,2135.961
2019-11-11 14:30:00,2123.6836
2019-11-11 14:45:00,1997.3025
2019-11-11 15:00:00,1942.7659
2019-11-11 15:15:00,1809.0405
2019-11-11 15:30:00,1684.1587
2019-11-11 15:45:00,1561.391
2019-11-11 16:00:00,1357.3824
2019-11-11 16:15:00,1198.8616
2019-11-11 16:30:00,1000.7788
2019-11-11 16:45:00,731.9142
2019-11-11 17:00:00,653.7885
2019-11-11 17:15:00,363.20016
2019-11-11 17:30:00,342.20444
2019-11-11 17:45:00,97.545105
2019-11-11 18:00:00,71.75194
2019-11-11 18:15:00,6.8128977
2019-11-11 18:30:00,10.263989
2019-11-11 18:45:00,5.4371443
2019-11-11 19:00:00,0.0
2019-11-11 19:15:00,0.0
2019-11-11 19:30:00,0.0
2019-11-11 19:45:00,0.0
2019-11-11 20:00:00,0.035439104
2019-11-11 20:15:00,0.0751656
2019-11-11 20:30:00,0.098797984
2019-11-11 20:45:00,0.11328311
2019-11-11 21:00:00,0.12244816
2019-11-11 21:15:00,0.12842569
2019-11-11 21:30:00,0.13243367
2019-11-11 21:45:00,0.13518715
2019-11-11 22:00:00,0.13711794
2019-11-11 22:15:00,0.1384933
2019-11-11 22:30:00,0.13948412
2019-11-11 22:45:00,0.1402
2019-11-11 23:00:00,0.14071389
2019-11-11 23:15:00,0.14107469
2019-11-11 23:30:00,0.23540461
2019-11-11 23:45:00,0.40144727
2019-11-12 00:00:00,0.4563652
2019-11-12 00:15:00,0.40143728
2019-11-12 00:30:00,0.23537491
2019-11-12 00:45:00,0.14107469
2019-11-12 01:00:00,0.14071389
2019-11-12 01:15:00,0.1402
2019-11-12 01:30:00,0.13948412
2019-11-12 01:45:00,0.1384933
2019-11-12 02:00:00,0.13711794
2019-11-12 02:15:00,0.13518715
2019-11-12 02:30:00,0.13243367
2019-11-12 02:45:00,0.12842569
2019-11-12 03:00:00,0.12244816
2019-11-12 03:15:00,0.11328311
2019-11-12 03:30:00,0.098797984
2019-11-12 03:45:00,0.0751656
2019-11-12 04:00:00,0.035439104
2019-11-12 04:15:00,0.0
2019-11-12 04:30:00,0.0
2019-11-12 04:45:00,0.0
2019-11-12 05:00:00,0.0
2019-11-12 05:15:00,5.4371443
2019-11-12 05:30:00,9.177975
2019-11-12 05:45:00,5.964107
2019-11-12 06:00:00,0.0
2019-11-12 06:15:00,3.5557804
2019-11-12 06:30:00,6.249977
2019-11-12 06:45:00,-0.50601506
2019-11-12 07:00:00,7.2931223
2019-11-12 07:15:00,9.928454
2019-11-12 07:30:00,11.881053
2019-11-12 07:45:00,34.638786
2019-11-12 08:00:00,40.11787
2019-11-12 08:15:00,126.150085
2019-11-12 08:30:00,162.40625
2019-11-12 08:45:00,370.20013
2019-11-12 09:00:00,427.5074
2019-11-12 09:15:00,693.65985
2019-11-12 09:30:00,734.3359
2019-11-12 09:45:00,1065.523
2019-11-12 10:00:00,1095.5214
2019-11-12 10:15:00,1451.2737
2019-11-12 10:30:00,1438.8628
2019-11-12 10:45:00,1825.1226
2019-11-12 11:00:00,1814.4187
2019-11-12 11:15:00,2041.5386
2019-11-12 11:30:00,2036.5879
2019-11-12 11:45:00,2172.5637
2019-11-12 12:00:00,2171.9668
2019-11-12 12:15:00,2127.7417
2019-11-12 12:30:00,2129.9497
2019-11-12 12:45:00,2130.2134
2019-11-12 13:00:00,2133.7275
2019-11-12 13:15:00,2070.2588
2019-11-12 13:30:00,2074.5803
2019-11-12 13:45:00,1923.2058
2019-11-12 14:00:00,1936.6072
2019-11-12 14:15:00,1844.1619
2019-11-12 14:30:00,1867.2743
2019-11-12 14:45:00,1747.4836
2019-11-12 15:00:00,1776.6313
2019-11-12 15:15:00,1570.3352
2019-11-12 15:30:00,1599.9736
2019-11-12 15:45:00,1284.3999
2019-11-12 16:00:00,1300.9086
2019-11-12 16:15:00,813.5017
2019-11-12 16:30:00,855.3218
2019-11-12 16:45:00,582.6488
2019-11-12 17:00:00,563.8837
2019-11-12 17:15:00,316.42404
2019-11-12 17:30:00,307.3151
2019-11-12 17:45:00,92.643684
2019-11-12 18:00:00,67.832436
2019-11-12 18:15:00,6.8128977
2019-11-12 18:30:00,10.263989
2019-11-12 18:45:00,5.4371443
2019-11-12 19:00:00,0.0
2019-11-12 19:15:00,0.0
2019-11-12 19:30:00,0.0
2019-11-12 19:45:00,0.0
2019-11-12 20:00:00,0.035439104
2019-11-12 20:15:00,0.0751656
2019-11-12 20:30:00,0.098797984
2019-11-12 20:45:00,0.11328311
2019-11-12 21:00:00,0.12244816
2019-11-12 21:15:00,0.12842569
2019-11-12 21:30:00,0.13243367
2019-11-12 21:45:00,0.13518715
2019-11-12 22:00:00,0.13711794
2019-11-12 22:15:00,0.1384933
2019-11-12 22:30:00,0.13948412
2019-11-12 22:45:00,0.1402
2019-11-12 23:00:00,0.14071389
2019-11-12 23:15:00,0.14107469
2019-11-12 23:30:00,0.23540461
2019-11-12 23:45:00,0.40144727
2019-11-13 00:00:00,0.4563652
2019-11-13 00:15:00,0.40143728
2019-11-13 00:30:00,0.23537491
2019-11-13 00:45:00,0.14107469
2019-11-13 01:00:00,0.14071389
2019-11-13 01:15:00,0.1402
2019-11-13 01:30:00,0.13948412
2019-11-13 01:45:00,0.1384933
2019-11-13 02:00:00,0.13711794
2019-11-13 02:15:00,0.13518715
2019-11-13 02:30:00,0.13243367
2019-11-13 02:45:00,0.12842569
2019-11-13 03:00:00,0.12244816
2019-11-13 03:15:00,0.11328311
2019-11-13 03:30:00,0.098797984
2019-11-13 03:45:00,0.0751656
2019-11-13 04:00:00,0.035439104
2019-11-13 04:15:00,0.0
2019-11-13 04:30:00,0.0
2019-11-13 04:45:00,0.0
2019-11-13 05:00:00,0.0
2019-11-13 05:15:00,5.4371443
2019-11-13 05:30:00,9.177975
2019-11-13 05:45:00,5.964107
2019-11-13 06:00:00,0.0
2019-11-13 06:15:00,3.5557804
2019-11-13 06:30:00,6.249977
2019-11-13 06:45:00,-0.50601506
2019-11-13 07:00:00,7.2931223
2019-11-13 07:15:00,9.928454
2019-11-13 07:30:00,11.881053
2019-11-13 07:45:00,30.249407
2019-11-13 08:00:00,35.91959
2019-11-13 08:15:00,110.80507
2019-11-13 08:30:00,146.83101
2019-11-13 08:45:00,314.78183
2019-11-13 09:00:00,360.50668
2019-11-13 09:15:00,555.25653
2019-11-13 09:30:00,578.69745
2019-11-13 09:45:00,906.51776
2019-11-13 10:00:00,916.0806
2019-11-13 10:15:00,1427.1006
2019-11-13 10:30:00,1412.6934
2019-11-13 10:45:00,1718.6085
2019-11-13 11:00:00,1698.4731
2019-11-13 11:15:00,1858.6702
2019-11-13 11:30:00,1846.1377
2019-11-13 11:45:00,2055.3284
2019-11-13 12:00:00,2054.1965
2019-11-13 12:15:00,2205.0923
2019-11-13 12:30:00,2206.4028
2019-11-13 12:45:00,2189.005
2019-11-13 13:00:00,2190.9702
2019-11-13 13:15:00,2125.4587
2019-11-13 13:30:00,2126.7888
2019-11-13 13:45:00,2169.7383
2019-11-13 14:00:00,2154.8616
2019-11-13 14:15:00,1978.9077
2019-11-13 14:30:00,1976.6045
2019-11-13 14:45:00,1849.6919
2019-11-13 15:00:00,1854.8408
2019-11-13 15:15:00,1629.9834
2019-11-13 15:30:00,1641.2205
2019-11-13 15:45:00,1438.331
2019-11-13 16:00:00,1377.3049
2019-11-13 16:15:00,1009.2976
2019-11-13 16:30:00,964.024
2019-11-13 16:45:00,570.7543
2019-11-13 17:00:00,554.6044
2019-11-13 17:15:00,233.78859
2019-11-13 17:30:00,240.94695
2019-11-13 17:45:00,77.76538
2019-11-13 18:00:00,55.863068
2019-11-13 18:15:00,6.3934045
2019-11-13 18:30:00,9.723947
2019-11-13 18:45:00,5.4371443
2019-11-13 19:00:00,0.0
2019-11-13 19:15:00,0.0
2019-11-13 19:30:00,0.0
2019-11-13 19:45:00,0.0
2019-11-13 20:00:00,0.035439104
2019-11-13 20:15:00,0.0751656
2019-11-13 20:30:00,0.098797984
2019-11-13 20:45:00,0.11328311
2019-11-13 21:00:00,0.12244816
2019-11-13 21:15:00,0.12842569
2019-11-13 21:30:00,0.13243367
2019-11-13 21:45:00,0.13518715
2019-11-13 22:00:00,0.13711794
2019-11-13 22:15:00,0.1384933
2019-11-13 22:30:00,0.13948412
2019-11-13 22:45:00,0.1402
2019-11-13 23:00:00,0.14071389
2019-11-13 23:15:00,0.14107469
2019-11-13 23:30:00,0.23540461
2019-11-13 23:45:00,0.40144727
2019-11-14 00:00:00,0.4563652
2019-11-14 00:15:00,0.40143728
2019-11-14 00:30:00,0.23537491
2019-11-14 00:45:00,0.14107469
2019-11-14 01:00:00,0.14071389
2019-11-14 01:15:00,0.1402
2019-11-14 01:30:00,0.13948412
2019-11-14 01:45:00,0.1384933
2019-11-14 02:00:00,0.13711794
2019-11-14 02:15:00,0.13518715
2019-11-14 02:30:00,0.13243367
2019-11-14 02:45:00,0.12842569
2019-11-14 03:00:00,0.12244816
2019-11-14 03:15:00,0.11328311
2019-11-14 03:30:00,0.098797984
2019-11-14 03:45:00,0.0751656
2019-11-14 04:00:00,0.035439104
2019-11-14 04:15:00,0.0
2019-11-14 04:30:00,0.0
2019-11-14 04:45:00,0.0
2019-11-14 05:00:00,0.0
2019-11-14 05:15:00,5.4371443
2019-11-14 05:30:00,9.177975
2019-11-14 05:45:00,5.964107
2019-11-14 06:00:00,0.0
2019-11-14 06:15:00,3.5557804
2019-11-14 06:30:00,6.249977
2019-11-14 06:45:00,-0.50601506
2019-11-14 07:00:00,7.2931223
2019-11-14 07:15:00,9.928454
2019-11-14 07:30:00,11.881053
2019-11-14 07:45:00,29.166948
2019-11-14 08:00:00,34.8839
2019-11-14 08:15:00,101.485504
2019-11-14 08:30:00,137.06442
2019-11-14 08:45:00,310.42966
2019-11-14 09:00:00,355.44846
2019-11-14 09:15:00,622.46686
2019-11-14 09:30:00,651.5258
2019-11-14 09:45:00,857.31464
2019-11-14 10:00:00,864.51544
2019-11-14 10:15:00,1131.6202
2019-11-14 10:30:00,1128.0956
2019-11-14 10:45:00,1295.2148
2019-11-14 11:00:00,1286.4905
2019-11-14 11:15:00,1524.9373
2019-11-14 11:30:00,1507.4272
2019-11-14 11:45:00,1715.0364
2019-11-14 12:00:00,1711.0269
2019-11-14 12:15:00,1789.8206
2019-11-14 12:30:00,1800.3716
2019-11-14 12:45:00,1962.2146
2019-11-14 13:00:00,1969.4131
2019-11-14 13:15:00,1964.2163
2019-11-14 13:30:00,1972.718
2019-11-14 13:45:00,1918.6965
2019-11-14 14:00:00,1932.5603
2019-11-14 14:15:00,1677.3589
2019-11-14 14:30:00,1730.8907
2019-11-14 14:45:00,1747.4836
2019-11-14 15:00:00,1776.6313
2019-11-14 15:15:00,1784.5604
2019-11-14 15:30:00,1703.7078
2019-11-14 15:45:00,1423.8405
2019-11-14 16:00:00,1371.923
2019-11-14 16:15:00,932.6159
2019-11-14 16:30:00,923.3181
2019-11-14 16:45:00,614.62787
2019-11-14 17:00:00,587.1793
2019-11-14 17:15:00,293.40598
2019-11-14 17:30:00,288.32632
2019-11-14 17:45:00,58.8059
2019-11-14 18:00:00,39.471474
2019-11-14 18:15:00,6.3934045
2019-11-14 18:30:00,9.723947
2019-11-14 18:45:00,5.4371443
2019-11-14 19:00:00,0.0
2019-11-14 19:15:00,0.0
2019-11-14 19:30:00,0.0
2019-11-14 19:45:00,0.0
2019-11-14 20:00:00,0.035439104
2019-11-14 20:15:00,0.0751656
2019-11-14 20:30:00,0.098797984
2019-11-14 20:45:00,0.11328311
2019-11-14 21:00:00,0.12244816
2019-11-14 21:15:00,0.12842569
2019-11-14 21:30:00,0.13243367
2019-11-14 21:45:00,0.13518715
2019-11-14 22:00:00,0.13711794
2019-11-14 22:15:00,0.1384933
2019-11-14 22:30:00,0.13948412
2019-11-14 22:45:00,0.1402
2019-11-14 23:00:00,0.14071389
2019-11-14 23:15:00,0.14107469
2019-11-14 23:30:00,0.23540461
2019-11-14 23:45:00,0.40144727
2019-11-15 00:00:00,0.4563652
2019-11-15 00:15:00,0.40143728
2019-11-15 00:30:00,0.23537491
2019-11-15 00:45:00,0.14107469
2019-11-15 01:00:00,0.14071389
2019-11-15 01:15:00,0.1402
2019-11-15 01:30:00,0.13948412
2019-11-15 01:45:00,0.1384933
2019-11-15 02:00:00,0.13711794
2019-11-15 02:15:00,0.13518715
2019-11-15 02:30:00,0.13243367
2019-11-15 02:45:00,0.12842569
2019-11-15 03:00:00,0.12244816
2019-11-15 03:15:00,0.11328311
2019-11-15 03:30:00,0.098797984
2019-11-15 03:45:00,0.0751656
2019-11-15 04:00:00,0.035439104
2019-11-15 04:15:00,0.0
2019-11-15 04:30:00,0.0
2019-11-15 04:45:00,0.0
2019-11-15 05:00:00,0.0
2019-11-15 05:15:00,5.4371443
2019-11-15 05:30:00,9.177975
2019-11-15 05:45:00,5.964107
2019-11-15 06:00:00,0.0
2019-11-15 06:15:00,3.5557804
2019-11-15 06:30:00,6.249977
2019-11-15 06:45:00,-0.50601506
2019-11-15 07:00:00,7.2931223
2019-11-15 07:15:00,9.928454
2019-11-15 07:30:00,11.881053
2019-11-15 07:45:00,29.166948
2019-11-15 08:00:00,34.8839
2019-11-15 08:15:00,79.01891
2019-11-15 08:30:00,112.58661
2019-11-15 08:45:00,192.7665
2019-11-15 09:00:00,215.73863
2019-11-15 09:15:00,376.3313
2019-11-15 09:30:00,394.3426
2019-11-15 09:45:00,513.17224
2019-11-15 10:00:00,518.9282
2019-11-15 10:15:00,671.99084
2019-11-15 10:30:00,670.3447
2019-11-15 10:45:00,738.1698
2019-11-15 11:00:00,734.6428
2019-11-15 11:15:00,970.80383
2019-11-15 11:30:00,966.76215
2019-11-15 11:45:00,1155.538
2019-11-15 12:00:00,1154.4777
2019-11-15 12:15:00,1265.8136
2019-11-15 12:30:00,1269.421
2019-11-15 12:45:00,1275.2487
2019-11-15 13:00:00,1282.9272
2019-11-15 13:15:00,1363.9851
2019-11-15 13:30:00,1373.5234
2019-11-15 13:45:00,1270.6296
2019-11-15 14:00:00,1243.6124
2019-11-15 14:15:00,1116.043
2019-11-15 14:30:00,1038.2444
2019-11-15 14:45:00,824.65173
2019-11-15 15:00:00,803.3302
2019-11-15 15:15:00,704.5163
2019-11-15 15:30:00,772.7451
2019-11-15 15:45:00,693.6565
2019-11-15 16:00:00,800.0977
2019-11-15 16:15:00,533.60455
2019-11-15 16:30:00,602.23334
2019-11-15 16:45:00,471.87756
2019-11-15 17:00:00,474.135
2019-11-15 17:15:00,227.96867
2019-11-15 17:30:00,235.4912
2019-11-15 17:45:00,65.151985
2019-11-15 18:00:00,45.66943
2019-11-15 18:15:00,6.3934045
2019-11-15 18:30:00,9.723947
2019-11-15 18:45:00,5.4371443
2019-11-15 19:00:00,0.0
2019-11-15 19:15:00,0.0
2019-11-15 19:30:00,0.0
2019-11-15 19:45:00,0.0
2019-11-15 20:00:00,0.035439104
2019-11-15 20:15:00,0.0751656
2019-11-15 20:30:00,0.098797984
2019-11-15 20:45:00,0.11328311
2019-11-15 21:00:00,0.12244816
2019-11-15 21:15:00,0.12842569
2019-11-15 21:30:00,0.13243367
2019-11-15 21:45:00,0.13518715
2019-11-15 22:00:00,0.13711794
2019-11-15 22:15:00,0.1384933
2019-11-15 22:30:00,0.13948412
2019-11-15 22:45:00,0.1402
2019-11-15 23:00:00,0.14071389
2019-11-15 23:15:00,0.14107469
2019-11-15 23:30:00,0.23540461
2019-11-15 23:45:00,0.40144727
2019-11-16 00:00:00,0.4563652
2019-11-16 00:15:00,0.40143728
2019-11-16 00:30:00,0.23537491
2019-11-16 00:45:00,0.14107469
2019-11-16 01:00:00,0.14071389
2019-11-16 01:15:00,0.1402
2019-11-16 01:30:00,0.13948412
2019-11-16 01:45:00,0.1384933
2019-11-16 02:00:00,0.13711794
2019-11-16 02:15:00,0.13518715
2019-11-16 02:30:00,0.13243367
2019-11-16 02:45:00,0.12842569
2019-11-16 03:00:00,0.12244816
2019-11-16 03:15:00,0.11328311
2019-11-16 03:30:00,0.098797984
2019-11-16 03:45:00,0.0751656
2019-11-16 04:00:00,0.035439104
2019-11-16 04:15:00,0.0
2019-11-16 04:30:00,0.0
2019-11-16 04:45:00,0.0
2019-11-16 05:00:00,0.0
2019-11-16 05:15:00,5.4371443
2019-11-16 05:30:00,9.177975
2019-11-16 05:45:00,5.964107
2019-11-16 06:00:00,0.0
2019-11-16 06:15:00,3.5557804
2019-11-16 06:30:00,6.249977
2019-11-16 06:45:00,-0.50601506
2019-11-16 07:00:00,7.2931223
2019-11-16 07:15:00,9.928454
2019-11-16 07:30:00,11.881053
2019-11-16 07:45:00,27.02026
2019-11-16 08:00:00,32.82898
2019-11-16 08:15:00,79.01891
2019-11-16 08:30:00,112.58661
2019-11-16 08:45:00,210.33778
2019-11-16 09:00:00,234.2332
2019-11-16 09:15:00,371.0455
2019-11-16 09:30:00,388.99335
2019-11-16 09:45:00,664.0539
2019-11-16 10:00:00,668.42816
2019-11-16 10:15:00,947.1538
2019-11-16 10:30:00,942.91327
2019-11-16 10:45:00,1230.724
2019-11-16 11:00:00,1222.7739
2019-11-16 11:15:00,1732.2704
2019-11-16 11:30:00,1714.0463
2019-11-16 11:45:00,1870.2266
2019-11-16 12:00:00,1867.2452
2019-11-16 12:15:00,2017.6727
2019-11-16 12:30:00,2021.3921
2019-11-16 12:45:00,2171.3745
2019-11-16 13:00:00,2173.7607
2019-11-16 13:15:00,2187.1191
2019-11-16 13:30:00,2185.378
2019-11-16 13:45:00,2150.0718
2019-11-16 14:00:00,2137.556
2019-11-16 14:15:00,2015.8782
2019-11-16 14:30:00,2006.929
2019-11-16 14:45:00,1915.4833
2019-11-16 15:00:00,1902.2715
2019-11-16 15:15:00,1746.477
2019-11-16 15:30:00,1705.4478
2019-11-16 15:45:00,1526.9658
2019-11-16 16:00:00,1384.4124
2019-11-16 16:15:00,1139.5685
2019-11-16 16:30:00,1006.6145
2019-11-16 16:45:00,694.8499
2019-11-16 17:00:00,634.72754
2019-11-16 17:15:00,338.62836
2019-11-16 17:30:00,324.71994
2019-11-16 17:45:00,80.26375
2019-11-16 18:00:00,57.87901
2019-11-16 18:15:00,5.964107
2019-11-16 18:30:00,9.177975
2019-11-16 18:45:00,5.4371443
2019-11-16 19:00:00,0.0
2019-11-16 19:15:00,0.0
2019-11-16 19:30:00,0.0
2019-11-16 19:45:00,0.0
2019-11-16 20:00:00,0.035439104
2019-11-16 20:15:00,0.0751656
2019-11-16 20:30:00,0.098797984
2019-11-16 20:45:00,0.11328311
2019-11-16 21:00:00,0.12244816
2019-11-16 21:15:00,0.12842569
2019-11-16 21:30:00,0.13243367
2019-11-16 21:45:00,0.13518715
2019-11-16 22:00:00,0.13711794
2019-11-16 22:15:00,0.1384933
2019-11-16 22:30:00,0.13948412
2019-11-16 22:45:00,0.1402
2019-11-16 23:00:00,0.14071389
2019-11-16 23:15:00,0.14107469
2019-11-16 23:30:00,0.23540461
2019-11-16 23:45:00,0.40144727
2019-11-17 00:00:00,0.4563652
2019-11-17 00:15:00,0.40143728
2019-11-17 00:30:00,0.23537491
2019-11-17 00:45:00,0.14107469
2019-11-17 01:00:00,0.14071389
2019-11-17 01:15:00,0.1402
2019-11-17 01:30:00,0.13948412
2019-11-17 01:45:00,0.1384933
2019-11-17 02:00:00,0.13711794
2019-11-17 02:15:00,0.13518715
2019-11-17 02:30:00,0.13243367
2019-11-17 02:45:00,0.12842569
2019-11-17 03:00:00,0.12244816
2019-11-17 03:15:00,0.11328311
2019-11-17 03:30:00,0.098797984
2019-11-17 03:45:00,0.0751656
2019-11-17 04:00:00,0.035439104
2019-11-17 04:15:00,0.0
2019-11-17 04:30:00,0.0
2019-11-17 04:45:00,0.0
2019-11-17 05:00:00,0.0
2019-11-17 05:15:00,5.4371443
2019-11-17 05:30:00,9.177975
2019-11-17 05:45:00,5.964107
2019-11-17 06:00:00,0.0
2019-11-17 06:15:00,3.5557804
2019-11-17 06:30:00,6.249977
2019-11-17 06:45:00,-0.50601506
2019-11-17 07:00:00,7.2931223
2019-11-17 07:15:00,9.928454
2019-11-17 07:30:00,11.881053
2019-11-17 07:45:00,29.166948
2019-11-17 08:00:00,34.8839
2019-11-17 08:15:00,120.46879
2019-11-17 08:30:00,156.7136
2019-11-17 08:45:00,372.2519
2019-11-17 09:00:00,430.1076
2019-11-17 09:15:00,740.69324
2019-11-17 09:30:00,796.1881
2019-11-17 09:45:00,1097.0359
2019-11-17 10:00:00,1138.2104
2019-11-17 10:15:00,1481.079
2019-11-17 10:30:00,1471.4749
2019-11-17 10:45:00,1784.1791
2019-11-17 11:00:00,1770.2864
2019-11-17 11:15:00,1662.1436
2019-11-17 11:30:00,1643.1072
2019-11-17 11:45:00,1528.5723
2019-11-17 12:00:00,1524.9775
2019-11-17 12:15:00,1360.2141
2019-11-17 12:30:00,1364.391
2019-11-17 12:45:00,1416.533
2019-11-17 13:00:00,1437.9569
2019-11-17 13:15:00,1712.8794
2019-11-17 13:30:00,1721.5607
2019-11-17 13:45:00,1830.148
2019-11-17 14:00:00,1851.7546
2019-11-17 14:15:00,1834.9869
2019-11-17 14:30:00,1859.8484
2019-11-17 14:45:00,1883.1819
2019-11-17 15:00:00,1879.7878
2019-11-17 15:15:00,1800.6721
2019-11-17 15:30:00,1692.9353
2019-11-17 15:45:00,1559.2739
2019-11-17 16:00:00,1361.976
2019-11-17 16:15:00,1184.7886
2019-11-17 16:30:00,1002.8082
2019-11-17 16:45:00,712.3022
2019-11-17 17:00:00,643.9613
2019-11-17 17:15:00,347.87015
2019-11-17 17:30:00,331.60223
2019-11-17 17:45:00,85.23688
2019-11-17 18:00:00,61.886246
2019-11-17 18:15:00,5.964107
2019-11-17 18:30:00,9.177975
2019-11-17 18:45:00,5.4371443
2019-11-17 19:00:00,0.0
2019-11-17 19:15:00,0.0
2019-11-17 19:30:00,0.0
2019-11-17 19:45:00,0.0
2019-11-17 20:00:00,0.035439104
2019-11-17 20:15:00,0.0751656
2019-11-17 20:30:00,0.098797984
2019-11-17 20:45:00,0.11328311
2019-11-17 21:00:00,0.12244816
2019-11-17 21:15:00,0.12842569
2019-11-17 21:30:00,0.13243367
2019-11-17 21:45:00,0.13518715
2019-11-17 22:00:00,0.13711794
2019-11-17 22:15:00,0.1384933
2019-11-17 22:30:00,0.13948412
2019-11-17 22:45:00,0.1402
2019-11-17 23:00:00,0.14071389
2019-11-17 23:15:00,0.14107469
2019-11-17 23:30:00,0.23540461
2019-11-17 23:45:00,0.40144727
2019-11-18 00:00:00,0.4563652
2019-11-18 00:15:00,0.40143728
2019-11-18 00:30:00,0.23537491
2019-11-18 00:45:00,0.14107469
2019-11-18 01:00:00,0.14071389
2019-11-18 01:15:00,0.1402
2019-11-18 01:30:00,0.13948412
2019-11-18 01:45:00,0.1384933
2019-11-18 02:00:00,0.13711794
2019-11-18 02:15:00,0.13518715
2019-11-18 02:30:00,0.13243367
2019-11-18 02:45:00,0.12842569
2019-11-18 03:00:00,0.12244816
2019-11-18 03:15:00,0.11328311
2019-11-18 03:30:00,0.098797984
2019-11-18 03:45:00,0.0751656
2019-11-18 04:00:00,0.035439104
2019-11-18 04:15:00,0.0
2019-11-18 04:30:00,0.0
2019-11-18 04:45:00,0.0
2019-11-18 05:00:00,0.0
2019-11-18 05:15:00,5.4371443
2019-11-18 05:30:00,9.177975
2019-11-18 05:45:00,5.964107
2019-11-18 06:00:00,0.0
2019-11-18 06:15:00,3.5557804
2019-11-18 06:30:00,6.249977
2019-11-18 06:45:00,-0.50601506
2019-11-18 07:00:00,7.2931223
2019-11-18 07:15:00,9.928454
2019-11-18 07:30:00,11.881053
2019-11-18 07:45:00,28.090652
2019-11-18 08:00:00,33.85375
2019-11-18 08:15:00,117.67184
2019-11-18 08:30:00,153.8792
2019-11-18 08:45:00,368.13943
2019-11-18 09:00:00,424.90756
2019-11-18 09:15:00,713.5233
2019-11-18 09:30:00,759.4022
2019-11-18 09:45:00,1065.523
2019-11-18 10:00:00,1095.5214
2019-11-18 10:15:00,1414.8994
2019-11-18 10:30:00,1399.6145
2019-11-18 10:45:00,1773.6296
2019-11-18 11:00:00,1758.7688
2019-11-18 11:15:00,2003.3883
2019-11-18 11:30:00,1997.6385
2019-11-18 11:45:00,2055.3284
2019-11-18 12:00:00,2054.1965
2019-11-18 12:15:00,1916.6761
2019-11-18 12:30:00,1923.0974
2019-11-18 12:45:00,2022.8317
2019-11-18 13:00:00,2028.9175
2019-11-18 13:15:00,2165.2666
2019-11-18 13:30:00,2164.5513
2019-11-18 13:45:00,2136.2212
2019-11-18 14:00:00,2125.4158
2019-11-18 14:15:00,1939.8046
2019-11-18 14:30:00,1944.7507
2019-11-18 14:45:00,1868.4536
2019-11-18 15:00:00,1868.9326
2019-11-18 15:15:00,1777.7346
2019-11-18 15:30:00,1706.1117
2019-11-18 15:45:00,1509.307
2019-11-18 16:00:00,1388.2041
2019-11-18 16:15:00,1115.4487
2019-11-18 16:30:00,1004.05786
2019-11-18 16:45:00,660.8724
2019-11-18 17:00:00,615.3828
2019-11-18 17:15:00,306.6528
2019-11-18 17:30:00,299.35062
2019-11-18 17:45:00,77.76538
2019-11-18 18:00:00,55.863068
2019-11-18 18:15:00,5.964107
2019-11-18 18:30:00,9.177975
2019-11-18 18:45:00,5.4371443
2019-11-18 19:00:00,0.0
2019-11-18 19:15:00,0.0
2019-11-18 19:30:00,0.0
2019-11-18 19:45:00,0.0
2019-11-18 20:00:00,0.035439104
2019-11-18 20:15:00,0.0751656
2019-11-18 20:30:00,0.098797984
2019-11-18 20:45:00,0.11328311
2019-11-18 21:00:00,0.12244816
2019-11-18 21:15:00,0.12842569
2019-11-18 21:30:00,0.13243367
2019-11-18 21:45:00,0.13518715
2019-11-18 22:00:00,0.13711794
2019-11-18 22:15:00,0.1384933
2019-11-18 22:30:00,0.13948412
2019-11-18 22:45:00,0.1402
2019-11-18 23:00:00,0.14071389
2019-11-18 23:15:00,0.14107469
2019-11-18 23:30:00,0.23540461
2019-11-18 23:45:00,0.40144727
2019-11-19 00:00:00,0.4563652
2019-11-19 00:15:00,0.40143728
2019-11-19 00:30:00,0.23537491
2019-11-19 00:45:00,0.14107469
2019-11-19 01:00:00,0.14071389
2019-11-19 01:15:00,0.1402
2019-11-19 01:30:00,0.13948412
2019-11-19 01:45:00,0.1384933
2019-11-19 02:00:00,0.13711794
2019-11-19 02:15:00,0.13518715
2019-11-19 02:30:00,0.13243367
2019-11-19 02:45:00,0.12842569
2019-11-19 03:00:00,0.12244816
2019-11-19 03:15:00,0.11328311
2019-11-19 03:30:00,0.098797984
2019-11-19 03:45:00,0.0751656
2019-11-19 04:00:00,0.035439104
2019-11-19 04:15:00,0.0
2019-11-19 04:30:00,0.0
2019-11-19 04:45:00,0.0
2019-11-19 05:00:00,0.0
2019-11-19 05:15:00,5.4371443
2019-11-19 05:30:00,9.177975
2019-11-19 05:45:00,5.964107
2019-11-19 06:00:00,0.0
2019-11-19 06:15:00,3.5557804
2019-11-19 06:30:00,6.249977
2019-11-19 06:45:00,-0.50601506
2019-11-19 07:00:00,7.2931223
2019-11-19 07:15:00,9.928454
2019-11-19 07:30:00,11.881053
2019-11-19 07:45:00,27.02026
2019-11-19 08:00:00,32.82898
2019-11-19 08:15:00,109.452774
2019-11-19 08:30:00,145.42813
2019-11-19 08:45:00,355.61896
2019-11-19 09:00:00,409.31967
2019-11-19 09:15:00,713.5233
2019-11-19 09:30:00,759.4022
2019-11-19 09:45:00,1060.2754
2019-11-19 10:00:00,1088.879
2019-11-19 10:15:00,1260.4124
2019-11-19 10:30:00,1259.4637
2019-11-19 10:45:00,1255.695
2019-11-19 11:00:00,1247.4506
2019-11-19 11:15:00,1299.9415
2019-11-19 11:30:00,1293.8839
2019-11-19 11:45:00,1478.2129
2019-11-19 12:00:00,1474.8423
2019-11-19 12:15:00,1891.4023
2019-11-19 12:30:00,1898.7339
2019-11-19 12:45:00,2158.2063
2019-11-19 13:00:00,2160.938
2019-11-19 13:15:00,2194.1384
2019-11-19 13:30:00,2192.082
2019-11-19 13:45:00,2156.7651
2019-11-19 14:00:00,2143.4263
2019-11-19 14:15:00,2054.8713
2019-11-19 14:30:00,2039.6399
2019-11-19 14:45:00,1950.5034
2019-11-19 15:00:00,1922.1685
2019-11-19 15:15:00,1780.0554
2019-11-19 15:30:00,1705.4229
2019-11-19 15:45:00,1438.331
2019-11-19 16:00:00,1377.3049
2019-11-19 16:15:00,1079.0471
2019-11-19 16:30:00,994.41394
2019-11-19 16:45:00,672.5711
2019-11-19 17:00:00,622.2219
2019-11-19 17:15:00,329.21854
2019-11-19 17:30:00,317.47815
2019-11-19 17:45:00,65.151985
2019-11-19 18:00:00,45.66943
2019-11-19 18:15:00,5.964107
2019-11-19 18:30:00,9.177975
2019-11-19 18:45:00,5.4371443
2019-11-19 19:00:00,0.0
2019-11-19 19:15:00,0.0
2019-11-19 19:30:00,0.0
2019-11-19 19:45:00,0.0
2019-11-19 20:00:00,0.035439104
2019-11-19 20:15:00,0.0751656
2019-11-19 20:30:00,0.098797984
2019-11-19 20:45:00,0.11328311
2019-11-19 21:00:00,0.12244816
2019-11-19 21:15:00,0.12842569
2019-11-19 21:30:00,0.13243367
2019-11-19 21:45:00,0.13518715
2019-11-19 22:00:00,0.13711794
2019-11-19 22:15:00,0.1384933
2019-11-19 22:30:00,0.13948412
2019-11-19 22:45:00,0.1402
2019-11-19 23:00:00,0.14071389
2019-11-19 23:15:00,0.14107469
2019-11-19 23:30:00,0.23540461
2019-11-19 23:45:00,0.40144727
2019-11-20 00:00:00,0.4563652
2019-11-20 00:15:00,0.40143728
2019-11-20 00:30:00,0.23537491
2019-11-20 00:45:00,0.14107469
2019-11-20 01:00:00,0.14071389
2019-11-20 01:15:00,0.1402
2019-11-20 01:30:00,0.13948412
2019-11-20 01:45:00,0.1384933
2019-11-20 02:00:00,0.13711794
2019-11-20 02:15:00,0.13518715
2019-11-20 02:30:00,0.13243367
2019-11-20 02:45:00,0.12842569
2019-11-20 03:00:00,0.12244816
2019-11-20 03:15:00,0.11328311
2019-11-20 03:30:00,0.098797984
2019-11-20 03:45:00,0.0751656
2019-11-20 04:00:00,0.035439104
2019-11-20 04:15:00,0.0
2019-11-20 04:30:00,0.0
2019-11-20 04:45:00,0.0
2019-11-20 05:00:00,0.0
2019-11-20 05:15:00,5.4371443
2019-11-20 05:30:00,9.177975
2019-11-20 05:45:00,5.964107
2019-11-20 06:00:00,0.0
2019-11-20 06:15:00,3.5557804
2019-11-20 06:30:00,6.249977
2019-11-20 06:45:00,-0.50601506
2019-11-20 07:00:00,7.2931223
2019-11-20 07:15:00,9.928454
2019-11-20 07:30:00,11.881053
2019-11-20 07:45:00,23.844109
2019-11-20 08:00:00,29.7871
2019-11-20 08:15:00,100.18159
2019-11-20 08:30:00,135.67967
2019-11-20 08:45:00,336.4364
2019-11-20 09:00:00,386.05276
2019-11-20 09:15:00,661.8167
2019-11-20 09:30:00,696.2454
2019-11-20 09:45:00,1024.1664
2019-11-20 10:00:00,1045.3878
2019-11-20 10:15:00,1055.0175
2019-11-20 10:30:00,1051.035
2019-11-20 10:45:00,1342.234
2019-11-20 11:00:00,1333.0557
2019-11-20 11:15:00,1750.7842
2019-11-20 11:30:00,1733.05
2019-11-20 11:45:00,2036.9031
2019-11-20 12:00:00,2035.6672
2019-11-20 12:15:00,2214.5444
2019-11-20 12:30:00,2215.7773
2019-11-20 12:45:00,2272.4287
2019-11-20 13:00:00,2273.6057
2019-11-20 13:15:00,2266.5815
2019-11-20 13:30:00,2261.7383
2019-11-20 13:45:00,2210.021
2019-11-20 14:00:00,2193.2715
2019-11-20 14:15:00,2101.495
2019-11-20 14:30:00,2083.2563
2019-11-20 14:45:00,1920.4796
2019-11-20 15:00:00,1905.48
2019-11-20 15:15:00,1757.5886
2019-11-20 15:30:00,1707.4634
2019-11-20 15:45:00,1369.6248
2019-11-20 16:00:00,1347.1458
2019-11-20 16:15:00,972.4772
2019-11-20 16:30:00,944.94434
2019-11-20 16:45:00,506.50275
2019-11-20 17:00:00,503.9837
2019-11-20 17:15:00,242.4956
2019-11-20 17:30:00,249.00212
2019-11-20 17:45:00,65.151985
2019-11-20 18:00:00,45.66943
2019-11-20 18:15:00,5.964107
2019-11-20 18:30:00,9.177975
2019-11-20 18:45:00,5.4371443
2019-11-20 19:00:00,0.0
2019-11-20 19:15:00,0.0
2019-11-20 19:30:00,0.0
2019-11-20 19:45:00,0.0
2019-11-20 20:00:00,0.035439104
2019-11-20 20:15:00,0.0751656
2019-11-20 20:30:00,0.098797984
2019-11-20 20:45:00,0.11328311
2019-11-20 21:00:00,0.12244816
2019-11-20 21:15:00,0.12842569
2019-11-20 21:30:00,0.13243367
2019-11-20 21:45:00,0.13518715
2019-11-20 22:00:00,0.13711794
2019-11-20 22:15:00,0.1384933
2019-11-20 22:30:00,0.13948412
2019-11-20 22:45:00,0.1402
2019-11-20 23:00:00,0.14071389
2019-11-20 23:15:00,0.14107469
2019-11-20 23:30:00,0.23540461
2019-11-20 23:45:00,0.40144727
2019-11-21 00:00:00,0.4563652
2019-11-21 00:15:00,0.40143728
2019-11-21 00:30:00,0.23537491
2019-11-21 00:45:00,0.14107469
2019-11-21 01:00:00,0.14071389
2019-11-21 01:15:00,0.1402
2019-11-21 01:30:00,0.13948412
2019-11-21 01:45:00,0.1384933
2019-11-21 02:00:00,0.13711794
2019-11-21 02:15:00,0.13518715
2019-11-21 02:30:00,0.13243367
2019-11-21 02:45:00,0.12842569
2019-11-21 03:00:00,0.12244816
2019-11-21 03:15:00,0.11328311
2019-11-21 03:30:00,0.098797984
2019-11-21 03:45:00,0.0751656
2019-11-21 04:00:00,0.035439104
2019-11-21 04:15:00,0.0
2019-11-21 04:30:00,0.0
2019-11-21 04:45:00,0.0
2019-11-21 05:00:00,0.0
2019-11-21 05:15:00,5.4371443
2019-11-21 05:30:00,9.177975
2019-11-21 05:45:00,5.964107
2019-11-21 06:00:00,0.0
2019-11-21 06:15:00,3.5557804
2019-11-21 06:30:00,6.249977
2019-11-21 06:45:00,-0.50601506
2019-11-21 07:00:00,7.2931223
2019-11-21 07:15:00,9.928454
2019-11-21 07:30:00,11.881053
2019-11-21 07:45:00,20.72017
2019-11-21 08:00:00,26.793192
2019-11-21 08:15:00,61.83153
2019-11-21 08:30:00,92.98672
2019-11-21 08:45:00,154.61327
2019-11-21 09:00:00,175.99178
2019-11-21 09:15:00,234.41248
2019-11-21 09:30:00,251.24876
2019-11-21 09:45:00,625.0451
2019-11-21 10:00:00,629.60223
2019-11-21 10:15:00,1159.5498
2019-11-21 10:30:00,1156.2556
2019-11-21 10:45:00,1504.3906
2019-11-21 11:00:00,1476.8271
2019-11-21 11:15:00,1949.229
2019-11-21 11:30:00,1941.7227
2019-11-21 11:45:00,2115.5632
2019-11-21 12:00:00,2114.7185
2019-11-21 12:15:00,2118.648
2019-11-21 12:30:00,2120.973
2019-11-21 12:45:00,2118.336
2019-11-21 13:00:00,2122.1858
2019-11-21 13:15:00,2201.0474
2019-11-21 13:30:00,2198.6855
2019-11-21 13:45:00,2169.7383
2019-11-21 14:00:00,2154.8616
2019-11-21 14:15:00,2065.7966
2019-11-21 14:30:00,2049.1685
2019-11-21 14:45:00,1679.7732
2019-11-21 15:00:00,1724.7565
2019-11-21 15:15:00,1363.2664
2019-11-21 15:30:00,1452.1875
2019-11-21 15:45:00,1223.0552
2019-11-21 16:00:00,1265.3936
2019-11-21 16:15:00,680.4251
2019-11-21 16:30:00,727.9635
2019-11-21 16:45:00,387.5542
2019-11-21 17:00:00,400.7745
2019-11-21 17:15:00,190.0648
2019-11-21 17:30:00,198.69695
2019-11-21 17:45:00,40.107487
2019-11-21 18:00:00,18.461128
2019-11-21 18:15:00,5.964107
2019-11-21 18:30:00,9.177975
2019-11-21 18:45:00,5.4371443
2019-11-21 19:00:00,0.0
2019-11-21 19:15:00,0.0
2019-11-21 19:30:00,0.0
2019-11-21 19:45:00,0.0
2019-11-21 20:00:00,0.035439104
2019-11-21 20:15:00,0.0751656
2019-11-21 20:30:00,0.098797984
2019-11-21 20:45:00,0.11328311
2019-11-21 21:00:00,0.12244816
2019-11-21 21:15:00,0.12842569
2019-11-21 21:30:00,0.13243367
2019-11-21 21:45:00,0.13518715
2019-11-21 22:00:00,0.13711794
2019-11-21 22:15:00,0.1384933
2019-11-21 22:30:00,0.13948412
2019-11-21 22:45:00,0.1402
2019-11-21 23:00:00,0.14071389
2019-11-21 23:15:00,0.14107469
2019-11-21 23:30:00,0.23540461
2019-11-21 23:45:00,0.40144727
2019-11-22 00:00:00,0.4563652
2019-11-22 00:15:00,0.40143728
2019-11-22 00:30:00,0.23537491
2019-11-22 00:45:00,0.14107469
2019-11-22 01:00:00,0.14071389
2019-11-22 01:15:00,0.1402
2019-11-22 01:30:00,0.13948412
2019-11-22 01:45:00,0.1384933
2019-11-22 02:00:00,0.13711794
2019-11-22 02:15:00,0.13518715
2019-11-22 02:30:00,0.13243367
2019-11-22 02:45:00,0.12842569
2019-11-22 03:00:00,0.12244816
2019-11-22 03:15:00,0.11328311
2019-11-22 03:30:00,0.098797984
2019-11-22 03:45:00,0.0751656
2019-11-22 04:00:00,0.035439104
2019-11-22 04:15:00,0.0
2019-11-22 04:30:00,0.0
2019-11-22 04:45:00,0.0
2019-11-22 05:00:00,0.0
2019-11-22 05:15:00,5.4371443
2019-11-22 05:30:00,9.177975
2019-11-22 05:45:00,5.964107
2019-11-22 06:00:00,0.0
2019-11-22 06:15:00,3.5557804
2019-11-22 06:30:00,6.249977
2019-11-22 06:45:00,-0.50601506
2019-11-22 07:00:00,7.2931223
2019-11-22 07:15:00,9.928454
2019-11-22 07:30:00,11.881053
2019-11-22 07:45:00,22.797102
2019-11-22 08:00:00,28.783907
2019-11-22 08:15:00,87.50753
2019-11-22 08:30:00,121.98889
2019-11-22 08:45:00,301.7189
2019-11-22 09:00:00,345.39276
2019-11-22 09:15:00,647.98303
2019-11-22 09:30:00,680.2831
2019-11-22 09:45:00,985.467
2019-11-22 10:00:00,1001.4644
2019-11-22 10:15:00,1284.102
2019-11-22 10:30:00,1284.6066
2019-11-22 10:45:00,1647.0402
2019-11-22 11:00:00,1621.572
2019-11-22 11:15:00,1762.936
2019-11-22 11:30:00,1745.5916
2019-11-22 11:45:00,1592.5774
2019-11-22 12:00:00,1588.7346
2019-11-22 12:15:00,1258.8806
2019-11-22 12:30:00,1262.4509
2019-11-22 12:45:00,1454.3003
2019-11-22 13:00:00,1476.8271
2019-11-22 13:15:00,1942.6566
2019-11-22 13:30:00,1951.4799
2019-11-22 13:45:00,1297.3035
2019-11-22 14:00:00,1261.5016
2019-11-22 14:15:00,1515.9232
2019-11-22 14:30:00,1593.0
2019-11-22 14:45:00,1663.6215
2019-11-22 15:00:00,1712.3865
2019-11-22 15:15:00,1672.248
2019-11-22 15:30:00,1668.9128
2019-11-22 15:45:00,1413.7365
2019-11-22 16:00:00,1367.7911
2019-11-22 16:15:00,897.0393
2019-11-22 16:30:00,903.59045
2019-11-22 16:45:00,451.06155
2019-11-22 17:00:00,454.56097
2019-11-22 17:15:00,227.96867
2019-11-22 17:30:00,235.4912
2019-11-22 17:45:00,49.43536
2019-11-22 18:00:00,29.026728
2019-11-22 18:15:00,5.964107
2019-11-22 18:30:00,9.177975
2019-11-22 18:45:00,5.4371443
2019-11-22 19:00:00,0.0
2019-11-22 19:15:00,0.0
2019-11-22 19:30:00,0.0
2019-11-22 19:45:00,0.0
2019-11-22 20:00:00,0.035439104
2019-11-22 20:15:00,0.0751656
2019-11-22 20:30:00,0.098797984
2019-11-22 20:45:00,0.11328311
2019-11-22 21:00:00,0.12244816
2019-11-22 21:15:00,0.12842569
2019-11-22 21:30:00,0.13243367
2019-11-22 21:45:00,0.13518715
2019-11-22 22:00:00,0.13711794
2019-11-22 22:15:00,0.1384933
2019-11-22 22:30:00,0.13948412
2019-11-22 22:45:00,0.1402
2019-11-22 23:00:00,0.14071389
2019-11-22 23:15:00,0.14107469
2019-11-22 23:30:00,0.23540461
2019-11-22 23:45:00,0.40144727
2019-11-23 00:00:00,0.4563652
2019-11-23 00:15:00,0.40143728
2019-11-23 00:30:00,0.23537491
2019-11-23 00:45:00,0.14107469
2019-11-23 01:00:00,0.14071389
2019-11-23 01:15:00,0.1402
2019-11-23 01:30:00,0.13948412
2019-11-23 01:45:00,0.1384933
2019-11-23 02:00:00,0.13711794
2019-11-23 02:15:00,0.13518715
2019-11-23 02:30:00,0.13243367
2019-11-23 02:45:00,0.12842569
2019-11-23 03:00:00,0.12244816
2019-11-23 03:15:00,0.11328311
2019-11-23 03:30:00,0.098797984
2019-11-23 03:45:00,0.0751656
2019-11-23 04:00:00,0.035439104
2019-11-23 04:15:00,0.0
2019-11-23 04:30:00,0.0
2019-11-23 04:45:00,0.0
2019-11-23 05:00:00,0.0
2019-11-23 05:15:00,5.4371443
2019-11-23 05:30:00,9.177975
2019-11-23 05:45:00,5.964107
2019-11-23 06:00:00,0.0
2019-11-23 06:15:00,3.5557804
2019-11-23 06:30:00,6.249977
2019-11-23 06:45:00,-0.50601506
2019-11-23 07:00:00,7.2931223
2019-11-23 07:15:00,9.928454
2019-11-23 07:30:00,11.881053
2019-11-23 07:45:00,21.755768
2019-11-23 08:00:00,27.785892
2019-11-23 08:15:00,79.01891
2019-11-23 08:30:00,112.58661
2019-11-23 08:45:00,275.65344
2019-11-23 09:00:00,315.7632
2019-11-23 09:15:00,596.3896
2019-11-23 09:30:00,622.85345
2019-11-23 09:45:00,890.2306
2019-11-23 10:00:00,898.9041
2019-11-23 10:15:00,1166.5387
2019-11-23 10:30:00,1163.3129
2019-11-23 10:45:00,1425.2788
2019-11-23 11:00:00,1399.6455
2019-11-23 11:15:00,1826.5319
2019-11-23 11:30:00,1812.099
2019-11-23 11:45:00,1870.2266
2019-11-23 12:00:00,1867.2452
2019-11-23 12:15:00,2079.851
2019-11-23 12:30:00,2082.6719
2019-11-23 12:45:00,2141.6924
2019-11-23 13:00:00,2144.8806
2019-11-23 13:15:00,1993.1224
2019-11-23 13:30:00,2000.8647
2019-11-23 13:45:00,2018.6882
2019-11-23 14:00:00,2021.5516
2019-11-23 14:15:00,1990.842
2019-11-23 14:30:00,1986.3622
2019-11-23 14:45:00,1907.7888
2019-11-23 15:00:00,1897.1558
2019-11-23 15:15:00,1754.8754
2019-11-23 15:30:00,1707.1205
2019-11-23 15:45:00,1488.6284
2019-11-23 16:00:00,1388.582
2019-11-23 16:15:00,1093.2672
2019-11-23 16:30:00,998.8957
2019-11-23 16:45:00,648.79047
2019-11-23 17:00:00,608.16656
2019-11-23 17:15:00,306.6528
2019-11-23 17:30:00,299.35062
2019-11-23 17:45:00,65.151985
2019-11-23 18:00:00,45.66943
2019-11-23 18:15:00,5.964107
2019-11-23 18:30:00,9.177975
2019-11-23 18:45:00,5.4371443
2019-11-23 19:00:00,0.0
2019-11-23 19:15:00,0.0
2019-11-23 19:30:00,0.0
2019-11-23 19:45:00,0.0
2019-11-23 20:00:00,0.035439104
2019-11-23 20:15:00,0.0751656
2019-11-23 20:30:00,0.098797984
2019-11-23 20:45:00,0.11328311
2019-11-23 21:00:00,0.12244816
2019-11-23 21:15:00,0.12842569
2019-11-23 21:30:00,0.13243367
2019-11-23 21:45:00,0.13518715
2019-11-23 22:00:00,0.13711794
2019-11-23 22:15:00,0.1384933
2019-11-23 22:30:00,0.13948412
2019-11-23 22:45:00,0.1402
2019-11-23 23:00:00,0.14071389
2019-11-23 23:15:00,0.14107469
2019-11-23 23:30:00,0.23540461
2019-11-23 23:45:00,0.40144727
2019-11-24 00:00:00,0.4563652
2019-11-24 00:15:00,0.40143728
2019-11-24 00:30:00,0.23537491
2019-11-24 00:45:00,0.14107469
2019-11-24 01:00:00,0.14071389
2019-11-24 01:15:00,0.1402
2019-11-24 01:30:00,0.13948412
2019-11-24 01:45:00,0.1384933
2019-11-24 02:00:00,0.13711794
2019-11-24 02:15:00,0.13518715
2019-11-24 02:30:00,0.13243367
2019-11-24 02:45:00,0.12842569
2019-11-24 03:00:00,0.12244816
2019-11-24 03:15:00,0.11328311
2019-11-24 03:30:00,0.098797984
2019-11-24 03:45:00,0.0751656
2019-11-24 04:00:00,0.035439104
2019-11-24 04:15:00,0.0
2019-11-24 04:30:00,0.0
2019-11-24 04:45:00,0.0
2019-11-24 05:00:00,0.0
2019-11-24 05:15:00,5.4371443
2019-11-24 05:30:00,9.177975
2019-11-24 05:45:00,5.964107
2019-11-24 06:00:00,0.0
2019-11-24 06:15:00,3.5557804
2019-11-24 06:30:00,6.249977
2019-11-24 06:45:00,-0.50601506
2019-11-24 07:00:00,7.2931223
2019-11-24 07:15:00,9.928454
2019-11-24 07:30:00,11.881053
2019-11-24 07:45:00,22.797102
2019-11-24 08:00:00,28.783907
2019-11-24 08:15:00,95.033
2019-11-24 08:30:00,130.16835
2019-11-24 08:45:00,327.80383
2019-11-24 09:00:00,375.78766
2019-11-24 09:15:00,680.65643
2019-11-24 09:30:00,718.5185
2019-11-24 09:45:00,1029.9176
2019-11-24 10:00:00,1052.1108
2019-11-24 10:15:00,1346.6338
2019-11-24 10:30:00,1345.3489
2019-11-24 10:45:00,1741.1008
2019-11-24 11:00:00,1723.102
2019-11-24 11:15:00,1962.2146
2019-11-24 11:30:00,1955.2236
2019-11-24 11:45:00,2118.648
2019-11-24 12:00:00,2117.8157
2019-11-24 12:15:00,2133.6768
2019-11-24 12:30:00,2135.8096
2019-11-24 12:45:00,2080.1343
2019-11-24 13:00:00,2085.0073
2019-11-24 13:15:00,2031.6659
2019-11-24 13:30:00,2037.8987
2019-11-24 13:45:00,1927.6719
2019-11-24 14:00:00,1940.6104
2019-11-24 14:15:00,1583.0524
2019-11-24 14:30:00,1651.357
2019-11-24 14:45:00,1545.3225
2019-11-24 15:00:00,1621.2834
2019-11-24 15:15:00,1591.4216
2019-11-24 15:30:00,1614.7112
2019-11-24 15:45:00,1386.8756
2019-11-24 16:00:00,1355.6342
2019-11-24 16:15:00,1048.5212
2019-11-24 16:30:00,982.46716
2019-11-24 16:45:00,656.88806
2019-11-24 17:00:00,613.01874
2019-11-24 17:15:00,313.18335
2019-11-24 17:30:00,304.691
2019-11-24 17:45:00,67.687195
2019-11-24 18:00:00,47.722435
2019-11-24 18:15:00,5.964107
2019-11-24 18:30:00,9.177975
2019-11-24 18:45:00,5.4371443
2019-11-24 19:00:00,0.0
2019-11-24 19:15:00,0.0
2019-11-24 19:30:00,0.0
2019-11-24 19:45:00,0.0
2019-11-24 20:00:00,0.035439104
2019-11-24 20:15:00,0.0751656
2019-11-24 20:30:00,0.098797984
2019-11-24 20:45:00,0.11328311
2019-11-24 21:00:00,0.12244816
2019-11-24 21:15:00,0.12842569
2019-11-24 21:30:00,0.13243367
2019-11-24 21:45:00,0.13518715
2019-11-24 22:00:00,0.13711794
2019-11-24 22:15:00,0.1384933
2019-11-24 22:30:00,0.13948412
2019-11-24 22:45:00,0.1402
2019-11-24 23:00:00,0.14071389
2019-11-24 23:15:00,0.14107469
2019-11-24 23:30:00,0.23540461
2019-11-24 23:45:00,0.40144727
2019-11-25 00:00:00,0.4563652
2019-11-25 00:15:00,0.40143728
2019-11-25 00:30:00,0.23537491
2019-11-25 00:45:00,0.14107469
2019-11-25 01:00:00,0.14071389
2019-11-25 01:15:00,0.1402
2019-11-25 01:30:00,0.13948412
2019-11-25 01:45:00,0.1384933
2019-11-25 02:00:00,0.13711794
2019-11-25 02:15:00,0.13518715
2019-11-25 02:30:00,0.13243367
2019-11-25 02:45:00,0.12842569
2019-11-25 03:00:00,0.12244816
2019-11-25 03:15:00,0.11328311
2019-11-25 03:30:00,0.098797984
2019-11-25 03:45:00,0.0751656
2019-11-25 04:00:00,0.035439104
2019-11-25 04:15:00,0.0
2019-11-25 04:30:00,0.0
2019-11-25 04:45:00,0.0
2019-11-25 05:00:00,0.0
2019-11-25 05:15:00,5.4371443
2019-11-25 05:30:00,9.177975
2019-11-25 05:45:00,5.964107
2019-11-25 06:00:00,0.0
2019-11-25 06:15:00,3.5557804
2019-11-25 06:30:00,6.249977
2019-11-25 06:45:00,-0.50601506
2019-11-25 07:00:00,7.2931223
2019-11-25 07:15:00,9.928454
2019-11-25 07:30:00,11.881053
2019-11-25 07:45:00,22.797102
2019-11-25 08:00:00,28.783907
2019-11-25 08:15:00,88.74561
2019-11-25 08:30:00,123.34462
2019-11-25 08:45:00,314.78183
2019-11-25 09:00:00,360.50668
2019-11-25 09:15:00,667.2679
2019-11-25 09:30:00,702.6202
2019-11-25 09:45:00,1015.42865
2019-11-25 10:00:00,1035.2865
2019-11-25 10:15:00,1310.1545
2019-11-25 10:30:00,1313.2932
2019-11-25 10:45:00,1464.7073
2019-11-25 11:00:00,1437.9569
2019-11-25 11:15:00,1668.6255
2019-11-25 11:30:00,1649.6033
2019-11-25 11:45:00,1980.8253
2019-11-25 12:00:00,1979.1562
2019-11-25 12:15:00,2142.393
2019-11-25 12:30:00,2144.4136
2019-11-25 12:45:00,2168.7815
2019-11-25 13:00:00,2171.234
2019-11-25 13:15:00,2149.913
2019-11-25 13:30:00,2149.962
2019-11-25 13:45:00,2119.1968
2019-11-25 14:00:00,2110.4558
2019-11-25 14:15:00,2026.2527
2019-11-25 14:30:00,2015.5139
2019-11-25 14:45:00,1927.7798
2019-11-25 15:00:00,1909.9788
2019-11-25 15:15:00,1760.259
2019-11-25 15:30:00,1707.6956
2019-11-25 15:45:00,1477.1777
2019-11-25 16:00:00,1387.3119
2019-11-25 16:15:00,1083.8635
2019-11-25 16:30:00,996.0224
2019-11-25 16:45:00,586.5374
2019-11-25 17:00:00,566.9126
2019-11-25 17:15:00,266.23703
2019-11-25 17:30:00,267.20172
2019-11-25 17:45:00,51.30645
2019-11-25 18:00:00,31.12615
2019-11-25 18:15:00,5.964107
2019-11-25 18:30:00,9.177975
2019-11-25 18:45:00,5.4371443
2019-11-25 19:00:00,0.0
2019-11-25 19:15:00,0.0
2019-11-25 19:30:00,0.0
2019-11-25 19:45:00,0.0
2019-11-25 20:00:00,0.035439104
2019-11-25 20:15:00,0.0751656
2019-11-25 20:30:00,0.098797984
2019-11-25 20:45:00,0.11328311
2019-11-25 21:00:00,0.12244816
2019-11-25 21:15:00,0.12842569
2019-11-25 21:30:00,0.13243367
2019-11-25 21:45:00,0.13518715
2019-11-25 22:00:00,0.13711794
2019-11-25 22:15:00,0.1384933
2019-11-25 22:30:00,0.13948412
2019-11-25 22:45:00,0.1402
2019-11-25 23:00:00,0.14071389
2019-11-25 23:15:00,0.14107469
2019-11-25 23:30:00,0.23540461
2019-11-25 23:45:00,0.40144727
2019-11-26 00:00:00,0.4563652
2019-11-26 00:15:00,0.40143728
2019-11-26 00:30:00,0.23537491
2019-11-26 00:45:00,0.14107469
2019-11-26 01:00:00,0.14071389
2019-11-26 01:15:00,0.1402
2019-11-26 01:30:00,0.13948412
2019-11-26 01:45:00,0.1384933
2019-11-26 02:00:00,0.13711794
2019-11-26 02:15:00,0.13518715
2019-11-26 02:30:00,0.13243367
2019-11-26 02:45:00,0.12842569
2019-11-26 03:00:00,0.12244816
2019-11-26 03:15:00,0.11328311
2019-11-26 03:30:00,0.098797984
2019-11-26 03:45:00,0.0751656
2019-11-26 04:00:00,0.035439104
2019-11-26 04:15:00,0.0
2019-11-26 04:30:00,0.0
2019-11-26 04:45:00,0.0
2019-11-26 05:00:00,0.0
2019-11-26 05:15:00,5.4371443
2019-11-26 05:30:00,9.177975
2019-11-26 05:45:00,5.964107
2019-11-26 06:00:00,0.0
2019-11-26 06:15:00,3.5557804
2019-11-26 06:30:00,6.249977
2019-11-26 06:45:00,-0.50601506
2019-11-26 07:00:00,7.2931223
2019-11-26 07:15:00,9.928454
2019-11-26 07:30:00,11.881053
2019-11-26 07:45:00,21.755768
2019-11-26 08:00:00,27.785892
2019-11-26 08:15:00,83.831955
2019-11-26 08:30:00,117.94036
2019-11-26 08:45:00,299.5411
2019-11-26 09:00:00,342.89203
2019-11-26 09:15:00,639.5563
2019-11-26 09:30:00,670.6959
2019-11-26 09:45:00,941.83344
2019-11-26 10:00:00,953.7716
2019-11-26 10:15:00,1163.0446
2019-11-26 10:30:00,1159.7833
2019-11-26 10:45:00,1266.4403
2019-11-26 11:00:00,1258.0648
2019-11-26 11:15:00,1338.9957
2019-11-26 11:30:00,1332.5532
2019-11-26 11:45:00,1321.5675
2019-11-26 12:00:00,1320.241
2019-11-26 12:15:00,1220.8657
2019-11-26 12:30:00,1224.251
2019-11-26 12:45:00,1236.6863
2019-11-26 13:00:00,1243.9177
2019-11-26 13:15:00,1356.732
2019-11-26 13:30:00,1362.8096
2019-11-26 13:45:00,1664.1864
2019-11-26 14:00:00,1687.8301
2019-11-26 14:15:00,1476.6587
2019-11-26 14:30:00,1557.9156
2019-11-26 14:45:00,785.4475
2019-11-26 15:00:00,693.6551
2019-11-26 15:15:00,845.5753
2019-11-26 15:30:00,945.55566
2019-11-26 15:45:00,1030.8829
2019-11-26 16:00:00,1148.0735
2019-11-26 16:15:00,794.98627
2019-11-26 16:30:00,836.1934
2019-11-26 16:45:00,455.25058
2019-11-26 17:00:00,458.45877
2019-11-26 17:15:00,248.85965
2019-11-26 17:30:00,254.28825
2019-11-26 17:45:00,58.8059
2019-11-26 18:00:00,39.471474
2019-11-26 18:15:00,5.964107
2019-11-26 18:30:00,9.177975
2019-11-26 18:45:00,5.4371443
2019-11-26 19:00:00,0.0
2019-11-26 19:15:00,0.0
2019-11-26 19:30:00,0.0
2019-11-26 19:45:00,0.0
2019-11-26 20:00:00,0.035439104
2019-11-26 20:15:00,0.0751656
2019-11-26 20:30:00,0.098797984
2019-11-26 20:45:00,0.11328311
2019-11-26 21:00:00,0.12244816
2019-11-26 21:15:00,0.12842569
2019-11-26 21:30:00,0.13243367
2019-11-26 21:45:00,0.13518715
2019-11-26 22:00:00,0.13711794
2019-11-26 22:15:00,0.1384933
2019-11-26 22:30:00,0.13948412
2019-11-26 22:45:00,0.1402
2019-11-26 23:00:00,0.14071389
2019-11-26 23:15:00,0.14107469
2019-11-26 23:30:00,0.23540461
2019-11-26 23:45:00,0.40144727
2019-11-27 00:00:00,0.4563652
2019-11-27 00:15:00,0.40143728
2019-11-27 00:30:00,0.23537491
2019-11-27 00:45:00,0.14107469
2019-11-27 01:00:00,0.14071389
2019-11-27 01:15:00,0.1402
2019-11-27 01:30:00,0.13948412
2019-11-27 01:45:00,0.1384933
2019-11-27 02:00:00,0.13711794
2019-11-27 02:15:00,0.13518715
2019-11-27 02:30:00,0.13243367
2019-11-27 02:45:00,0.12842569
2019-11-27 03:00:00,0.12244816
2019-11-27 03:15:00,0.11328311
2019-11-27 03:30:00,0.098797984
2019-11-27 03:45:00,0.0751656
2019-11-27 04:00:00,0.035439104
2019-11-27 04:15:00,0.0
2019-11-27 04:30:00,0.0
2019-11-27 04:45:00,0.0
2019-11-27 05:00:00,0.0
2019-11-27 05:15:00,5.4371443
2019-11-27 05:30:00,9.177975
2019-11-27 05:45:00,5.964107
2019-11-27 06:00:00,0.0
2019-11-27 06:15:00,3.5557804
2019-11-27 06:30:00,6.249977
2019-11-27 06:45:00,-0.50601506
2019-11-27 07:00:00,7.2931223
2019-11-27 07:15:00,9.928454
2019-11-27 07:30:00,11.881053
2019-11-27 07:45:00,19.690268
2019-11-27 08:00:00,25.805601
2019-11-27 08:15:00,68.5473
2019-11-27 08:30:00,100.734245
2019-11-27 08:45:00,216.83281
2019-11-27 09:00:00,241.5346
2019-11-27 09:15:00,405.94305
2019-11-27 09:30:00,424.37247
2019-11-27 09:45:00,747.03204
2019-11-27 10:00:00,751.6838
2019-11-27 10:15:00,957.59344
2019-11-27 10:30:00,953.3504
2019-11-27 10:45:00,985.671
2019-11-27 11:00:00,979.5573
2019-11-27 11:15:00,1268.2167
2019-11-27 11:30:00,1262.4509
2019-11-27 11:45:00,1637.7931
2019-11-27 12:00:00,1633.8258
2019-11-27 12:15:00,1880.9209
2019-11-27 12:30:00,1888.6343
2019-11-27 12:45:00,1922.2817
2019-11-27 13:00:00,1930.6279
2019-11-27 13:15:00,1924.8987
2019-11-27 13:30:00,1933.8218
2019-11-27 13:45:00,1840.6547
2019-11-27 14:00:00,1861.5055
2019-11-27 14:15:00,1695.9529
2019-11-27 14:30:00,1746.3135
2019-11-27 14:45:00,1552.2998
2019-11-27 15:00:00,1626.7012
2019-11-27 15:15:00,1199.4631
2019-11-27 15:30:00,1330.408
2019-11-27 15:45:00,845.90173
2019-11-27 16:00:00,1002.77264
2019-11-27 16:15:00,780.30365
2019-11-27 16:30:00,821.2993
2019-11-27 16:45:00,524.36084
2019-11-27 17:00:00,518.1632
2019-11-27 17:15:00,252.35677
2019-11-27 17:30:00,256.90625
2019-11-27 17:45:00,56.929047
2019-11-27 18:00:00,37.39344
2019-11-27 18:15:00,5.964107
2019-11-27 18:30:00,9.177975
2019-11-27 18:45:00,5.4371443
2019-11-27 19:00:00,0.0
2019-11-27 19:15:00,0.0
2019-11-27 19:30:00,0.0
2019-11-27 19:45:00,0.0
2019-11-27 20:00:00,0.035439104
2019-11-27 20:15:00,0.0751656
2019-11-27 20:30:00,0.098797984
2019-11-27 20:45:00,0.11328311
2019-11-27 21:00:00,0.12244816
2019-11-27 21:15:00,0.12842569
2019-11-27 21:30:00,0.13243367
2019-11-27 21:45:00,0.13518715
2019-11-27 22:00:00,0.13711794
2019-11-27 22:15:00,0.1384933
2019-11-27 22:30:00,0.13948412
2019-11-27 22:45:00,0.1402
2019-11-27 23:00:00,0.14071389
2019-11-27 23:15:00,0.14107469
2019-11-27 23:30:00,0.23540461
2019-11-27 23:45:00,0.40144727
2019-11-28 00:00:00,0.4563652
2019-11-28 00:15:00,0.40143728
2019-11-28 00:30:00,0.23537491
2019-11-28 00:45:00,0.14107469
2019-11-28 01:00:00,0.14071389
2019-11-28 01:15:00,0.1402
2019-11-28 01:30:00,0.13948412
2019-11-28 01:45:00,0.1384933
2019-11-28 02:00:00,0.13711794
2019-11-28 02:15:00,0.13518715
2019-11-28 02:30:00,0.13243367
2019-11-28 02:45:00,0.12842569
2019-11-28 03:00:00,0.12244816
2019-11-28 03:15:00,0.11328311
2019-11-28 03:30:00,0.098797984
2019-11-28 03:45:00,0.0751656
2019-11-28 04:00:00,0.035439104
2019-11-28 04:15:00,0.0
2019-11-28 04:30:00,0.0
2019-11-28 04:45:00,0.0
2019-11-28 05:00:00,0.0
2019-11-28 05:15:00,5.4371443
2019-11-28 05:30:00,9.177975
2019-11-28 05:45:00,5.964107
2019-11-28 06:00:00,0.0
2019-11-28 06:15:00,3.5557804
2019-11-28 06:30:00,6.249977
2019-11-28 06:45:00,-0.50601506
2019-11-28 07:00:00,7.2931223
2019-11-28 07:15:00,9.928454
2019-11-28 07:30:00,11.881053
2019-11-28 07:45:00,21.755768
2019-11-28 08:00:00,27.785892
2019-11-28 08:15:00,80.212814
2019-11-28 08:30:00,113.92024
2019-11-28 08:45:00,286.4896
2019-11-28 09:00:00,328.00433
2019-11-28 09:15:00,605.1291
2019-11-28 09:30:00,632.3938
2019-11-28 09:45:00,830.72894
2019-11-28 10:00:00,837.0148
2019-11-28 10:15:00,1191.0105
2019-11-28 10:30:00,1188.0795
2019-11-28 10:45:00,1576.8511
2019-11-28 11:00:00,1549.1099
2019-11-28 11:15:00,1858.6702
2019-11-28 11:30:00,1846.1377
2019-11-28 11:45:00,1993.448
2019-11-28 12:00:00,1991.895
2019-11-28 12:15:00,2029.3104
2019-11-28 12:30:00,2032.8356
2019-11-28 12:45:00,1999.4106
2019-11-28 13:00:00,2005.9026
2019-11-28 13:15:00,1911.2985
2019-11-28 13:30:00,1920.2009
2019-11-28 13:45:00,1786.6252
2019-11-28 14:00:00,1810.7473
2019-11-28 14:15:00,1321.0549
2019-11-28 14:30:00,1406.4407
2019-11-28 14:45:00,1331.5206
2019-11-28 15:00:00,1449.4752
2019-11-28 15:15:00,1524.0935
2019-11-28 15:30:00,1567.3506
2019-11-28 15:45:00,1239.0394
2019-11-28 16:00:00,1274.755
2019-11-28 16:15:00,859.31354
2019-11-28 16:30:00,882.45044
2019-11-28 16:45:00,519.9421
2019-11-28 17:00:00,514.66455
2019-11-28 17:15:00,233.78859
2019-11-28 17:30:00,240.94695
2019-11-28 17:45:00,56.929047
2019-11-28 18:00:00,37.39344
2019-11-28 18:15:00,5.964107
2019-11-28 18:30:00,9.177975
2019-11-28 18:45:00,5.4371443
2019-11-28 19:00:00,0.0
2019-11-28 19:15:00,0.0
2019-11-28 19:30:00,0.0
2019-11-28 19:45:00,0.0
2019-11-28 20:00:00,0.035439104
2019-11-28 20:15:00,0.0751656
2019-11-28 20:30:00,0.098797984
2019-11-28 20:45:00,0.11328311
2019-11-28 21:00:00,0.12244816
2019-11-28 21:15:00,0.12842569
2019-11-28 21:30:00,0.13243367
2019-11-28 21:45:00,0.13518715
2019-11-28 22:00:00,0.13711794
2019-11-28 22:15:00,0.1384933
2019-11-28 22:30:00,0.13948412
2019-11-28 22:45:00,0.1402
2019-11-28 23:00:00,0.14071389
2019-11-28 23:15:00,0.14107469
2019-11-28 23:30:00,0.23540461
2019-11-28 23:45:00,0.40144727
2019-11-29 00:00:00,0.4563652
2019-11-29 00:15:00,0.40143728
2019-11-29 00:30:00,0.23537491
2019-11-29 00:45:00,0.14107469
2019-11-29 01:00:00,0.14071389
2019-11-29 01:15:00,0.1402
2019-11-29 01:30:00,0.13948412
2019-11-29 01:45:00,0.1384933
2019-11-29 02:00:00,0.13711794
2019-11-29 02:15:00,0.13518715
2019-11-29 02:30:00,0.13243367
2019-11-29 02:45:00,0.12842569
2019-11-29 03:00:00,0.12244816
2019-11-29 03:15:00,0.11328311
2019-11-29 03:30:00,0.098797984
2019-11-29 03:45:00,0.0751656
2019-11-29 04:00:00,0.035439104
2019-11-29 04:15:00,0.0
2019-11-29 04:30:00,0.0
2019-11-29 04:45:00,0.0
2019-11-29 05:00:00,0.0
2019-11-29 05:15:00,5.4371443
2019-11-29 05:30:00,9.177975
2019-11-29 05:45:00,5.964107
2019-11-29 06:00:00,0.0
2019-11-29 06:15:00,3.5557804
2019-11-29 06:30:00,6.249977
2019-11-29 06:45:00,-0.50601506
2019-11-29 07:00:00,7.2931223
2019-11-29 07:15:00,9.928454
2019-11-29 07:30:00,11.881053
2019-11-29 07:45:00,20.72017
2019-11-29 08:00:00,26.793192
2019-11-29 08:15:00,67.41355
2019-11-29 08:30:00,99.43424
2019-11-29 08:45:00,195.92815
2019-11-29 09:00:00,219.05612
2019-11-29 09:15:00,315.0417
2019-11-29 09:30:00,332.44727
2019-11-29 09:45:00,577.38354
2019-11-29 10:00:00,582.35504
2019-11-29 10:15:00,741.09875
2019-11-29 10:30:00,738.4044
2019-11-29 10:45:00,777.58417
2019-11-29 11:00:00,773.53394
2019-11-29 11:15:00,940.0707
2019-11-29 11:30:00,936.2054
2019-11-29 11:45:00,1169.267
2019-11-29 12:00:00,1168.1901
2019-11-29 12:15:00,1321.5675
2019-11-29 12:30:00,1325.5015
2019-11-29 12:45:00,1479.794
2019-11-29 13:00:00,1502.995
2019-11-29 13:15:00,1405.726
2019-11-29 13:30:00,1432.3228
2019-11-29 13:45:00,1270.6296
2019-11-29 14:00:00,1243.6124
2019-11-29 14:15:00,1386.9036
2019-11-29 14:30:00,1473.7156
2019-11-29 14:45:00,997.65625
2019-11-29 15:00:00,1109.9568
2019-11-29 15:15:00,992.5569
2019-11-29 15:30:00,1162.491
2019-11-29 15:45:00,765.93823
2019-11-29 16:00:00,878.96606
2019-11-29 16:15:00,685.82935
2019-11-29 16:30:00,732.05206
2019-11-29 16:45:00,459.42694
2019-11-29 17:00:00,462.42514
2019-11-29 17:15:00,233.78859
2019-11-29 17:30:00,240.94695
2019-11-29 17:45:00,51.30645
2019-11-29 18:00:00,31.12615
2019-11-29 18:15:00,5.964107
2019-11-29 18:30:00,9.177975
2019-11-29 18:45:00,5.4371443
2019-11-29 19:00:00,0.0
2019-11-29 19:15:00,0.0
2019-11-29 19:30:00,0.0
2019-11-29 19:45:00,0.0
2019-11-29 20:00:00,0.035439104
2019-11-29 20:15:00,0.0751656
2019-11-29 20:30:00,0.098797984
2019-11-29 20:45:00,0.11328311
2019-11-29 21:00:00,0.12244816
2019-11-29 21:15:00,0.12842569
2019-11-29 21:30:00,0.13243367
2019-11-29 21:45:00,0.13518715
2019-11-29 22:00:00,0.13711794
2019-11-29 22:15:00,0.1384933
2019-11-29 22:30:00,0.13948412
2019-11-29 22:45:00,0.1402
2019-11-29 23:00:00,0.14071389
2019-11-29 23:15:00,0.14107469
2019-11-29 23:30:00,0.23540461
2019-11-29 23:45:00,0.40144727
2019-11-30 00:00:00,0.4563652
2019-11-30 00:15:00,0.40143728
2019-11-30 00:30:00,0.23537491
2019-11-30 00:45:00,0.14107469
2019-11-30 01:00:00,0.14071389
2019-11-30 01:15:00,0.1402
2019-11-30 01:30:00,0.13948412
2019-11-30 01:45:00,0.1384933
2019-11-30 02:00:00,0.13711794
2019-11-30 02:15:00,0.13518715
2019-11-30 02:30:00,0.13243367
2019-11-30 02:45:00,0.12842569
2019-11-30 03:00:00,0.12244816
2019-11-30 03:15:00,0.11328311
2019-11-30 03:30:00,0.098797984
2019-11-30 03:45:00,0.0751656
2019-11-30 04:00:00,0.035439104
2019-11-30 04:15:00,0.0
2019-11-30 04:30:00,0.0
2019-11-30 04:45:00,0.0
2019-11-30 05:00:00,0.0
2019-11-30 05:15:00,5.4371443
2019-11-30 05:30:00,9.177975
2019-11-30 05:45:00,5.964107
2019-11-30 06:00:00,0.0
2019-11-30 06:15:00,3.5557804
2019-11-30 06:30:00,6.249977
2019-11-30 06:45:00,-0.50601506
2019-11-30 07:00:00,7.2931223
2019-11-30 07:15:00,9.928454
2019-11-30 07:30:00,11.881053
2019-11-30 07:45:00,20.72017
2019-11-30 08:00:00,26.793192
2019-11-30 08:15:00,73.14128
2019-11-30 08:30:00,105.96806
2019-11-30 08:45:00,271.33395
2019-11-30 09:00:00,310.91113
2019-11-30 09:15:00,602.2198
2019-11-30 09:30:00,629.2114
2019-11-30 09:45:00,938.6562
2019-11-30 10:00:00,950.35156
2019-11-30 10:15:00,1229.3785
2019-11-30 10:30:00,1227.23
2019-11-30 10:45:00,1356.732
2019-11-30 11:00:00,1347.461
2019-11-30 11:15:00,1278.7689
2019-11-30 11:30:00,1272.9089
2019-11-30 11:45:00,1138.391
2019-11-30 12:00:00,1137.35
2019-11-30 12:15:00,1203.6415
2019-11-30 12:30:00,1206.9519
2019-11-30 12:45:00,1564.0452
2019-11-30 13:00:00,1588.7244
2019-11-30 13:15:00,1270.027
2019-11-30 13:30:00,1277.4205
2019-11-30 13:45:00,874.21643
2019-11-30 14:00:00,874.83405
2019-11-30 14:15:00,820.7172
2019-11-30 14:30:00,799.19635
2019-11-30 14:45:00,669.9737
2019-11-30 15:00:00,594.0292
2019-11-30 15:15:00,450.9094
2019-11-30 15:30:00,401.6335
2019-11-30 15:45:00,439.01572
2019-11-30 16:00:00,523.2107
2019-11-30 16:15:00,528.07153
2019-11-30 16:30:00,597.29095
2019-11-30 16:45:00,408.75824
2019-11-30 17:00:00,419.255
2019-11-30 17:15:00,225.05519
2019-11-30 17:30:00,232.74124
2019-11-30 17:45:00,56.929047
2019-11-30 18:00:00,37.39344
2019-11-30 18:15:00,5.964107
2019-11-30 18:30:00,9.177975
2019-11-30 18:45:00,5.4371443
2019-11-30 19:00:00,0.0
2019-11-30 19:15:00,0.0
2019-11-30 19:30:00,0.0
2019-11-30 19:45:00,0.0
2019-11-30 20:00:00,0.035439104
2019-11-30 20:15:00,0.0751656
2019-11-30 20:30:00,0.098797984
2019-11-30 20:45:00,0.11328311
2019-11-30 21:00:00,0.12244816
2019-11-30 21:15:00,0.12842569
2019-11-30 21:30:00,0.13243367
2019-11-30 21:45:00,0.13518715
2019-11-30 22:00:00,0.13711794
2019-11-30 22:15:00,0.1384933
2019-11-30 22:30:00,0.13948412
2019-11-30 22:45:00,0.1402
2019-11-30 23:00:00,0.14071389
2019-11-30 23:15:00,0.14107469
2019-11-30 23:30:00,0.23540461
2019-11-30 23:45:00,0.40144727
2019-12-01 00:00:00,0.4563652
2019-12-01 00:15:00,0.40143728
2019-12-01 00:30:00,0.23537491
2019-12-01 00:45:00,0.14107469
2019-12-01 01:00:00,0.14071389
2019-12-01 01:15:00,0.1402
2019-12-01 01:30:00,0.13948412
2019-12-01 01:45:00,0.1384933
2019-12-01 02:00:00,0.13711794
2019-12-01 02:15:00,0.13518715
2019-12-01 02:30:00,0.13243367
2019-12-01 02:45:00,0.12842569
2019-12-01 03:00:00,0.12244816
2019-12-01 03:15:00,0.11328311
2019-12-01 03:30:00,0.098797984
2019-12-01 03:45:00,0.0751656
2019-12-01 04:00:00,0.035439104
2019-12-01 04:15:00,0.0
2019-12-01 04:30:00,0.0
2019-12-01 04:45:00,0.0
2019-12-01 05:00:00,0.0
2019-12-01 05:15:00,5.4371443
2019-12-01 05:30:00,9.177975
2019-12-01 05:45:00,5.964107
2019-12-01 06:00:00,0.0
2019-12-01 06:15:00,3.5557804
2019-12-01 06:30:00,6.249977
2019-12-01 06:45:00,-0.50601506
2019-12-01 07:00:00,7.2931223
2019-12-01 07:15:00,9.928454
2019-12-01 07:30:00,11.881053
2019-12-01 07:45:00,20.72017
2019-12-01 08:00:00,26.793192
2019-12-01 08:15:00,73.14128
2019-12-01 08:30:00,105.96806
2019-12-01 08:45:00,273.49225
2019-12-01 09:00:00,313.33386
2019-12-01 09:15:00,605.1291
2019-12-01 09:30:00,632.3938
2019-12-01 09:45:00,912.99457
2019-12-01 10:00:00,922.94403
2019-12-01 10:15:00,1177.0258
2019-12-01 10:30:00,1173.9146
2019-12-01 10:45:00,1458.112
2019-12-01 11:00:00,1431.5305
2019-12-01 11:15:00,1768.949
2019-12-01 11:30:00,1751.8201
2019-12-01 11:45:00,2044.3667
2019-12-01 12:00:00,2043.1746
2019-12-01 12:15:00,2150.8926
2019-12-01 12:30:00,2152.8057
2019-12-01 12:45:00,2189.005
2019-12-01 13:00:00,2190.9702
2019-12-01 13:15:00,2187.1191
2019-12-01 13:30:00,2185.378
2019-12-01 13:45:00,2140.9097
2019-12-01 14:00:00,2129.5269
2019-12-01 14:15:00,2043.3806
2019-12-01 14:30:00,2029.8451
2019-12-01 14:45:00,1910.3807
2019-12-01 15:00:00,1898.9008
2019-12-01 15:15:00,1737.6876
2019-12-01 15:30:00,1702.8555
2019-12-01 15:45:00,1460.7537
2019-12-01 16:00:00,1384.0166
2019-12-01 16:15:00,1048.5212
2019-12-01 16:30:00,982.46716
2019-12-01 16:45:00,594.19977
2019-12-01 17:00:00,572.8718
2019-12-01 17:15:00,266.23703
2019-12-01 17:30:00,267.20172
2019-12-01 17:45:00,53.179234
2019-12-01 18:00:00,33.22055
2019-12-01 18:15:00,5.964107
2019-12-01 18:30:00,9.177975
2019-12-01 18:45:00,5.4371443
2019-12-01 19:00:00,0.0
2019-12-01 19:15:00,0.0
2019-12-01 19:30:00,0.0
2019-12-01 19:45:00,0.0
2019-12-01 20:00:00,0.035439104
2019-12-01 20:15:00,0.0751656
2019-12-01 20:30:00,0.098797984
2019-12-01 20:45:00,0.11328311
2019-12-01 21:00:00,0.12244816
2019-12-01 21:15:00,0.12842569
2019-12-01 21:30:00,0.13243367
2019-12-01 21:45:00,0.13518715
2019-12-01 22:00:00,0.13711794
2019-12-01 22:15:00,0.1384933
2019-12-01 22:30:00,0.13948412
2019-12-01 22:45:00,0.1402
2019-12-01 23:00:00,0.14071389
2019-12-01 23:15:00,0.14107469
2019-12-01 23:30:00,0.23540461
2019-12-01 23:45:00,0.40144727
2019-12-02 00:00:00,0.4563652
2019-12-02 00:15:00,0.40143728
2019-12-02 00:30:00,0.23537491
2019-12-02 00:45:00,0.14107469
2019-12-02 01:00:00,0.14071389
2019-12-02 01:15:00,0.1402
2019-12-02 01:30:00,0.13948412
2019-12-02 01:45:00,0.1384933
2019-12-02 02:00:00,0.13711794
2019-12-02 02:15:00,0.13518715
2019-12-02 02:30:00,0.13243367
2019-12-02 02:45:00,0.12842569
2019-12-02 03:00:00,0.12244816
2019-12-02 03:15:00,0.11328311
2019-12-02 03:30:00,0.098797984
2019-12-02 03:45:00,0.0751656
2019-12-02 04:00:00,0.035439104
2019-12-02 04:15:00,0.0
2019-12-02 04:30:00,0.0
2019-12-02 04:45:00,0.0
2019-12-02 05:00:00,0.0
2019-12-02 05:15:00,5.4371443
2019-12-02 05:30:00,9.177975
2019-12-02 05:45:00,5.964107
2019-12-02 06:00:00,0.0
2019-12-02 06:15:00,3.5557804
2019-12-02 06:30:00,6.249977
2019-12-02 06:45:00,-0.50601506
2019-12-02 07:00:00,7.2931223
2019-12-02 07:15:00,9.928454
2019-12-02 07:30:00,11.881053
2019-12-02 07:45:00,19.690268
2019-12-02 08:00:00,25.805601
2019-12-02 08:15:00,57.468124
2019-12-02 08:30:00,87.89238
2019-12-02 08:45:00,181.82367
2019-12-02 09:00:00,204.28807
2019-12-02 09:15:00,395.07156
2019-12-02 09:30:00,413.3348
2019-12-02 09:45:00,609.00995
2019-12-02 10:00:00,613.6856
2019-12-02 10:15:00,731.0873
2019-12-02 10:30:00,728.53296
2019-12-02 10:45:00,841.2794
2019-12-02 11:00:00,836.4637
2019-12-02 11:15:00,953.71375
2019-12-02 11:30:00,949.76843
2019-12-02 11:45:00,1172.7006
2019-12-02 12:00:00,1171.6198
2019-12-02 12:15:00,1110.9797
2019-12-02 12:30:00,1113.9608
2019-12-02 12:45:00,1118.7388
2019-12-02 13:00:00,1124.975
2019-12-02 13:15:00,1128.5255
2019-12-02 13:30:00,1135.1259
2019-12-02 13:45:00,1340.3595
2019-12-02 14:00:00,1330.8157
2019-12-02 14:15:00,1003.5872
2019-12-02 14:30:00,942.9736
2019-12-02 14:45:00,798.7925
2019-12-02 15:00:00,729.0669
2019-12-02 15:15:00,562.71924
2019-12-02 15:30:00,590.6768
2019-12-02 15:45:00,321.12286
2019-12-02 16:00:00,386.33887
2019-12-02 16:15:00,371.77936
2019-12-02 16:30:00,430.90298
2019-12-02 16:45:00,305.62357
2019-12-02 17:00:00,328.04932
2019-12-02 17:15:00,164.07346
2019-12-02 17:30:00,172.05144
2019-12-02 17:45:00,47.565876
2019-12-02 18:00:00,26.922596
2019-12-02 18:15:00,5.964107
2019-12-02 18:30:00,9.177975
2019-12-02 18:45:00,5.4371443
2019-12-02 19:00:00,0.0
2019-12-02 19:15:00,0.0
2019-12-02 19:30:00,0.0
2019-12-02 19:45:00,0.0
2019-12-02 20:00:00,0.035439104
2019-12-02 20:15:00,0.0751656
2019-12-02 20:30:00,0.098797984
2019-12-02 20:45:00,0.11328311
2019-12-02 21:00:00,0.12244816
2019-12-02 21:15:00,0.12842569
2019-12-02 21:30:00,0.13243367
2019-12-02 21:45:00,0.13518715
2019-12-02 22:00:00,0.13711794
2019-12-02 22:15:00,0.1384933
2019-12-02 22:30:00,0.13948412
2019-12-02 22:45:00,0.1402
2019-12-02 23:00:00,0.14071389
2019-12-02 23:15:00,0.14107469
2019-12-02 23:30:00,0.23540461
2019-12-02 23:45:00,0.40144727
2019-12-03 00:00:00,0.4563652
2019-12-03 00:15:00,0.40143728
2019-12-03 00:30:00,0.23537491
2019-12-03 00:45:00,0.14107469
2019-12-03 01:00:00,0.14071389
2019-12-03 01:15:00,0.1402
2019-12-03 01:30:00,0.13948412
2019-12-03 01:45:00,0.1384933
2019-12-03 02:00:00,0.13711794
2019-12-03 02:15:00,0.13518715
2019-12-03 02:30:00,0.13243367
2019-12-03 02:45:00,0.12842569
2019-12-03 03:00:00,0.12244816
2019-12-03 03:15:00,0.11328311
2019-12-03 03:30:00,0.098797984
2019-12-03 03:45:00,0.0751656
2019-12-03 04:00:00,0.035439104
2019-12-03 04:15:00,0.0
2019-12-03 04:30:00,0.0
2019-12-03 04:45:00,0.0
2019-12-03 05:00:00,0.0
2019-12-03 05:15:00,5.4371443
2019-12-03 05:30:00,9.177975
2019-12-03 05:45:00,5.964107
2019-12-03 06:00:00,0.0
2019-12-03 06:15:00,3.5557804
2019-12-03 06:30:00,6.249977
2019-12-03 06:45:00,-0.50601506
2019-12-03 07:00:00,7.2931223
2019-12-03 07:15:00,9.928454
2019-12-03 07:30:00,11.881053
2019-12-03 07:45:00,19.690268
2019-12-03 08:00:00,25.805601
2019-12-03 08:15:00,56.39111
2019-12-03 08:30:00,86.62767
2019-12-03 08:45:00,169.56116
2019-12-03 09:00:00,191.5077
2019-12-03 09:15:00,298.07275
2019-12-03 09:30:00,315.34808
2019-12-03 09:45:00,361.76315
2019-12-03 10:00:00,369.75635
2019-12-03 10:15:00,565.862
2019-12-03 10:30:00,566.1008
2019-12-03 10:45:00,1009.9866
2019-12-03 11:00:00,1003.70874
2019-12-03 11:15:00,1292.8735
2019-12-03 11:30:00,1286.8829
2019-12-03 11:45:00,1637.7931
2019-12-03 12:00:00,1633.8258
2019-12-03 12:15:00,1836.8967
2019-12-03 12:30:00,1846.1377
2019-12-03 12:45:00,1926.8682
2019-12-03 13:00:00,1935.0505
2019-12-03 13:15:00,1609.178
2019-12-03 13:30:00,1626.4722
2019-12-03 13:45:00,1451.2737
2019-12-03 14:00:00,1443.3958
2019-12-03 14:15:00,1085.488
2019-12-03 14:30:00,997.43555
2019-12-03 14:45:00,750.9418
2019-12-03 15:00:00,645.9955
2019-12-03 15:15:00,514.99835
2019-12-03 15:30:00,522.5838
2019-12-03 15:45:00,500.46072
2019-12-03 16:00:00,593.2704
2019-12-03 16:15:00,506.28897
2019-12-03 16:30:00,577.6147
2019-12-03 16:45:00,354.01364
2019-12-03 17:00:00,370.20425
2019-12-03 17:15:00,213.38715
2019-12-03 17:30:00,221.6015
2019-12-03 17:45:00,49.43536
2019-12-03 18:00:00,29.026728
2019-12-03 18:15:00,5.964107
2019-12-03 18:30:00,9.177975
2019-12-03 18:45:00,5.4371443
2019-12-03 19:00:00,0.0
2019-12-03 19:15:00,0.0
2019-12-03 19:30:00,0.0
2019-12-03 19:45:00,0.0
2019-12-03 20:00:00,0.035439104
2019-12-03 20:15:00,0.0751656
2019-12-03 20:30:00,0.098797984
2019-12-03 20:45:00,0.11328311
2019-12-03 21:00:00,0.12244816
2019-12-03 21:15:00,0.12842569
2019-12-03 21:30:00,0.13243367
2019-12-03 21:45:00,0.13518715
2019-12-03 22:00:00,0.13711794
2019-12-03 22:15:00,0.1384933
2019-12-03 22:30:00,0.13948412
2019-12-03 22:45:00,0.1402
2019-12-03 23:00:00,0.14071389
2019-12-03 23:15:00,0.14107469
2019-12-03 23:30:00,0.23540461
2019-12-03 23:45:00,0.40144727
2019-12-04 00:00:00,0.4563652
2019-12-04 00:15:00,0.40143728
2019-12-04 00:30:00,0.23537491
2019-12-04 00:45:00,0.14107469
2019-12-04 01:00:00,0.14071389
2019-12-04 01:15:00,0.1402
2019-12-04 01:30:00,0.13948412
2019-12-04 01:45:00,0.1384933
2019-12-04 02:00:00,0.13711794
2019-12-04 02:15:00,0.13518715
2019-12-04 02:30:00,0.13243367
2019-12-04 02:45:00,0.12842569
2019-12-04 03:00:00,0.12244816
2019-12-04 03:15:00,0.11328311
2019-12-04 03:30:00,0.098797984
2019-12-04 03:45:00,0.0751656
2019-12-04 04:00:00,0.035439104
2019-12-04 04:15:00,0.0
2019-12-04 04:30:00,0.0
2019-12-04 04:45:00,0.0
2019-12-04 05:00:00,0.0
2019-12-04 05:15:00,5.4371443
2019-12-04 05:30:00,9.177975
2019-12-04 05:45:00,5.964107
2019-12-04 06:00:00,0.0
2019-12-04 06:15:00,3.5557804
2019-12-04 06:30:00,6.249977
2019-12-04 06:45:00,-0.50601506
2019-12-04 07:00:00,7.2931223
2019-12-04 07:15:00,9.928454
2019-12-04 07:30:00,11.881053
2019-12-04 07:45:00,19.690268
2019-12-04 08:00:00,25.805601
2019-12-04 08:15:00,53.1933
2019-12-04 08:30:00,82.8551
2019-12-04 08:45:00,194.34541
2019-12-04 09:00:00,217.39484
2019-12-04 09:15:00,428.02344
2019-12-04 09:30:00,446.84253
2019-12-04 09:45:00,568.0207
2019-12-04 10:00:00,573.09216
2019-12-04 10:15:00,599.3236
2019-12-04 10:30:00,598.94464
2019-12-04 10:45:00,1177.6538
2019-12-04 11:00:00,1170.2416
2019-12-04 11:15:00,1250.6777
2019-12-04 11:30:00,1245.0608
2019-12-04 11:45:00,1155.538
2019-12-04 12:00:00,1154.4777
2019-12-04 12:15:00,1272.7544
2019-12-04 12:30:00,1276.3994
2019-12-04 12:45:00,1447.9651
2019-12-04 13:00:00,1470.3142
2019-12-04 13:15:00,1431.824
2019-12-04 13:30:00,1458.4534
2019-12-04 13:45:00,1421.01
2019-12-04 14:00:00,1410.6772
2019-12-04 14:15:00,1273.1538
2019-12-04 14:30:00,1352.9202
2019-12-04 14:45:00,1617.3442
2019-12-04 15:00:00,1676.8937
2019-12-04 15:15:00,1471.7687
2019-12-04 15:30:00,1530.1509
2019-12-04 15:45:00,979.55286
2019-12-04 16:00:00,1114.9655
2019-12-04 16:15:00,804.3964
2019-12-04 16:30:00,845.8617
2019-12-04 16:45:00,515.49207
2019-12-04 17:00:00,511.1353
2019-12-04 17:15:00,213.38715
2019-12-04 17:30:00,221.6015
2019-12-04 17:45:00,32.686623
2019-12-04 18:00:00,9.935431
2019-12-04 18:15:00,5.964107
2019-12-04 18:30:00,9.177975
2019-12-04 18:45:00,5.4371443
2019-12-04 19:00:00,0.0
2019-12-04 19:15:00,0.0
2019-12-04 19:30:00,0.0
2019-12-04 19:45:00,0.0
2019-12-04 20:00:00,0.035439104
2019-12-04 20:15:00,0.0751656
2019-12-04 20:30:00,0.098797984
2019-12-04 20:45:00,0.11328311
2019-12-04 21:00:00,0.12244816
2019-12-04 21:15:00,0.12842569
2019-12-04 21:30:00,0.13243367
2019-12-04 21:45:00,0.13518715
2019-12-04 22:00:00,0.13711794
2019-12-04 22:15:00,0.1384933
2019-12-04 22:30:00,0.13948412
2019-12-04 22:45:00,0.1402
2019-12-04 23:00:00,0.14071389
2019-12-04 23:15:00,0.14107469
2019-12-04 23:30:00,0.23540461
2019-12-04 23:45:00,0.40144727
2019-12-05 00:00:00,0.4563652
2019-12-05 00:15:00,0.40143728
2019-12-05 00:30:00,0.23537491
2019-12-05 00:45:00,0.14107469
2019-12-05 01:00:00,0.14071389
2019-12-05 01:15:00,0.1402
2019-12-05 01:30:00,0.13948412
2019-12-05 01:45:00,0.1384933
2019-12-05 02:00:00,0.13711794
2019-12-05 02:15:00,0.13518715
2019-12-05 02:30:00,0.13243367
2019-12-05 02:45:00,0.12842569
2019-12-05 03:00:00,0.12244816
2019-12-05 03:15:00,0.11328311
2019-12-05 03:30:00,0.098797984
2019-12-05 03:45:00,0.0751656
2019-12-05 04:00:00,0.035439104
2019-12-05 04:15:00,0.0
2019-12-05 04:30:00,0.0
2019-12-05 04:45:00,0.0
2019-12-05 05:00:00,0.0
2019-12-05 05:15:00,5.4371443
2019-12-05 05:30:00,9.177975
2019-12-05 05:45:00,5.964107
2019-12-05 06:00:00,0.0
2019-12-05 06:15:00,3.5557804
2019-12-05 06:30:00,6.249977
2019-12-05 06:45:00,-0.50601506
2019-12-05 07:00:00,7.2931223
2019-12-05 07:15:00,9.928454
2019-12-05 07:30:00,11.881053
2019-12-05 07:45:00,19.690268
2019-12-05 08:00:00,25.805601
2019-12-05 08:15:00,47.971313
2019-12-05 08:30:00,76.63994
2019-12-05 08:45:00,145.85313
2019-12-05 09:00:00,166.92615
2019-12-05 09:15:00,251.9124
2019-12-05 09:30:00,268.8676
2019-12-05 09:45:00,349.28964
2019-12-05 10:00:00,357.463
2019-12-05 10:15:00,501.68954
2019-12-05 10:30:00,503.13678
2019-12-05 10:45:00,646.1941
2019-12-05 11:00:00,643.99414
2019-12-05 11:15:00,879.09955
2019-12-05 11:30:00,875.6241
2019-12-05 11:45:00,977.8259
2019-12-05 12:00:00,976.95874
2019-12-05 12:15:00,890.1417
2019-12-05 12:30:00,892.3674
2019-12-05 12:45:00,832.3159
2019-12-05 13:00:00,836.4637
2019-12-05 13:15:00,794.20575
2019-12-05 13:30:00,798.52484
2019-12-05 13:45:00,922.80536
2019-12-05 14:00:00,922.94403
2019-12-05 14:15:00,988.51447
2019-12-05 14:30:00,933.3573
2019-12-05 14:45:00,791.40894
2019-12-05 15:00:00,707.3212
2019-12-05 15:15:00,631.0303
2019-12-05 15:30:00,684.59937
2019-12-05 15:45:00,515.37555
2019-12-05 16:00:00,610.33704
2019-12-05 16:15:00,266.51038
2019-12-05 16:30:00,295.27612
2019-12-05 16:45:00,181.43947
2019-12-05 17:00:00,203.01099
2019-12-05 17:15:00,111.169395
2019-12-05 17:30:00,120.79474
2019-12-05 17:45:00,40.107487
2019-12-05 18:00:00,18.461128
2019-12-05 18:15:00,5.964107
2019-12-05 18:30:00,9.177975
2019-12-05 18:45:00,5.4371443
2019-12-05 19:00:00,0.0
2019-12-05 19:15:00,0.0
2019-12-05 19:30:00,0.0
2019-12-05 19:45:00,0.0
2019-12-05 20:00:00,0.035439104
2019-12-05 20:15:00,0.0751656
2019-12-05 20:30:00,0.098797984
2019-12-05 20:45:00,0.11328311
2019-12-05 21:00:00,0.12244816
2019-12-05 21:15:00,0.12842569
2019-12-05 21:30:00,0.13243367
2019-12-05 21:45:00,0.13518715
2019-12-05 22:00:00,0.13711794
2019-12-05 22:15:00,0.1384933
2019-12-05 22:30:00,0.13948412
2019-12-05 22:45:00,0.1402
2019-12-05 23:00:00,0.14071389
2019-12-05 23:15:00,0.14107469
2019-12-05 23:30:00,0.23540461
2019-12-05 23:45:00,0.40144727
2019-12-06 00:00:00,0.4563652
2019-12-06 00:15:00,0.40143728
2019-12-06 00:30:00,0.23537491
2019-12-06 00:45:00,0.14107469
2019-12-06 01:00:00,0.14071389
2019-12-06 01:15:00,0.1402
2019-12-06 01:30:00,0.13948412
2019-12-06 01:45:00,0.1384933
2019-12-06 02:00:00,0.13711794
2019-12-06 02:15:00,0.13518715
2019-12-06 02:30:00,0.13243367
2019-12-06 02:45:00,0.12842569
2019-12-06 03:00:00,0.12244816
2019-12-06 03:15:00,0.11328311
2019-12-06 03:30:00,0.098797984
2019-12-06 03:45:00,0.0751656
2019-12-06 04:00:00,0.035439104
2019-12-06 04:15:00,0.0
2019-12-06 04:30:00,0.0
2019-12-06 04:45:00,0.0
2019-12-06 05:00:00,0.0
2019-12-06 05:15:00,5.4371443
2019-12-06 05:30:00,9.177975
2019-12-06 05:45:00,5.964107
2019-12-06 06:00:00,0.0
2019-12-06 06:15:00,3.5557804
2019-12-06 06:30:00,6.249977
2019-12-06 06:45:00,-0.50601506
2019-12-06 07:00:00,7.2931223
2019-12-06 07:15:00,9.928454
2019-12-06 07:30:00,11.881053
2019-12-06 07:45:00,18.665932
2019-12-06 08:00:00,24.82338
2019-12-06 08:15:00,50.04416
2019-12-06 08:30:00,79.115135
2019-12-06 08:45:00,175.65906
2019-12-06 09:00:00,197.85704
2019-12-06 09:15:00,450.5174
2019-12-06 09:30:00,469.82138
2019-12-06 09:45:00,683.7965
2019-12-06 10:00:00,688.1448
2019-12-06 10:15:00,808.78937
2019-12-06 10:30:00,805.28864
2019-12-06 10:45:00,1181.1753
2019-12-06 11:00:00,1173.7319
2019-12-06 11:15:00,1596.7964
2019-12-06 11:30:00,1578.1343
2019-12-06 11:45:00,1813.7036
2019-12-06 12:00:00,1810.1516
2019-12-06 12:15:00,1554.0552
2019-12-06 12:30:00,1565.1912
2019-12-06 12:45:00,1935.9252
2019-12-06 13:00:00,1943.8102
2019-12-06 13:15:00,1985.0212
2019-12-06 13:30:00,1993.0128
2019-12-06 13:45:00,1622.4105
2019-12-06 14:00:00,1642.2686
2019-12-06 14:15:00,1651.6891
2019-12-06 14:30:00,1709.4717
2019-12-06 14:45:00,1793.0471
2019-12-06 15:00:00,1811.5853
2019-12-06 15:15:00,1611.2754
2019-12-06 15:30:00,1628.4517
2019-12-06 15:45:00,1277.1101
2019-12-06 16:00:00,1296.7535
2019-12-06 16:15:00,647.2295
2019-12-06 16:30:00,702.2107
2019-12-06 16:45:00,313.47482
2019-12-06 17:00:00,334.9168
2019-12-06 17:15:00,181.36194
2019-12-06 17:30:00,189.91104
2019-12-06 17:45:00,47.565876
2019-12-06 18:00:00,26.922596
2019-12-06 18:15:00,5.964107
2019-12-06 18:30:00,9.177975
2019-12-06 18:45:00,5.4371443
2019-12-06 19:00:00,0.0
2019-12-06 19:15:00,0.0
2019-12-06 19:30:00,0.0
2019-12-06 19:45:00,0.0
2019-12-06 20:00:00,0.035439104
2019-12-06 20:15:00,0.0751656
2019-12-06 20:30:00,0.098797984
2019-12-06 20:45:00,0.11328311
2019-12-06 21:00:00,0.12244816
2019-12-06 21:15:00,0.12842569
2019-12-06 21:30:00,0.13243367
2019-12-06 21:45:00,0.13518715
2019-12-06 22:00:00,0.13711794
2019-12-06 22:15:00,0.1384933
2019-12-06 22:30:00,0.13948412
2019-12-06 22:45:00,0.1402
2019-12-06 23:00:00,0.14071389
2019-12-06 23:15:00,0.14107469
2019-12-06 23:30:00,0.23540461
2019-12-06 23:45:00,0.40144727
2019-12-07 00:00:00,0.4563652
2019-12-07 00:15:00,0.40143728
2019-12-07 00:30:00,0.23537491
2019-12-07 00:45:00,0.14107469
2019-12-07 01:00:00,0.14071389
2019-12-07 01:15:00,0.1402
2019-12-07 01:30:00,0.13948412
2019-12-07 01:45:00,0.1384933
2019-12-07 02:00:00,0.13711794
2019-12-07 02:15:00,0.13518715
2019-12-07 02:30:00,0.13243367
2019-12-07 02:45:00,0.12842569
2019-12-07 03:00:00,0.12244816
2019-12-07 03:15:00,0.11328311
2019-12-07 03:30:00,0.098797984
2019-12-07 03:45:00,0.0751656
2019-12-07 04:00:00,0.035439104
2019-12-07 04:15:00,0.0
2019-12-07 04:30:00,0.0
2019-12-07 04:45:00,0.0
2019-12-07 05:00:00,0.0
2019-12-07 05:15:00,5.4371443
2019-12-07 05:30:00,9.177975
2019-12-07 05:45:00,5.964107
2019-12-07 06:00:00,0.0
2019-12-07 06:15:00,3.5557804
2019-12-07 06:30:00,6.249977
2019-12-07 06:45:00,-0.50601506
2019-12-07 07:00:00,7.2931223
2019-12-07 07:15:00,9.928454
2019-12-07 07:30:00,11.881053
2019-12-07 07:45:00,18.665932
2019-12-07 08:00:00,24.82338
2019-12-07 08:15:00,55.319756
2019-12-07 08:30:00,85.36649
2019-12-07 08:45:00,220.09923
2019-12-07 09:00:00,245.94945
2019-12-07 09:15:00,502.36664
2019-12-07 09:30:00,523.2447
2019-12-07 09:45:00,844.04456
2019-12-07 10:00:00,850.76105
2019-12-07 10:15:00,1135.1085
2019-12-07 10:30:00,1131.6101
2019-12-07 10:45:00,1378.4458
2019-12-07 11:00:00,1369.1045
2019-12-07 11:15:00,1583.6868
2019-12-07 11:30:00,1565.1912
2019-12-07 11:45:00,1807.7944
2019-12-07 12:00:00,1804.1945
2019-12-07 12:15:00,2029.3104
2019-12-07 12:30:00,2032.8356
2019-12-07 12:45:00,2069.9546
2019-12-07 13:00:00,2075.0742
2019-12-07 13:15:00,1873.946
2019-12-07 13:30:00,1882.3984
2019-12-07 13:45:00,1433.1729
2019-12-07 14:00:00,1423.6279
2019-12-07 14:15:00,1403.4282
2019-12-07 14:30:00,1489.7485
2019-12-07 14:45:00,1516.5161
2019-12-07 15:00:00,1598.8271
2019-12-07 15:15:00,1388.4666
2019-12-07 15:30:00,1470.4199
2019-12-07 15:45:00,1246.8699
2019-12-07 16:00:00,1279.3163
2019-12-07 16:15:00,874.6606
2019-12-07 16:30:00,891.07007
2019-12-07 16:45:00,537.4259
2019-12-07 17:00:00,528.47394
2019-12-07 17:15:00,248.85965
2019-12-07 17:30:00,254.28825
2019-12-07 17:45:00,47.565876
2019-12-07 18:00:00,26.922596
2019-12-07 18:15:00,5.964107
2019-12-07 18:30:00,9.177975
2019-12-07 18:45:00,5.4371443
2019-12-07 19:00:00,0.0
2019-12-07 19:15:00,0.0
2019-12-07 19:30:00,0.0
2019-12-07 19:45:00,0.0
2019-12-07 20:00:00,0.035439104
2019-12-07 20:15:00,0.0751656
2019-12-07 20:30:00,0.098797984
2019-12-07 20:45:00,0.11328311
2019-12-07 21:00:00,0.12244816
2019-12-07 21:15:00,0.12842569
2019-12-07 21:30:00,0.13243367
2019-12-07 21:45:00,0.13518715
2019-12-07 22:00:00,0.13711794
2019-12-07 22:15:00,0.1384933
2019-12-07 22:30:00,0.13948412
2019-12-07 22:45:00,0.1402
2019-12-07 23:00:00,0.14071389
2019-12-07 23:15:00,0.14107469
2019-12-07 23:30:00,0.23540461
2019-12-07 23:45:00,0.40144727
2019-12-08 00:00:00,0.4563652
2019-12-08 00:15:00,0.40143728
2019-12-08 00:30:00,0.23537491
2019-12-08 00:45:00,0.14107469
2019-12-08 01:00:00,0.14071389
2019-12-08 01:15:00,0.1402
2019-12-08 01:30:00,0.13948412
2019-12-08 01:45:00,0.1384933
2019-12-08 02:00:00,0.13711794
2019-12-08 02:15:00,0.13518715
2019-12-08 02:30:00,0.13243367
2019-12-08 02:45:00,0.12842569
2019-12-08 03:00:00,0.12244816
2019-12-08 03:15:00,0.11328311
2019-12-08 03:30:00,0.098797984
2019-12-08 03:45:00,0.0751656
2019-12-08 04:00:00,0.035439104
2019-12-08 04:15:00,0.0
2019-12-08 04:30:00,0.0
2019-12-08 04:45:00,0.0
2019-12-08 05:00:00,0.0
2019-12-08 05:15:00,5.4371443
2019-12-08 05:30:00,9.177975
2019-12-08 05:45:00,5.964107
2019-12-08 06:00:00,0.0
2019-12-08 06:15:00,3.5557804
2019-12-08 06:30:00,6.249977
2019-12-08 06:45:00,-0.50601506
2019-12-08 07:00:00,7.2931223
2019-12-08 07:15:00,9.928454
2019-12-08 07:30:00,11.881053
2019-12-08 07:45:00,18.665932
2019-12-08 08:00:00,24.82338
2019-12-08 08:15:00,54.253716
2019-12-08 08:30:00,84.10909
2019-12-08 08:45:00,192.7665
2019-12-08 09:00:00,215.73863
2019-12-08 09:15:00,405.94305
2019-12-08 09:30:00,424.37247
2019-12-08 09:45:00,767.13245
2019-12-08 10:00:00,772.0292
2019-12-08 10:15:00,1072.4114
2019-12-08 10:30:00,1068.5182
2019-12-08 10:45:00,1266.4403
2019-12-08 11:00:00,1258.0648
2019-12-08 11:15:00,1429.0566
2019-12-08 11:30:00,1413.6067
2019-12-08 11:45:00,1573.2786
2019-12-08 12:00:00,1569.5038
2019-12-08 12:15:00,1599.0244
2019-12-08 12:30:00,1610.5953
2019-12-08 12:45:00,1744.6499
2019-12-08 13:00:00,1764.5509
2019-12-08 13:15:00,1316.8921
2019-12-08 13:30:00,1324.0378
2019-12-08 13:45:00,1027.1898
2019-12-08 14:00:00,1025.1635
2019-12-08 14:15:00,780.54193
2019-12-08 14:30:00,762.50964
2019-12-08 14:45:00,708.67664
2019-12-08 15:00:00,617.46936
2019-12-08 15:15:00,494.8448
2019-12-08 15:30:00,492.90503
2019-12-08 15:45:00,485.7916
2019-12-08 16:00:00,576.487
2019-12-08 16:15:00,511.678
2019-12-08 16:30:00,582.57526
2019-12-08 16:45:00,404.51135
2019-12-08 17:00:00,415.60034
2019-12-08 17:15:00,216.30557
2019-12-08 17:30:00,224.40703
2019-12-08 17:45:00,51.30645
2019-12-08 18:00:00,31.12615
2019-12-08 18:15:00,5.964107
2019-12-08 18:30:00,9.177975
2019-12-08 18:45:00,5.4371443
2019-12-08 19:00:00,0.0
2019-12-08 19:15:00,0.0
2019-12-08 19:30:00,0.0
2019-12-08 19:45:00,0.0
2019-12-08 20:00:00,0.035439104
2019-12-08 20:15:00,0.0751656
2019-12-08 20:30:00,0.098797984
2019-12-08 20:45:00,0.11328311
2019-12-08 21:00:00,0.12244816
2019-12-08 21:15:00,0.12842569
2019-12-08 21:30:00,0.13243367
2019-12-08 21:45:00,0.13518715
2019-12-08 22:00:00,0.13711794
2019-12-08 22:15:00,0.1384933
2019-12-08 22:30:00,0.13948412
2019-12-08 22:45:00,0.1402
2019-12-08 23:00:00,0.14071389
2019-12-08 23:15:00,0.14107469
2019-12-08 23:30:00,0.23540461
2019-12-08 23:45:00,0.40144727
2019-12-09 00:00:00,0.4563652
2019-12-09 00:15:00,0.40143728
2019-12-09 00:30:00,0.23537491
2019-12-09 00:45:00,0.14107469
2019-12-09 01:00:00,0.14071389
2019-12-09 01:15:00,0.1402
2019-12-09 01:30:00,0.13948412
2019-12-09 01:45:00,0.1384933
2019-12-09 02:00:00,0.13711794
2019-12-09 02:15:00,0.13518715
2019-12-09 02:30:00,0.13243367
2019-12-09 02:45:00,0.12842569
2019-12-09 03:00:00,0.12244816
2019-12-09 03:15:00,0.11328311
2019-12-09 03:30:00,0.098797984
2019-12-09 03:45:00,0.0751656
2019-12-09 04:00:00,0.035439104
2019-12-09 04:15:00,0.0
2019-12-09 04:30:00,0.0
2019-12-09 04:45:00,0.0
2019-12-09 05:00:00,0.0
2019-12-09 05:15:00,5.4371443
2019-12-09 05:30:00,9.177975
2019-12-09 05:45:00,5.964107
2019-12-09 06:00:00,0.0
2019-12-09 06:15:00,3.5557804
2019-12-09 06:30:00,6.249977
2019-12-09 06:45:00,-0.50601506
2019-12-09 07:00:00,7.2931223
2019-12-09 07:15:00,9.928454
2019-12-09 07:30:00,11.881053
2019-12-09 07:45:00,18.665932
2019-12-09 08:00:00,24.82338
2019-12-09 08:15:00,55.319756
2019-12-09 08:30:00,85.36649
2019-12-09 08:45:00,225.02254
2019-12-09 09:00:00,252.6298
2019-12-09 09:15:00,516.99603
2019-12-09 09:30:00,538.4665
2019-12-09 09:45:00,834.0612
2019-12-09 10:00:00,840.45026
2019-12-09 10:15:00,1117.6735
2019-12-09 10:30:00,1114.0511
2019-12-09 10:45:00,1302.4333
2019-12-09 11:00:00,1293.6254
2019-12-09 11:15:00,1422.7864
2019-12-09 11:30:00,1407.4808
2019-12-09 11:45:00,1515.9021
2019-12-09 12:00:00,1512.3619
2019-12-09 12:15:00,1605.4766
2019-12-09 12:30:00,1617.0979
2019-12-09 12:45:00,1815.4082
2019-12-09 13:00:00,1830.1842
2019-12-09 13:15:00,1883.4272
2019-12-09 13:30:00,1892.0405
2019-12-09 13:45:00,1699.9204
2019-12-09 14:00:00,1725.1558
2019-12-09 14:15:00,1523.6179
2019-12-09 14:30:00,1599.7839
2019-12-09 14:45:00,1695.3108
2019-12-09 15:00:00,1736.6558
2019-12-09 15:15:00,1547.9252
2019-12-09 15:30:00,1584.2036
2019-12-09 15:45:00,1319.2526
2019-12-09 16:00:00,1320.4348
2019-12-09 16:15:00,1009.2976
2019-12-09 16:30:00,964.024
2019-12-09 16:45:00,578.7216
2019-12-09 17:00:00,560.8228
2019-12-09 17:15:00,269.67816
2019-12-09 17:30:00,269.7289
2019-12-09 17:45:00,55.053368
2019-12-09 18:00:00,35.309654
2019-12-09 18:15:00,5.964107
2019-12-09 18:30:00,9.177975
2019-12-09 18:45:00,5.4371443
2019-12-09 19:00:00,0.0
2019-12-09 19:15:00,0.0
2019-12-09 19:30:00,0.0
2019-12-09 19:45:00,0.0
2019-12-09 20:00:00,0.035439104
2019-12-09 20:15:00,0.0751656
2019-12-09 20:30:00,0.098797984
2019-12-09 20:45:00,0.11328311
2019-12-09 21:00:00,0.12244816
2019-12-09 21:15:00,0.12842569
2019-12-09 21:30:00,0.13243367
2019-12-09 21:45:00,0.13518715
2019-12-09 22:00:00,0.13711794
2019-12-09 22:15:00,0.1384933
2019-12-09 22:30:00,0.13948412
2019-12-09 22:45:00,0.1402
2019-12-09 23:00:00,0.14071389
2019-12-09 23:15:00,0.14107469
2019-12-09 23:30:00,0.23540461
2019-12-09 23:45:00,0.40144727
2019-12-10 00:00:00,0.4563652
2019-12-10 00:15:00,0.40143728
2019-12-10 00:30:00,0.23537491
2019-12-10 00:45:00,0.14107469
2019-12-10 01:00:00,0.14071389
2019-12-10 01:15:00,0.1402
2019-12-10 01:30:00,0.13948412
2019-12-10 01:45:00,0.1384933
2019-12-10 02:00:00,0.13711794
2019-12-10 02:15:00,0.13518715
2019-12-10 02:30:00,0.13243367
2019-12-10 02:45:00,0.12842569
2019-12-10 03:00:00,0.12244816
2019-12-10 03:15:00,0.11328311
2019-12-10 03:30:00,0.098797984
2019-12-10 03:45:00,0.0751656
2019-12-10 04:00:00,0.035439104
2019-12-10 04:15:00,0.0
2019-12-10 04:30:00,0.0
2019-12-10 04:45:00,0.0
2019-12-10 05:00:00,0.0
2019-12-10 05:15:00,5.4371443
2019-12-10 05:30:00,9.177975
2019-12-10 05:45:00,5.964107
2019-12-10 06:00:00,0.0
2019-12-10 06:15:00,3.5557804
2019-12-10 06:30:00,6.249977
2019-12-10 06:45:00,-0.50601506
2019-12-10 07:00:00,7.2931223
2019-12-10 07:15:00,9.928454
2019-12-10 07:30:00,11.881053
2019-12-10 07:45:00,18.665932
2019-12-10 08:00:00,24.82338
2019-12-10 08:15:00,54.253716
2019-12-10 08:30:00,84.10909
2019-12-10 08:45:00,199.10483
2019-12-10 09:00:00,222.39355
2019-12-10 09:15:00,368.41455
2019-12-10 09:30:00,386.3316
2019-12-10 09:45:00,830.72894
2019-12-10 10:00:00,837.0148
2019-12-10 10:15:00,1041.1045
2019-12-10 10:30:00,1037.0571
2019-12-10 10:45:00,1149.5442
2019-12-10 11:00:00,1142.3647
2019-12-10 11:15:00,1307.0197
2019-12-10 11:30:00,1300.8931
2019-12-10 11:45:00,1193.3201
2019-12-10 12:00:00,1192.2125
2019-12-10 12:15:00,1005.04095
2019-12-10 12:30:00,1007.6919
2019-12-10 12:45:00,885.8336
2019-12-10 13:00:00,890.4784
2019-12-10 13:15:00,784.21985
2019-12-10 13:30:00,788.40765
2019-12-10 13:45:00,767.98987
2019-12-10 14:00:00,768.63043
2019-12-10 14:15:00,790.59784
2019-12-10 14:30:00,771.7903
2019-12-10 14:45:00,771.1161
2019-12-10 15:00:00,668.3947
2019-12-10 15:15:00,555.52185
2019-12-10 15:30:00,580.31683
2019-12-10 15:45:00,540.7664
2019-12-10 16:00:00,639.2275
2019-12-10 16:15:00,490.37415
2019-12-10 16:30:00,562.5907
2019-12-10 16:45:00,408.75824
2019-12-10 17:00:00,419.255
2019-12-10 17:15:00,236.69438
2019-12-10 17:30:00,243.6516
2019-12-10 17:45:00,55.053368
2019-12-10 18:00:00,35.309654
2019-12-10 18:15:00,5.964107
2019-12-10 18:30:00,9.177975
2019-12-10 18:45:00,5.4371443
2019-12-10 19:00:00,0.0
2019-12-10 19:15:00,0.0
2019-12-10 19:30:00,0.0
2019-12-10 19:45:00,0.0
2019-12-10 20:00:00,0.035439104
2019-12-10 20:15:00,0.0751656
2019-12-10 20:30:00,0.098797984
2019-12-10 20:45:00,0.11328311
2019-12-10 21:00:00,0.12244816
2019-12-10 21:15:00,0.12842569
2019-12-10 21:30:00,0.13243367
2019-12-10 21:45:00,0.13518715
2019-12-10 22:00:00,0.13711794
2019-12-10 22:15:00,0.1384933
2019-12-10 22:30:00,0.13948412
2019-12-10 22:45:00,0.1402
2019-12-10 23:00:00,0.14071389
2019-12-10 23:15:00,0.14107469
2019-12-10 23:30:00,0.23540461
2019-12-10 23:45:00,0.40144727
2019-12-11 00:00:00,0.4563652
2019-12-11 00:15:00,0.40143728
2019-12-11 00:30:00,0.23537491
2019-12-11 00:45:00,0.14107469
2019-12-11 01:00:00,0.14071389
2019-12-11 01:15:00,0.1402
2019-12-11 01:30:00,0.13948412
2019-12-11 01:45:00,0.1384933
2019-12-11 02:00:00,0.13711794
2019-12-11 02:15:00,0.13518715
2019-12-11 02:30:00,0.13243367
2019-12-11 02:45:00,0.12842569
2019-12-11 03:00:00,0.12244816
2019-12-11 03:15:00,0.11328311
2019-12-11 03:30:00,0.098797984
2019-12-11 03:45:00,0.0751656
2019-12-11 04:00:00,0.035439104
2019-12-11 04:15:00,0.0
2019-12-11 04:30:00,0.0
2019-12-11 04:45:00,0.0
2019-12-11 05:00:00,0.0
2019-12-11 05:15:00,5.4371443
2019-12-11 05:30:00,9.177975
2019-12-11 05:45:00,5.964107
2019-12-11 06:00:00,0.0
2019-12-11 06:15:00,3.5557804
2019-12-11 06:30:00,6.249977
2019-12-11 06:45:00,-0.50601506
2019-12-11 07:00:00,7.2931223
2019-12-11 07:15:00,9.928454
2019-12-11 07:30:00,11.881053
2019-12-11 07:45:00,18.665932
2019-12-11 08:00:00,24.82338
2019-12-11 08:15:00,52.138218
2019-12-11 08:30:00,81.60489
2019-12-11 08:45:00,221.73723
2019-12-11 09:00:00,248.16844
2019-12-11 09:15:00,511.13583
2019-12-11 09:30:00,532.35925
2019-12-11 09:45:00,834.0612
2019-12-11 10:00:00,840.45026
2019-12-11 10:15:00,1124.645
2019-12-11 10:30:00,1121.0714
2019-12-11 10:45:00,1371.2246
2019-12-11 11:00:00,1361.8878
2019-12-11 11:15:00,1707.1191
2019-12-11 11:30:00,1688.4247
2019-12-11 11:45:00,1945.3002
2019-12-11 12:00:00,1943.2476
2019-12-11 12:15:00,2069.5188
2019-12-11 12:30:00,2072.4734
2019-12-11 12:45:00,2130.2134
2019-12-11 13:00:00,2133.7275
2019-12-11 13:15:00,2141.9639
2019-12-11 13:30:00,2142.4211
2019-12-11 13:45:00,2095.7302
2019-12-11 14:00:00,2089.7554
2019-12-11 14:15:00,1950.0688
2019-12-11 14:30:00,1953.0979
2019-12-11 14:45:00,1846.4435
2019-12-11 15:00:00,1852.3809
2019-12-11 15:15:00,1601.4971
2019-12-11 15:30:00,1621.7042
2019-12-11 15:45:00,1136.8103
2019-12-11 16:00:00,1213.8519
2019-12-11 16:15:00,759.6865
2019-12-11 16:30:00,800.7003
2019-12-11 16:45:00,425.7382
2019-12-11 17:00:00,433.6533
2019-12-11 17:15:00,190.0648
2019-12-11 17:30:00,198.69695
2019-12-11 17:45:00,47.565876
2019-12-11 18:00:00,26.922596
2019-12-11 18:15:00,5.964107
2019-12-11 18:30:00,9.177975
2019-12-11 18:45:00,5.4371443
2019-12-11 19:00:00,0.0
2019-12-11 19:15:00,0.0
2019-12-11 19:30:00,0.0
2019-12-11 19:45:00,0.0
2019-12-11 20:00:00,0.035439104
2019-12-11 20:15:00,0.0751656
2019-12-11 20:30:00,0.098797984
2019-12-11 20:45:00,0.11328311
2019-12-11 21:00:00,0.12244816
2019-12-11 21:15:00,0.12842569
2019-12-11 21:30:00,0.13243367
2019-12-11 21:45:00,0.13518715
2019-12-11 22:00:00,0.13711794
2019-12-11 22:15:00,0.1384933
2019-12-11 22:30:00,0.13948412
2019-12-11 22:45:00,0.1402
2019-12-11 23:00:00,0.14071389
2019-12-11 23:15:00,0.14107469
2019-12-11 23:30:00,0.23540461
2019-12-11 23:45:00,0.40144727
2019-12-12 00:00:00,0.4563652
2019-12-12 00:15:00,0.40143728
2019-12-12 00:30:00,0.23537491
2019-12-12 00:45:00,0.14107469
2019-12-12 01:00:00,0.14071389
2019-12-12 01:15:00,0.1402
2019-12-12 01:30:00,0.13948412
2019-12-12 01:45:00,0.1384933
2019-12-12 02:00:00,0.13711794
2019-12-12 02:15:00,0.13518715
2019-12-12 02:30:00,0.13243367
2019-12-12 02:45:00,0.12842569
2019-12-12 03:00:00,0.12244816
2019-12-12 03:15:00,0.11328311
2019-12-12 03:30:00,0.098797984
2019-12-12 03:45:00,0.0751656
2019-12-12 04:00:00,0.035439104
2019-12-12 04:15:00,0.0
2019-12-12 04:30:00,0.0
2019-12-12 04:45:00,0.0
2019-12-12 05:00:00,0.0
2019-12-12 05:15:00,5.4371443
2019-12-12 05:30:00,9.177975
2019-12-12 05:45:00,5.964107
2019-12-12 06:00:00,0.0
2019-12-12 06:15:00,3.5557804
2019-12-12 06:30:00,6.249977
2019-12-12 06:45:00,-0.50601506
2019-12-12 07:00:00,7.2931223
2019-12-12 07:15:00,9.928454
2019-12-12 07:30:00,11.881053
2019-12-12 07:45:00,18.665932
2019-12-12 08:00:00,24.82338
2019-12-12 08:15:00,50.04416
2019-12-12 08:30:00,79.115135
2019-12-12 08:45:00,211.95633
2019-12-12 09:00:00,235.94473
2019-12-12 09:15:00,505.28665
2019-12-12 09:30:00,526.2766
2019-12-12 09:45:00,840.7195
2019-12-12 10:00:00,847.3233
2019-12-12 10:15:00,1145.5795
2019-12-12 10:30:00,1142.1624
2019-12-12 10:45:00,1418.7476
2019-12-12 11:00:00,1394.4209
2019-12-12 11:15:00,1762.936
2019-12-12 11:30:00,1745.5916
2019-12-12 11:45:00,1985.073
2019-12-12 12:00:00,1983.444
2019-12-12 12:15:00,2102.9626
2019-12-12 12:30:00,2105.4893
2019-12-12 12:45:00,2158.2063
2019-12-12 13:00:00,2160.938
2019-12-12 13:15:00,2092.8262
2019-12-12 13:30:00,2095.9336
2019-12-12 13:45:00,1876.1432
2019-12-12 14:00:00,1894.086
2019-12-12 14:15:00,1839.6002
2019-12-12 14:30:00,1863.5823
2019-12-12 14:45:00,1833.0801
2019-12-12 15:00:00,1842.2229
2019-12-12 15:15:00,1643.3108
2019-12-12 15:30:00,1650.1658
2019-12-12 15:45:00,1363.6802
2019-12-12 16:00:00,1344.1254
2019-12-12 16:15:00,946.2445
2019-12-12 16:30:00,930.78687
2019-12-12 16:45:00,545.97
2019-12-12 17:00:00,535.1931
2019-12-12 17:15:00,255.84354
2019-12-12 17:30:00,259.50726
2019-12-12 17:45:00,53.179234
2019-12-12 18:00:00,33.22055
2019-12-12 18:15:00,5.964107
2019-12-12 18:30:00,9.177975
2019-12-12 18:45:00,5.4371443
2019-12-12 19:00:00,0.0
2019-12-12 19:15:00,0.0
2019-12-12 19:30:00,0.0
2019-12-12 19:45:00,0.0
2019-12-12 20:00:00,0.035439104
2019-12-12 20:15:00,0.0751656
2019-12-12 20:30:00,0.098797984
2019-12-12 20:45:00,0.11328311
2019-12-12 21:00:00,0.12244816
2019-12-12 21:15:00,0.12842569
2019-12-12 21:30:00,0.13243367
2019-12-12 21:45:00,0.13518715
2019-12-12 22:00:00,0.13711794
2019-12-12 22:15:00,0.1384933
2019-12-12 22:30:00,0.13948412
2019-12-12 22:45:00,0.1402
2019-12-12 23:00:00,0.14071389
2019-12-12 23:15:00,0.14107469
2019-12-12 23:30:00,0.23540461
2019-12-12 23:45:00,0.40144727
2019-12-13 00:00:00,0.4563652
2019-12-13 00:15:00,0.40143728
2019-12-13 00:30:00,0.23537491
2019-12-13 00:45:00,0.14107469
2019-12-13 01:00:00,0.14071389
2019-12-13 01:15:00,0.1402
2019-12-13 01:30:00,0.13948412
2019-12-13 01:45:00,0.1384933
2019-12-13 02:00:00,0.13711794
2019-12-13 02:15:00,0.13518715
2019-12-13 02:30:00,0.13243367
2019-12-13 02:45:00,0.12842569
2019-12-13 03:00:00,0.12244816
2019-12-13 03:15:00,0.11328311
2019-12-13 03:30:00,0.098797984
2019-12-13 03:45:00,0.0751656
2019-12-13 04:00:00,0.035439104
2019-12-13 04:15:00,0.0
2019-12-13 04:30:00,0.0
2019-12-13 04:45:00,0.0
2019-12-13 05:00:00,0.0
2019-12-13 05:15:00,5.4371443
2019-12-13 05:30:00,9.177975
2019-12-13 05:45:00,5.964107
2019-12-13 06:00:00,0.0
2019-12-13 06:15:00,3.5557804
2019-12-13 06:30:00,6.249977
2019-12-13 06:45:00,-0.50601506
2019-12-13 07:00:00,7.2931223
2019-12-13 07:15:00,9.928454
2019-12-13 07:30:00,11.881053
2019-12-13 07:45:00,18.665932
2019-12-13 08:00:00,24.82338
2019-12-13 08:15:00,49.005093
2019-12-13 08:30:00,77.87585
2019-12-13 08:45:00,205.50227
2019-12-13 09:00:00,229.12926
2019-12-13 09:15:00,482.02917
2019-12-13 09:30:00,502.20117
2019-12-13 09:45:00,797.2985
2019-12-13 10:00:00,802.72797
2019-12-13 10:15:00,891.54565
2019-12-13 10:30:00,887.4434
2019-12-13 10:45:00,827.7558
2019-12-13 11:00:00,823.09357
2019-12-13 11:15:00,862.3166
2019-12-13 11:30:00,858.9576
2019-12-13 11:45:00,981.22314
2019-12-13 12:00:00,980.3525
2019-12-13 12:15:00,916.9629
2019-12-13 12:30:00,919.29767
2019-12-13 12:45:00,875.7373
2019-12-13 13:00:00,880.2927
2019-12-13 13:15:00,937.18414
2019-12-13 13:30:00,942.91327
2019-12-13 13:45:00,905.43066
2019-12-13 14:00:00,905.7769
2019-12-13 14:15:00,932.28046
2019-12-13 14:30:00,893.2408
2019-12-13 14:45:00,806.46027
2019-12-13 15:00:00,752.62573
2019-12-13 15:15:00,538.1282
2019-12-13 15:30:00,555.2769
2019-12-13 15:45:00,525.452
2019-12-13 16:00:00,621.84033
2019-12-13 16:15:00,459.81177
2019-12-13 16:30:00,532.07776
2019-12-13 16:45:00,345.75687
2019-12-13 17:00:00,362.39142
2019-12-13 17:15:00,204.63202
2019-12-13 17:30:00,213.10611
2019-12-13 17:45:00,53.179234
2019-12-13 18:00:00,33.22055
2019-12-13 18:15:00,5.964107
2019-12-13 18:30:00,9.177975
2019-12-13 18:45:00,5.4371443
2019-12-13 19:00:00,0.0
2019-12-13 19:15:00,0.0
2019-12-13 19:30:00,0.0
2019-12-13 19:45:00,0.0
2019-12-13 20:00:00,0.035439104
2019-12-13 20:15:00,0.0751656
2019-12-13 20:30:00,0.098797984
2019-12-13 20:45:00,0.11328311
2019-12-13 21:00:00,0.12244816
2019-12-13 21:15:00,0.12842569
2019-12-13 21:30:00,0.13243367
2019-12-13 21:45:00,0.13518715
2019-12-13 22:00:00,0.13711794
2019-12-13 22:15:00,0.1384933
2019-12-13 22:30:00,0.13948412
2019-12-13 22:45:00,0.1402
2019-12-13 23:00:00,0.14071389
2019-12-13 23:15:00,0.14107469
2019-12-13 23:30:00,0.23540461
2019-12-13 23:45:00,0.40144727
2019-12-14 00:00:00,0.4563652
2019-12-14 00:15:00,0.40143728
2019-12-14 00:30:00,0.23537491
2019-12-14 00:45:00,0.14107469
2019-12-14 01:00:00,0.14071389
2019-12-14 01:15:00,0.1402
2019-12-14 01:30:00,0.13948412
2019-12-14 01:45:00,0.1384933
2019-12-14 02:00:00,0.13711794
2019-12-14 02:15:00,0.13518715
2019-12-14 02:30:00,0.13243367
2019-12-14 02:45:00,0.12842569
2019-12-14 03:00:00,0.12244816
2019-12-14 03:15:00,0.11328311
2019-12-14 03:30:00,0.098797984
2019-12-14 03:45:00,0.0751656
2019-12-14 04:00:00,0.035439104
2019-12-14 04:15:00,0.0
2019-12-14 04:30:00,0.0
2019-12-14 04:45:00,0.0
2019-12-14 05:00:00,0.0
2019-12-14 05:15:00,5.4371443
2019-12-14 05:30:00,9.177975
2019-12-14 05:45:00,5.964107
2019-12-14 06:00:00,0.0
2019-12-14 06:15:00,3.5557804
2019-12-14 06:30:00,6.249977
2019-12-14 06:45:00,-0.50601506
2019-12-14 07:00:00,7.2931223
2019-12-14 07:15:00,9.928454
2019-12-14 07:30:00,11.881053
2019-12-14 07:45:00,18.665932
2019-12-14 08:00:00,24.82338
2019-12-14 08:15:00,42.880825
2019-12-14 08:30:00,70.516205
2019-12-14 08:45:00,186.48975
2019-12-14 09:00:00,209.16492
2019-12-14 09:15:00,467.62997
2019-12-14 09:30:00,487.3748
2019-12-14 09:45:00,787.24603
2019-12-14 10:00:00,792.4745
2019-12-14 10:15:00,919.3291
2019-12-14 10:30:00,915.1308
2019-12-14 10:45:00,1051.7428
2019-12-14 11:00:00,1045.2048
2019-12-14 11:15:00,1049.783
2019-12-14 11:30:00,1045.3365
2019-12-14 11:45:00,1049.399
2019-12-14 12:00:00,1048.4528
2019-12-14 12:15:00,1104.1313
2019-12-14 12:30:00,1107.0905
2019-12-14 12:45:00,1118.7388
2019-12-14 13:00:00,1124.975
2019-12-14 13:15:00,1107.5476
2019-12-14 13:30:00,1114.0511
2019-12-14 13:45:00,1030.6683
2019-12-14 14:00:00,1028.5399
2019-12-14 14:15:00,1065.523
2019-12-14 14:30:00,981.08154
2019-12-14 14:45:00,1368.4766
2019-12-14 15:00:00,1480.197
2019-12-14 15:15:00,1457.6436
2019-12-14 15:30:00,1520.0697
2019-12-14 15:45:00,1262.206
2019-12-14 16:00:00,1288.197
2019-12-14 16:15:00,972.4772
2019-12-14 16:30:00,944.94434
2019-12-14 16:45:00,566.7145
2019-12-14 17:00:00,551.4475
2019-12-14 17:15:00,255.84354
2019-12-14 17:30:00,259.50726
2019-12-14 17:45:00,56.929047
2019-12-14 18:00:00,37.39344
2019-12-14 18:15:00,5.964107
2019-12-14 18:30:00,9.177975
2019-12-14 18:45:00,5.4371443
2019-12-14 19:00:00,0.0
2019-12-14 19:15:00,0.0
2019-12-14 19:30:00,0.0
2019-12-14 19:45:00,0.0
2019-12-14 20:00:00,0.035439104
2019-12-14 20:15:00,0.0751656
2019-12-14 20:30:00,0.098797984
2019-12-14 20:45:00,0.11328311
2019-12-14 21:00:00,0.12244816
2019-12-14 21:15:00,0.12842569
2019-12-14 21:30:00,0.13243367
2019-12-14 21:45:00,0.13518715
2019-12-14 22:00:00,0.13711794
2019-12-14 22:15:00,0.1384933
2019-12-14 22:30:00,0.13948412
2019-12-14 22:45:00,0.1402
2019-12-14 23:00:00,0.14071389
2019-12-14 23:15:00,0.14107469
2019-12-14 23:30:00,0.23540461
2019-12-14 23:45:00,0.40144727
2019-12-15 00:00:00,0.4563652
2019-12-15 00:15:00,0.40143728
2019-12-15 00:30:00,0.23537491
2019-12-15 00:45:00,0.14107469
2019-12-15 01:00:00,0.14071389
2019-12-15 01:15:00,0.1402
2019-12-15 01:30:00,0.13948412
2019-12-15 01:45:00,0.1384933
2019-12-15 02:00:00,0.13711794
2019-12-15 02:15:00,0.13518715
2019-12-15 02:30:00,0.13243367
2019-12-15 02:45:00,0.12842569
2019-12-15 03:00:00,0.12244816
2019-12-15 03:15:00,0.11328311
2019-12-15 03:30:00,0.098797984
2019-12-15 03:45:00,0.0751656
2019-12-15 04:00:00,0.035439104
2019-12-15 04:15:00,0.0
2019-12-15 04:30:00,0.0
2019-12-15 04:45:00,0.0
2019-12-15 05:00:00,0.0
2019-12-15 05:15:00,5.4371443
2019-12-15 05:30:00,9.177975
2019-12-15 05:45:00,5.964107
2019-12-15 06:00:00,0.0
2019-12-15 06:15:00,3.5557804
2019-12-15 06:30:00,6.249977
2019-12-15 06:45:00,-0.50601506
2019-12-15 07:00:00,7.2931223
2019-12-15 07:15:00,9.928454
2019-12-15 07:30:00,11.881053
2019-12-15 07:45:00,18.665932
2019-12-15 08:00:00,24.82338
2019-12-15 08:15:00,42.880825
2019-12-15 08:30:00,70.516205
2019-12-15 08:45:00,162.03358
2019-12-15 09:00:00,183.6863
2019-12-15 09:15:00,411.42264
2019-12-15 09:30:00,429.94098
2019-12-15 09:45:00,583.659
2019-12-15 10:00:00,588.56604
2019-12-15 10:15:00,856.92426
2019-12-15 10:30:00,853.0174
2019-12-15 10:45:00,1048.2596
2019-12-15 11:00:00,1041.7435
2019-12-15 11:15:00,1118.7388
2019-12-15 11:30:00,1113.9608
2019-12-15 11:45:00,1248.4939
2019-12-15 12:00:00,1247.3048
2019-12-15 12:15:00,1363.739
2019-12-15 12:30:00,1367.938
2019-12-15 12:45:00,1268.2167
2019-12-15 13:00:00,1275.8099
2019-12-15 13:15:00,1100.5623
2019-12-15 13:30:00,1107.0365
2019-12-15 13:45:00,1159.5498
2019-12-15 14:00:00,1151.1031
2019-12-15 14:15:00,1080.6617
2019-12-15 14:30:00,992.9884
2019-12-15 14:45:00,1026.1527
2019-12-15 15:00:00,1165.2332
2019-12-15 15:15:00,932.69763
2019-12-15 15:30:00,1097.5835
2019-12-15 15:45:00,699.29474
2019-12-15 16:00:00,805.63965
2019-12-15 16:15:00,550.3793
2019-12-15 16:30:00,618.4583
2019-12-15 16:45:00,429.976
2019-12-15 17:00:00,437.19638
2019-12-15 17:15:00,216.30557
2019-12-15 17:30:00,224.40703
2019-12-15 17:45:00,49.43536
2019-12-15 18:00:00,29.026728
2019-12-15 18:15:00,5.964107
2019-12-15 18:30:00,9.177975
2019-12-15 18:45:00,5.4371443
2019-12-15 19:00:00,0.0
2019-12-15 19:15:00,0.0
2019-12-15 19:30:00,0.0
2019-12-15 19:45:00,0.0
2019-12-15 20:00:00,0.035439104
2019-12-15 20:15:00,0.0751656
2019-12-15 20:30:00,0.098797984
2019-12-15 20:45:00,0.11328311
2019-12-15 21:00:00,0.12244816
2019-12-15 21:15:00,0.12842569
2019-12-15 21:30:00,0.13243367
2019-12-15 21:45:00,0.13518715
2019-12-15 22:00:00,0.13711794
2019-12-15 22:15:00,0.1384933
2019-12-15 22:30:00,0.13948412
2019-12-15 22:45:00,0.1402
2019-12-15 23:00:00,0.14071389
2019-12-15 23:15:00,0.14107469
2019-12-15 23:30:00,0.23540461
2019-12-15 23:45:00,0.40144727
2019-12-16 00:00:00,0.4563652
2019-12-16 00:15:00,0.40143728
2019-12-16 00:30:00,0.23537491
2019-12-16 00:45:00,0.14107469
2019-12-16 01:00:00,0.14071389
2019-12-16 01:15:00,0.1402
2019-12-16 01:30:00,0.13948412
2019-12-16 01:45:00,0.1384933
2019-12-16 02:00:00,0.13711794
2019-12-16 02:15:00,0.13518715
2019-12-16 02:30:00,0.13243367
2019-12-16 02:45:00,0.12842569
2019-12-16 03:00:00,0.12244816
2019-12-16 03:15:00,0.11328311
2019-12-16 03:30:00,0.098797984
2019-12-16 03:45:00,0.0751656
2019-12-16 04:00:00,0.035439104
2019-12-16 04:15:00,0.0
2019-12-16 04:30:00,0.0
2019-12-16 04:45:00,0.0
2019-12-16 05:00:00,0.0
2019-12-16 05:15:00,5.4371443
2019-12-16 05:30:00,9.177975
2019-12-16 05:45:00,5.964107
2019-12-16 06:00:00,0.0
2019-12-16 06:15:00,3.5557804
2019-12-16 06:30:00,6.249977
2019-12-16 06:45:00,-0.50601506
2019-12-16 07:00:00,7.2931223
2019-12-16 07:15:00,9.928454
2019-12-16 07:30:00,11.881053
2019-12-16 07:45:00,18.665932
2019-12-16 08:00:00,24.82338
2019-12-16 08:15:00,39.887886
2019-12-16 08:30:00,66.885735
2019-12-16 08:45:00,153.14224
2019-12-16 09:00:00,174.46825
2019-12-16 09:15:00,298.07275
2019-12-16 09:30:00,315.34808
2019-12-16 09:45:00,589.95966
2019-12-16 10:00:00,594.8043
2019-12-16 10:15:00,832.79706
2019-12-16 10:30:00,829.07513
2019-12-16 10:45:00,1034.3344
2019-12-16 11:00:00,1027.9032
2019-12-16 11:15:00,1160.2236
2019-12-16 11:30:00,1155.2235
2019-12-16 11:45:00,702.9456
2019-12-16 12:00:00,702.499
2019-12-16 12:15:00,1374.3241
2019-12-16 12:30:00,1378.587
2019-12-16 12:45:00,1212.2782
2019-12-16 13:00:00,1219.2578
2019-12-16 13:15:00,1125.0267
2019-12-16 13:30:00,1131.6101
2019-12-16 13:45:00,1145.5795
2019-12-16 14:00:00,1138.2104
2019-12-16 14:15:00,1118.0168
2019-12-16 14:30:00,1041.8752
2019-12-16 14:45:00,752.9102
2019-12-16 15:00:00,647.74176
2019-12-16 15:15:00,784.071
2019-12-16 15:30:00,860.7942
2019-12-16 15:45:00,665.46484
2019-12-16 16:00:00,771.322
2019-12-16 16:15:00,663.97675
2019-12-16 16:30:00,715.3482
2019-12-16 16:45:00,438.4342
2019-12-16 17:00:00,444.21323
2019-12-16 17:15:00,210.46849
2019-12-16 17:30:00,218.78279
2019-12-16 17:45:00,47.565876
2019-12-16 18:00:00,26.922596
2019-12-16 18:15:00,5.964107
2019-12-16 18:30:00,9.177975
2019-12-16 18:45:00,5.4371443
2019-12-16 19:00:00,0.0
2019-12-16 19:15:00,0.0
2019-12-16 19:30:00,0.0
2019-12-16 19:45:00,0.0
2019-12-16 20:00:00,0.035439104
2019-12-16 20:15:00,0.0751656
2019-12-16 20:30:00,0.098797984
2019-12-16 20:45:00,0.11328311
2019-12-16 21:00:00,0.12244816
2019-12-16 21:15:00,0.12842569
2019-12-16 21:30:00,0.13243367
2019-12-16 21:45:00,0.13518715
2019-12-16 22:00:00,0.13711794
2019-12-16 22:15:00,0.1384933
2019-12-16 22:30:00,0.13948412
2019-12-16 22:45:00,0.1402
2019-12-16 23:00:00,0.14071389
2019-12-16 23:15:00,0.14107469
2019-12-16 23:30:00,0.23540461
2019-12-16 23:45:00,0.40144727
2019-12-17 00:00:00,0.4563652
2019-12-17 00:15:00,0.40143728
2019-12-17 00:30:00,0.23537491
2019-12-17 00:45:00,0.14107469
2019-12-17 01:00:00,0.14071389
2019-12-17 01:15:00,0.1402
2019-12-17 01:30:00,0.13948412
2019-12-17 01:45:00,0.1384933
2019-12-17 02:00:00,0.13711794
2019-12-17 02:15:00,0.13518715
2019-12-17 02:30:00,0.13243367
2019-12-17 02:45:00,0.12842569
2019-12-17 03:00:00,0.12244816
2019-12-17 03:15:00,0.11328311
2019-12-17 03:30:00,0.098797984
2019-12-17 03:45:00,0.0751656
2019-12-17 04:00:00,0.035439104
2019-12-17 04:15:00,0.0
2019-12-17 04:30:00,0.0
2019-12-17 04:45:00,0.0
2019-12-17 05:00:00,0.0
2019-12-17 05:15:00,5.4371443
2019-12-17 05:30:00,9.177975
2019-12-17 05:45:00,5.964107
2019-12-17 06:00:00,0.0
2019-12-17 06:15:00,3.5557804
2019-12-17 06:30:00,6.249977
2019-12-17 06:45:00,-0.50601506
2019-12-17 07:00:00,7.2931223
2019-12-17 07:15:00,9.928454
2019-12-17 07:30:00,11.881053
2019-12-17 07:45:00,18.665932
2019-12-17 08:00:00,24.82338
2019-12-17 08:15:00,42.880825
2019-12-17 08:30:00,70.516205
2019-12-17 08:45:00,157.56847
2019-12-17 09:00:00,179.05429
2019-12-17 09:15:00,276.8736
2019-12-17 09:30:00,293.99808
2019-12-17 09:45:00,577.38354
2019-12-17 10:00:00,582.35504
2019-12-17 10:15:00,545.0366
2019-12-17 10:30:00,545.66595
2019-12-17 10:45:00,664.80414
2019-12-17 11:00:00,662.32623
2019-12-17 11:15:00,1073.8958
2019-12-17 11:30:00,1069.3341
2019-12-17 11:45:00,1117.8304
2019-12-17 12:00:00,1116.8126
2019-12-17 12:15:00,1227.7644
2019-12-17 12:30:00,1231.1814
2019-12-17 12:45:00,1233.1941
2019-12-17 13:00:00,1240.3877
2019-12-17 13:15:00,1055.2255
2019-12-17 13:30:00,1061.5236
2019-12-17 13:45:00,901.95807
2019-12-17 14:00:00,902.341
2019-12-17 14:15:00,883.68066
2019-12-17 14:30:00,854.07495
2019-12-17 14:45:00,1462.5574
2019-12-17 15:00:00,1556.2903
2019-12-17 15:15:00,1300.1288
2019-12-17 15:30:00,1406.0264
2019-12-17 15:45:00,626.35034
2019-12-17 16:00:00,731.2702
2019-12-17 16:15:00,584.4902
2019-12-17 16:30:00,649.7158
2019-12-17 16:45:00,329.45285
2019-12-17 17:00:00,348.57837
2019-12-17 17:15:00,219.22322
2019-12-17 17:30:00,227.19897
2019-12-17 17:45:00,49.43536
2019-12-17 18:00:00,29.026728
2019-12-17 18:15:00,5.964107
2019-12-17 18:30:00,9.177975
2019-12-17 18:45:00,5.4371443
2019-12-17 19:00:00,0.0
2019-12-17 19:15:00,0.0
2019-12-17 19:30:00,0.0
2019-12-17 19:45:00,0.0
2019-12-17 20:00:00,0.035439104
2019-12-17 20:15:00,0.0751656
2019-12-17 20:30:00,0.098797984
2019-12-17 20:45:00,0.11328311
2019-12-17 21:00:00,0.12244816
2019-12-17 21:15:00,0.12842569
2019-12-17 21:30:00,0.13243367
2019-12-17 21:45:00,0.13518715
2019-12-17 22:00:00,0.13711794
2019-12-17 22:15:00,0.1384933
2019-12-17 22:30:00,0.13948412
2019-12-17 22:45:00,0.1402
2019-12-17 23:00:00,0.14071389
2019-12-17 23:15:00,0.14107469
2019-12-17 23:30:00,0.23540461
2019-12-17 23:45:00,0.40144727
2019-12-18 00:00:00,0.4563652
2019-12-18 00:15:00,0.40143728
2019-12-18 00:30:00,0.23537491
2019-12-18 00:45:00,0.14107469
2019-12-18 01:00:00,0.14071389
2019-12-18 01:15:00,0.1402
2019-12-18 01:30:00,0.13948412
2019-12-18 01:45:00,0.1384933
2019-12-18 02:00:00,0.13711794
2019-12-18 02:15:00,0.13518715
2019-12-18 02:30:00,0.13243367
2019-12-18 02:45:00,0.12842569
2019-12-18 03:00:00,0.12244816
2019-12-18 03:15:00,0.11328311
2019-12-18 03:30:00,0.098797984
2019-12-18 03:45:00,0.0751656
2019-12-18 04:00:00,0.035439104
2019-12-18 04:15:00,0.0
2019-12-18 04:30:00,0.0
2019-12-18 04:45:00,0.0
2019-12-18 05:00:00,0.0
2019-12-18 05:15:00,5.4371443
2019-12-18 05:30:00,9.177975
2019-12-18 05:45:00,5.964107
2019-12-18 06:00:00,0.0
2019-12-18 06:15:00,3.5557804
2019-12-18 06:30:00,6.249977
2019-12-18 06:45:00,-0.50601506
2019-12-18 07:00:00,7.2931223
2019-12-18 07:15:00,9.928454
2019-12-18 07:30:00,11.881053
2019-12-18 07:45:00,18.665932
2019-12-18 08:00:00,24.82338
2019-12-18 08:15:00,41.878
2019-12-18 08:30:00,69.30243
2019-12-18 08:45:00,166.53723
2019-12-18 09:00:00,188.36386
2019-12-18 09:15:00,317.5001
2019-12-18 09:30:00,334.9251
2019-12-18 09:45:00,443.95547
2019-12-18 10:00:00,450.71658
2019-12-18 10:15:00,473.78754
2019-12-18 10:30:00,475.7593
2019-12-18 10:45:00,591.8119
2019-12-18 11:00:00,590.43744
2019-12-18 11:15:00,654.05963
2019-12-18 11:30:00,652.41174
2019-12-18 11:45:00,937.1806
2019-12-18 12:00:00,936.3642
2019-12-18 12:15:00,960.8605
2019-12-18 12:30:00,963.3609
2019-12-18 12:45:00,639.0178
2019-12-18 13:00:00,640.96136
2019-12-18 13:15:00,492.76782
2019-12-18 13:30:00,492.09128
2019-12-18 13:45:00,574.8994
2019-12-18 14:00:00,573.09216
2019-12-18 14:15:00,683.7965
2019-12-18 14:30:00,670.6959
2019-12-18 14:45:00,718.28534
2019-12-18 15:00:00,623.2124
2019-12-18 15:15:00,802.2113
2019-12-18 15:30:00,881.16425
2019-12-18 15:45:00,368.70517
2019-12-18 16:00:00,443.48425
2019-12-18 16:15:00,371.77936
2019-12-18 16:30:00,430.90298
2019-12-18 16:45:00,210.78831
2019-12-18 17:00:00,235.66637
2019-12-18 17:15:00,135.79588
2019-12-18 17:30:00,142.43552
2019-12-18 17:45:00,49.43536
2019-12-18 18:00:00,29.026728
2019-12-18 18:15:00,5.964107
2019-12-18 18:30:00,9.177975
2019-12-18 18:45:00,5.4371443
2019-12-18 19:00:00,0.0
2019-12-18 19:15:00,0.0
2019-12-18 19:30:00,0.0
2019-12-18 19:45:00,0.0
2019-12-18 20:00:00,0.035439104
2019-12-18 20:15:00,0.0751656
2019-12-18 20:30:00,0.098797984
2019-12-18 20:45:00,0.11328311
2019-12-18 21:00:00,0.12244816
2019-12-18 21:15:00,0.12842569
2019-12-18 21:30:00,0.13243367
2019-12-18 21:45:00,0.13518715
2019-12-18 22:00:00,0.13711794
2019-12-18 22:15:00,0.1384933
2019-12-18 22:30:00,0.13948412
2019-12-18 22:45:00,0.1402
2019-12-18 23:00:00,0.14071389
2019-12-18 23:15:00,0.14107469
2019-12-18 23:30:00,0.23540461
2019-12-18 23:45:00,0.40144727
2019-12-19 00:00:00,0.4563652
2019-12-19 00:15:00,0.40143728
2019-12-19 00:30:00,0.23537491
2019-12-19 00:45:00,0.14107469
2019-12-19 01:00:00,0.14071389
2019-12-19 01:15:00,0.1402
2019-12-19 01:30:00,0.13948412
2019-12-19 01:45:00,0.1384933
2019-12-19 02:00:00,0.13711794
2019-12-19 02:15:00,0.13518715
2019-12-19 02:30:00,0.13243367
2019-12-19 02:45:00,0.12842569
2019-12-19 03:00:00,0.12244816
2019-12-19 03:15:00,0.11328311
2019-12-19 03:30:00,0.098797984
2019-12-19 03:45:00,0.0751656
2019-12-19 04:00:00,0.035439104
2019-12-19 04:15:00,0.0
2019-12-19 04:30:00,0.0
2019-12-19 04:45:00,0.0
2019-12-19 05:00:00,0.0
2019-12-19 05:15:00,5.4371443
2019-12-19 05:30:00,9.177975
2019-12-19 05:45:00,5.964107
2019-12-19 06:00:00,0.0
2019-12-19 06:15:00,3.5557804
2019-12-19 06:30:00,6.249977
2019-12-19 06:45:00,-0.50601506
2019-12-19 07:00:00,7.2931223
2019-12-19 07:15:00,9.928454
2019-12-19 07:30:00,11.881053
2019-12-19 07:45:00,18.665932
2019-12-19 08:00:00,24.82338
2019-12-19 08:15:00,42.880825
2019-12-19 08:30:00,70.516205
2019-12-19 08:45:00,147.30194
2019-12-19 09:00:00,168.42435
2019-12-19 09:15:00,260.86893
2019-12-19 09:30:00,277.88403
2019-12-19 09:45:00,480.8655
2019-12-19 10:00:00,487.0785
2019-12-19 10:15:00,539.1555
2019-12-19 10:30:00,539.89545
2019-12-19 10:45:00,718.7392
2019-12-19 11:00:00,715.48126
2019-12-19 11:15:00,624.1394
2019-12-19 11:30:00,622.7629
2019-12-19 11:45:00,737.21625
2019-12-19 12:00:00,736.7089
2019-12-19 12:15:00,781.7625
2019-12-19 12:30:00,783.48944
2019-12-19 12:45:00,552.3117
2019-12-19 13:00:00,553.1669
2019-12-19 13:15:00,455.75293
2019-12-19 13:30:00,454.42682
2019-12-19 13:45:00,310.1399
2019-12-19 14:00:00,303.61676
2019-12-19 14:15:00,268.02747
2019-12-19 14:30:00,255.60234
2019-12-19 14:45:00,450.5174
2019-12-19 15:00:00,417.1096
2019-12-19 15:15:00,544.98834
2019-12-19 15:30:00,565.13806
2019-12-19 15:45:00,439.01572
2019-12-19 16:00:00,523.2107
2019-12-19 16:15:00,595.9476
2019-12-19 16:30:00,659.74524
2019-12-19 16:45:00,374.8985
2019-12-19 17:00:00,389.44653
2019-12-19 17:15:00,184.25941
2019-12-19 17:30:00,192.8509
2019-12-19 17:45:00,55.053368
2019-12-19 18:00:00,35.309654
2019-12-19 18:15:00,5.964107
2019-12-19 18:30:00,9.177975
2019-12-19 18:45:00,5.4371443
2019-12-19 19:00:00,0.0
2019-12-19 19:15:00,0.0
2019-12-19 19:30:00,0.0
2019-12-19 19:45:00,0.0
2019-12-19 20:00:00,0.035439104
2019-12-19 20:15:00,0.0751656
2019-12-19 20:30:00,0.098797984
2019-12-19 20:45:00,0.11328311
2019-12-19 21:00:00,0.12244816
2019-12-19 21:15:00,0.12842569
2019-12-19 21:30:00,0.13243367
2019-12-19 21:45:00,0.13518715
2019-12-19 22:00:00,0.13711794
2019-12-19 22:15:00,0.1384933
2019-12-19 22:30:00,0.13948412
2019-12-19 22:45:00,0.1402
2019-12-19 23:00:00,0.14071389
2019-12-19 23:15:00,0.14107469
2019-12-19 23:30:00,0.23540461
2019-12-19 23:45:00,0.40144727
2019-12-20 00:00:00,0.4563652
2019-12-20 00:15:00,0.40143728
2019-12-20 00:30:00,0.23537491
2019-12-20 00:45:00,0.14107469
2019-12-20 01:00:00,0.14071389
2019-12-20 01:15:00,0.1402
2019-12-20 01:30:00,0.13948412
2019-12-20 01:45:00,0.1384933
2019-12-20 02:00:00,0.13711794
2019-12-20 02:15:00,0.13518715
2019-12-20 02:30:00,0.13243367
2019-12-20 02:45:00,0.12842569
2019-12-20 03:00:00,0.12244816
2019-12-20 03:15:00,0.11328311
2019-12-20 03:30:00,0.098797984
2019-12-20 03:45:00,0.0751656
2019-12-20 04:00:00,0.035439104
2019-12-20 04:15:00,0.0
2019-12-20 04:30:00,0.0
2019-12-20 04:45:00,0.0
2019-12-20 05:00:00,0.0
2019-12-20 05:15:00,5.4371443
2019-12-20 05:30:00,9.177975
2019-12-20 05:45:00,5.964107
2019-12-20 06:00:00,0.0
2019-12-20 06:15:00,3.5557804
2019-12-20 06:30:00,6.249977
2019-12-20 06:45:00,-0.50601506
2019-12-20 07:00:00,7.2931223
2019-12-20 07:15:00,9.928454
2019-12-20 07:30:00,11.881053
2019-12-20 07:45:00,18.665932
2019-12-20 08:00:00,24.82338
2019-12-20 08:15:00,37.917698
2019-12-20 08:30:00,64.48395
2019-12-20 08:45:00,142.96791
2019-12-20 09:00:00,163.9445
2019-12-20 09:15:00,298.07275
2019-12-20 09:30:00,315.34808
2019-12-20 09:45:00,537.25726
2019-12-20 10:00:00,542.6958
2019-12-20 10:15:00,593.174
2019-12-20 10:30:00,592.90796
2019-12-20 10:45:00,683.642
2019-12-20 11:00:00,680.887
2019-12-20 11:15:00,899.33545
2019-12-20 11:30:00,895.7243
2019-12-20 11:45:00,906.8857
2019-12-20 12:00:00,906.10925
2019-12-20 12:15:00,860.1876
2019-12-20 12:30:00,862.2848
2019-12-20 12:45:00,779.7651
2019-12-20 13:00:00,783.36694
2019-12-20 13:15:00,761.0768
2019-12-20 13:30:00,764.9457
2019-12-20 13:45:00,829.3594
2019-12-20 14:00:00,830.1471
2019-12-20 14:15:00,867.2312
2019-12-20 14:30:00,840.1147
2019-12-20 14:45:00,771.1161
2019-12-20 15:00:00,668.3947
2019-12-20 15:15:00,609.4304
2019-12-20 15:30:00,656.10016
2019-12-20 15:45:00,721.772
2019-12-20 16:00:00,827.06396
2019-12-20 16:15:00,613.1356
2019-12-20 16:30:00,674.39606
2019-12-20 16:45:00,429.976
2019-12-20 17:00:00,437.19638
2019-12-20 17:15:00,222.13988
2019-12-20 17:30:00,229.9772
2019-12-20 17:45:00,41.96889
2019-12-20 18:00:00,20.582762
2019-12-20 18:15:00,5.964107
2019-12-20 18:30:00,9.177975
2019-12-20 18:45:00,5.4371443
2019-12-20 19:00:00,0.0
2019-12-20 19:15:00,0.0
2019-12-20 19:30:00,0.0
2019-12-20 19:45:00,0.0
2019-12-20 20:00:00,0.035439104
2019-12-20 20:15:00,0.0751656
2019-12-20 20:30:00,0.098797984
2019-12-20 20:45:00,0.11328311
2019-12-20 21:00:00,0.12244816
2019-12-20 21:15:00,0.12842569
2019-12-20 21:30:00,0.13243367
2019-12-20 21:45:00,0.13518715
2019-12-20 22:00:00,0.13711794
2019-12-20 22:15:00,0.1384933
2019-12-20 22:30:00,0.13948412
2019-12-20 22:45:00,0.1402
2019-12-20 23:00:00,0.14071389
2019-12-20 23:15:00,0.14107469
2019-12-20 23:30:00,0.23540461
2019-12-20 23:45:00,0.40144727
2019-12-21 00:00:00,0.4563652
2019-12-21 00:15:00,0.40143728
2019-12-21 00:30:00,0.23537491
2019-12-21 00:45:00,0.14107469
2019-12-21 01:00:00,0.14071389
2019-12-21 01:15:00,0.1402
2019-12-21 01:30:00,0.13948412
2019-12-21 01:45:00,0.1384933
2019-12-21 02:00:00,0.13711794
2019-12-21 02:15:00,0.13518715
2019-12-21 02:30:00,0.13243367
2019-12-21 02:45:00,0.12842569
2019-12-21 03:00:00,0.12244816
2019-12-21 03:15:00,0.11328311
2019-12-21 03:30:00,0.098797984
2019-12-21 03:45:00,0.0751656
2019-12-21 04:00:00,0.035439104
2019-12-21 04:15:00,0.0
2019-12-21 04:30:00,0.0
2019-12-21 04:45:00,0.0
2019-12-21 05:00:00,0.0
2019-12-21 05:15:00,5.4371443
2019-12-21 05:30:00,9.177975
2019-12-21 05:45:00,5.964107
2019-12-21 06:00:00,0.0
2019-12-21 06:15:00,3.5557804
2019-12-21 06:30:00,6.249977
2019-12-21 06:45:00,-0.50601506
2019-12-21 07:00:00,7.2931223
2019-12-21 07:15:00,9.928454
2019-12-21 07:30:00,11.881053
2019-12-21 07:45:00,18.665932
2019-12-21 08:00:00,24.82338
2019-12-21 08:15:00,42.880825
2019-12-21 08:30:00,70.516205
2019-12-21 08:45:00,183.37514
2019-12-21 09:00:00,205.90852
2019-12-21 09:15:00,279.1947
2019-12-21 09:30:00,296.33542
2019-12-21 09:45:00,457.98474
2019-12-21 10:00:00,464.53592
2019-12-21 10:15:00,754.51025
2019-12-21 10:30:00,751.63666
2019-12-21 10:45:00,1111.0414
2019-12-21 11:00:00,1104.1337
2019-12-21 11:15:00,1367.5657
2019-12-21 11:30:00,1360.8453
2019-12-21 11:45:00,1547.6682
2019-12-21 12:00:00,1543.9934
2019-12-21 12:15:00,1695.8486
2019-12-21 12:30:00,1707.6677
2019-12-21 12:45:00,1903.5232
2019-12-21 13:00:00,1912.6431
2019-12-21 13:15:00,1859.5493
2019-12-21 13:30:00,1867.7134
2019-12-21 13:45:00,1885.9036
2019-12-21 14:00:00,1902.9615
2019-12-21 14:15:00,1929.1941
2019-12-21 14:30:00,1936.1318
2019-12-21 14:45:00,1719.9221
2019-12-21 15:00:00,1755.5065
2019-12-21 15:15:00,1371.7891
2019-12-21 15:30:00,1458.3645
2019-12-21 15:45:00,1089.9698
2019-12-21 16:00:00,1185.1392
2019-12-21 16:15:00,904.3273
2019-12-21 16:30:00,907.6526
2019-12-21 16:45:00,558.5245
2019-12-21 17:00:00,545.03955
2019-12-21 17:15:00,273.10727
2019-12-21 17:30:00,272.23654
2019-12-21 17:45:00,70.21623
2019-12-21 18:00:00,49.768612
2019-12-21 18:15:00,5.964107
2019-12-21 18:30:00,9.177975
2019-12-21 18:45:00,5.4371443
2019-12-21 19:00:00,0.0
2019-12-21 19:15:00,0.0
2019-12-21 19:30:00,0.0
2019-12-21 19:45:00,0.0
2019-12-21 20:00:00,0.035439104
2019-12-21 20:15:00,0.0751656
2019-12-21 20:30:00,0.098797984
2019-12-21 20:45:00,0.11328311
2019-12-21 21:00:00,0.12244816
2019-12-21 21:15:00,0.12842569
2019-12-21 21:30:00,0.13243367
2019-12-21 21:45:00,0.13518715
2019-12-21 22:00:00,0.13711794
2019-12-21 22:15:00,0.1384933
2019-12-21 22:30:00,0.13948412
2019-12-21 22:45:00,0.1402
2019-12-21 23:00:00,0.14071389
2019-12-21 23:15:00,0.14107469
2019-12-21 23:30:00,0.23540461
2019-12-21 23:45:00,0.40144727
2019-12-22 00:00:00,0.4563652
2019-12-22 00:15:00,0.40143728
2019-12-22 00:30:00,0.23537491
2019-12-22 00:45:00,0.14107469
2019-12-22 01:00:00,0.14071389
2019-12-22 01:15:00,0.1402
2019-12-22 01:30:00,0.13948412
2019-12-22 01:45:00,0.1384933
2019-12-22 02:00:00,0.13711794
2019-12-22 02:15:00,0.13518715
2019-12-22 02:30:00,0.13243367
2019-12-22 02:45:00,0.12842569
2019-12-22 03:00:00,0.12244816
2019-12-22 03:15:00,0.11328311
2019-12-22 03:30:00,0.098797984
2019-12-22 03:45:00,0.0751656
2019-12-22 04:00:00,0.035439104
2019-12-22 04:15:00,0.0
2019-12-22 04:30:00,0.0
2019-12-22 04:45:00,0.0
2019-12-22 05:00:00,0.0
2019-12-22 05:15:00,5.4371443
2019-12-22 05:30:00,9.177975
2019-12-22 05:45:00,5.964107
2019-12-22 06:00:00,0.0
2019-12-22 06:15:00,3.5557804
2019-12-22 06:30:00,6.249977
2019-12-22 06:45:00,-0.50601506
2019-12-22 07:00:00,7.2931223
2019-12-22 07:15:00,9.928454
2019-12-22 07:30:00,11.881053
2019-12-22 07:45:00,18.665932
2019-12-22 08:00:00,24.82338
2019-12-22 08:15:00,42.880825
2019-12-22 08:30:00,70.516205
2019-12-22 08:45:00,192.7665
2019-12-22 09:00:00,215.73863
2019-12-22 09:15:00,461.90457
2019-12-22 09:30:00,481.4945
2019-12-22 09:45:00,783.894
2019-12-22 10:00:00,789.0609
2019-12-22 10:15:00,1079.37
2019-12-22 10:30:00,1075.515
2019-12-22 10:45:00,1331.3713
2019-12-22 11:00:00,1322.2728
2019-12-22 11:15:00,1642.6191
2019-12-22 11:30:00,1623.6013
2019-12-22 11:45:00,1906.7249
2019-12-22 12:00:00,1904.1946
2019-12-22 12:15:00,2051.706
2019-12-22 12:30:00,2054.8997
2019-12-22 12:45:00,2121.3438
2019-12-22 13:00:00,2125.1084
2019-12-22 13:15:00,2136.5547
2019-12-22 13:30:00,2137.294
2019-12-22 13:45:00,2101.112
2019-12-22 14:00:00,2094.51
2019-12-22 14:15:00,2015.8782
2019-12-22 14:30:00,2006.929
2019-12-22 14:45:00,1852.9049
2019-12-22 15:00:00,1857.269
2019-12-22 15:15:00,1668.29
2019-12-22 15:30:00,1666.4203
2019-12-22 15:45:00,1375.4714
2019-12-22 16:00:00,1350.0712
2019-12-22 16:15:00,775.2594
2019-12-22 16:30:00,816.22955
2019-12-22 16:45:00,425.7382
2019-12-22 17:00:00,433.6533
2019-12-22 17:15:00,230.8798
2019-12-22 17:30:00,238.22636
2019-12-22 17:45:00,70.21623
2019-12-22 18:00:00,49.768612
2019-12-22 18:15:00,5.964107
2019-12-22 18:30:00,9.177975
2019-12-22 18:45:00,5.4371443
2019-12-22 19:00:00,0.0
2019-12-22 19:15:00,0.0
2019-12-22 19:30:00,0.0
2019-12-22 19:45:00,0.0
2019-12-22 20:00:00,0.035439104
2019-12-22 20:15:00,0.0751656
2019-12-22 20:30:00,0.098797984
2019-12-22 20:45:00,0.11328311
2019-12-22 21:00:00,0.12244816
2019-12-22 21:15:00,0.12842569
2019-12-22 21:30:00,0.13243367
2019-12-22 21:45:00,0.13518715
2019-12-22 22:00:00,0.13711794
2019-12-22 22:15:00,0.1384933
2019-12-22 22:30:00,0.13948412
2019-12-22 22:45:00,0.1402
2019-12-22 23:00:00,0.14071389
2019-12-22 23:15:00,0.14107469
2019-12-22 23:30:00,0.23540461
2019-12-22 23:45:00,0.40144727
2019-12-23 00:00:00,0.4563652
2019-12-23 00:15:00,0.40143728
2019-12-23 00:30:00,0.23537491
2019-12-23 00:45:00,0.14107469
2019-12-23 01:00:00,0.14071389
2019-12-23 01:15:00,0.1402
2019-12-23 01:30:00,0.13948412
2019-12-23 01:45:00,0.1384933
2019-12-23 02:00:00,0.13711794
2019-12-23 02:15:00,0.13518715
2019-12-23 02:30:00,0.13243367
2019-12-23 02:45:00,0.12842569
2019-12-23 03:00:00,0.12244816
2019-12-23 03:15:00,0.11328311
2019-12-23 03:30:00,0.098797984
2019-12-23 03:45:00,0.0751656
2019-12-23 04:00:00,0.035439104
2019-12-23 04:15:00,0.0
2019-12-23 04:30:00,0.0
2019-12-23 04:45:00,0.0
2019-12-23 05:00:00,0.0
2019-12-23 05:15:00,5.4371443
2019-12-23 05:30:00,9.177975
2019-12-23 05:45:00,5.964107
2019-12-23 06:00:00,0.0
2019-12-23 06:15:00,3.5557804
2019-12-23 06:30:00,6.249977
2019-12-23 06:45:00,-0.50601506
2019-12-23 07:00:00,7.2931223
2019-12-23 07:15:00,9.928454
2019-12-23 07:30:00,11.881053
2019-12-23 07:45:00,18.665932
2019-12-23 08:00:00,24.82338
2019-12-23 08:15:00,42.880825
2019-12-23 08:30:00,70.516205
2019-12-23 08:45:00,180.27673
2019-12-23 09:00:00,202.67249
2019-12-23 09:15:00,342.54526
2019-12-23 09:30:00,360.19043
2019-12-23 09:45:00,432.88422
2019-12-23 10:00:00,439.8126
2019-12-23 10:15:00,593.174
2019-12-23 10:30:00,592.90796
2019-12-23 10:45:00,794.20575
2019-12-23 11:00:00,789.94556
2019-12-23 11:15:00,1101.4817
2019-12-23 11:30:00,1096.788
2019-12-23 11:45:00,927.0622
2019-12-23 12:00:00,926.25867
2019-12-23 12:15:00,607.3967
2019-12-23 12:30:00,608.18555
2019-12-23 12:45:00,577.66675
2019-12-23 13:00:00,578.84064
2019-12-23 13:15:00,606.6936
2019-12-23 13:30:00,608.05334
2019-12-23 13:45:00,646.3242
2019-12-23 14:00:00,645.6762
2019-12-23 14:15:00,790.59784
2019-12-23 14:30:00,771.7903
2019-12-23 14:45:00,729.7938
2019-12-23 15:00:00,630.3877
2019-12-23 15:15:00,573.80334
2019-12-23 15:30:00,606.54486
2019-12-23 15:45:00,582.7648
2019-12-23 16:00:00,685.78406
2019-12-23 16:15:00,539.1686
2019-12-23 16:30:00,607.6823
2019-12-23 16:45:00,366.50803
2019-12-23 17:00:00,381.80157
2019-12-23 17:15:00,219.22322
2019-12-23 17:30:00,227.19897
2019-12-23 17:45:00,51.30645
2019-12-23 18:00:00,31.12615
2019-12-23 18:15:00,5.964107
2019-12-23 18:30:00,9.177975
2019-12-23 18:45:00,5.4371443
2019-12-23 19:00:00,0.0
2019-12-23 19:15:00,0.0
2019-12-23 19:30:00,0.0
2019-12-23 19:45:00,0.0
2019-12-23 20:00:00,0.035439104
2019-12-23 20:15:00,0.0751656
2019-12-23 20:30:00,0.098797984
2019-12-23 20:45:00,0.11328311
2019-12-23 21:00:00,0.12244816
2019-12-23 21:15:00,0.12842569
2019-12-23 21:30:00,0.13243367
2019-12-23 21:45:00,0.13518715
2019-12-23 22:00:00,0.13711794
2019-12-23 22:15:00,0.1384933
2019-12-23 22:30:00,0.13948412
2019-12-23 22:45:00,0.1402
2019-12-23 23:00:00,0.14071389
2019-12-23 23:15:00,0.14107469
2019-12-23 23:30:00,0.23540461
2019-12-23 23:45:00,0.40144727
2019-12-24 00:00:00,0.4563652
2019-12-24 00:15:00,0.40143728
2019-12-24 00:30:00,0.23537491
2019-12-24 00:45:00,0.14107469
2019-12-24 01:00:00,0.14071389
2019-12-24 01:15:00,0.1402
2019-12-24 01:30:00,0.13948412
2019-12-24 01:45:00,0.1384933
2019-12-24 02:00:00,0.13711794
2019-12-24 02:15:00,0.13518715
2019-12-24 02:30:00,0.13243367
2019-12-24 02:45:00,0.12842569
2019-12-24 03:00:00,0.12244816
2019-12-24 03:15:00,0.11328311
2019-12-24 03:30:00,0.098797984
2019-12-24 03:45:00,0.0751656
2019-12-24 04:00:00,0.035439104
2019-12-24 04:15:00,0.0
2019-12-24 04:30:00,0.0
2019-12-24 04:45:00,0.0
2019-12-24 05:00:00,0.0
2019-12-24 05:15:00,5.4371443
2019-12-24 05:30:00,9.177975
2019-12-24 05:45:00,5.964107
2019-12-24 06:00:00,0.0
2019-12-24 06:15:00,3.5557804
2019-12-24 06:30:00,6.249977
2019-12-24 06:45:00,-0.50601506
2019-12-24 07:00:00,7.2931223
2019-12-24 07:15:00,9.928454
2019-12-24 07:30:00,11.881053
2019-12-24 07:45:00,18.665932
2019-12-24 08:00:00,24.82338
2019-12-24 08:15:00,38.900265
2019-12-24 08:30:00,65.68321
2019-12-24 08:45:00,169.56116
2019-12-24 09:00:00,191.5077
2019-12-24 09:15:00,355.37888
2019-12-24 09:30:00,373.15198
2019-12-24 09:45:00,628.2686
2019-12-24 10:00:00,632.8045
2019-12-24 10:15:00,1030.6683
2019-12-24 10:30:00,1026.5791
2019-12-24 10:45:00,1331.3713
2019-12-24 11:00:00,1322.2728
2019-12-24 11:15:00,1662.1436
2019-12-24 11:30:00,1643.1072
2019-12-24 11:45:00,1921.5725
2019-12-24 12:00:00,1919.2295
2019-12-24 12:15:00,2051.706
2019-12-24 12:30:00,2054.8997
2019-12-24 12:45:00,2093.3098
2019-12-24 13:00:00,2097.8452
2019-12-24 13:15:00,2042.5835
2019-12-24 13:30:00,2048.3062
2019-12-24 13:45:00,2101.112
2019-12-24 14:00:00,2094.51
2019-12-24 14:15:00,2015.8782
2019-12-24 14:30:00,2006.929
2019-12-24 14:45:00,1899.8463
2019-12-24 15:00:00,1891.6925
2019-12-24 15:15:00,1743.5908
2019-12-24 15:30:00,1704.6826
2019-12-24 15:45:00,1488.6284
2019-12-24 16:00:00,1388.582
2019-12-24 16:15:00,1097.855
2019-12-24 16:30:00,1000.1595
2019-12-24 16:45:00,644.6765
2019-12-24 17:00:00,605.6802
2019-12-24 17:15:00,309.92615
2019-12-24 17:30:00,302.03577
2019-12-24 17:45:00,70.21623
2019-12-24 18:00:00,49.768612
2019-12-24 18:15:00,5.964107
2019-12-24 18:30:00,9.177975
2019-12-24 18:45:00,5.4371443
2019-12-24 19:00:00,0.0
2019-12-24 19:15:00,0.0
2019-12-24 19:30:00,0.0
2019-12-24 19:45:00,0.0
2019-12-24 20:00:00,0.035439104
2019-12-24 20:15:00,0.0751656
2019-12-24 20:30:00,0.098797984
2019-12-24 20:45:00,0.11328311
2019-12-24 21:00:00,0.12244816
2019-12-24 21:15:00,0.12842569
2019-12-24 21:30:00,0.13243367
2019-12-24 21:45:00,0.13518715
2019-12-24 22:00:00,0.13711794
2019-12-24 22:15:00,0.1384933
2019-12-24 22:30:00,0.13948412
2019-12-24 22:45:00,0.1402
2019-12-24 23:00:00,0.14071389
2019-12-24 23:15:00,0.14107469
2019-12-24 23:30:00,0.23540461
2019-12-24 23:45:00,0.40144727
2019-12-25 00:00:00,0.4563652
2019-12-25 00:15:00,0.40143728
2019-12-25 00:30:00,0.23537491
2019-12-25 00:45:00,0.14107469
2019-12-25 01:00:00,0.14071389
2019-12-25 01:15:00,0.1402
2019-12-25 01:30:00,0.13948412
2019-12-25 01:45:00,0.1384933
2019-12-25 02:00:00,0.13711794
2019-12-25 02:15:00,0.13518715
2019-12-25 02:30:00,0.13243367
2019-12-25 02:45:00,0.12842569
2019-12-25 03:00:00,0.12244816
2019-12-25 03:15:00,0.11328311
2019-12-25 03:30:00,0.098797984
2019-12-25 03:45:00,0.0751656
2019-12-25 04:00:00,0.035439104
2019-12-25 04:15:00,0.0
2019-12-25 04:30:00,0.0
2019-12-25 04:45:00,0.0
2019-12-25 05:00:00,0.0
2019-12-25 05:15:00,5.4371443
2019-12-25 05:30:00,9.177975
2019-12-25 05:45:00,5.964107
2019-12-25 06:00:00,0.0
2019-12-25 06:15:00,3.5557804
2019-12-25 06:30:00,6.249977
2019-12-25 06:45:00,-0.50601506
2019-12-25 07:00:00,7.2931223
2019-12-25 07:15:00,9.928454
2019-12-25 07:30:00,11.881053
2019-12-25 07:45:00,18.665932
2019-12-25 08:00:00,24.82338
2019-12-25 08:15:00,34.999695
2019-12-25 08:30:00,60.90871
2019-12-25 08:45:00,120.526985
2019-12-25 09:00:00,140.80905
2019-12-25 09:15:00,230.1224
2019-12-25 09:30:00,246.92984
2019-12-25 09:45:00,369.35208
2019-12-25 10:00:00,377.23495
2019-12-25 10:15:00,611.7065
2019-12-25 10:30:00,611.1038
2019-12-25 10:45:00,964.86365
2019-12-25 11:00:00,958.8994
2019-12-25 11:15:00,1282.291
2019-12-25 11:30:00,1276.3994
2019-12-25 11:45:00,1624.8596
2019-12-25 12:00:00,1620.9219
2019-12-25 12:15:00,1825.3911
2019-12-25 12:30:00,1834.9902
2019-12-25 12:45:00,1744.6499
2019-12-25 13:00:00,1764.5509
2019-12-25 13:15:00,2042.5835
2019-12-25 13:30:00,2048.3062
2019-12-25 13:45:00,1676.1238
2019-12-25 14:00:00,1700.4587
2019-12-25 14:15:00,1329.2079
2019-12-25 14:30:00,1415.1171
2019-12-25 14:45:00,1501.5654
2019-12-25 15:00:00,1587.1067
2019-12-25 15:15:00,1004.6533
2019-12-25 15:30:00,1172.9023
2019-12-25 15:45:00,738.4921
2019-12-25 16:00:00,842.32074
2019-12-25 16:15:00,641.59296
2019-12-25 16:30:00,697.7163
2019-12-25 16:45:00,425.7382
2019-12-25 17:00:00,433.6533
2019-12-25 17:15:00,158.35655
2019-12-25 17:30:00,166.01978
2019-12-25 17:45:00,49.43536
2019-12-25 18:00:00,29.026728
2019-12-25 18:15:00,5.964107
2019-12-25 18:30:00,9.177975
2019-12-25 18:45:00,5.4371443
2019-12-25 19:00:00,0.0
2019-12-25 19:15:00,0.0
2019-12-25 19:30:00,0.0
2019-12-25 19:45:00,0.0
2019-12-25 20:00:00,0.035439104
2019-12-25 20:15:00,0.0751656
2019-12-25 20:30:00,0.098797984
2019-12-25 20:45:00,0.11328311
2019-12-25 21:00:00,0.12244816
2019-12-25 21:15:00,0.12842569
2019-12-25 21:30:00,0.13243367
2019-12-25 21:45:00,0.13518715
2019-12-25 22:00:00,0.13711794
2019-12-25 22:15:00,0.1384933
2019-12-25 22:30:00,0.13948412
2019-12-25 22:45:00,0.1402
2019-12-25 23:00:00,0.14071389
2019-12-25 23:15:00,0.14107469
2019-12-25 23:30:00,0.23540461
2019-12-25 23:45:00,0.40144727
2019-12-26 00:00:00,0.4563652
2019-12-26 00:15:00,0.40143728
2019-12-26 00:30:00,0.23537491
2019-12-26 00:45:00,0.14107469
2019-12-26 01:00:00,0.14071389
2019-12-26 01:15:00,0.1402
2019-12-26 01:30:00,0.13948412
2019-12-26 01:45:00,0.1384933
2019-12-26 02:00:00,0.13711794
2019-12-26 02:15:00,0.13518715
2019-12-26 02:30:00,0.13243367
2019-12-26 02:45:00,0.12842569
2019-12-26 03:00:00,0.12244816
2019-12-26 03:15:00,0.11328311
2019-12-26 03:30:00,0.098797984
2019-12-26 03:45:00,0.0751656
2019-12-26 04:00:00,0.035439104
2019-12-26 04:15:00,0.0
2019-12-26 04:30:00,0.0
2019-12-26 04:45:00,0.0
2019-12-26 05:00:00,0.0
2019-12-26 05:15:00,5.4371443
2019-12-26 05:30:00,9.177975
2019-12-26 05:45:00,5.964107
2019-12-26 06:00:00,0.0
2019-12-26 06:15:00,3.5557804
2019-12-26 06:30:00,6.249977
2019-12-26 06:45:00,-0.50601506
2019-12-26 07:00:00,7.2931223
2019-12-26 07:15:00,9.928454
2019-12-26 07:30:00,11.881053
2019-12-26 07:45:00,18.665932
2019-12-26 08:00:00,24.82338
2019-12-26 08:15:00,36.940186
2019-12-26 08:30:00,63.28854
2019-12-26 08:45:00,135.83293
2019-12-26 09:00:00,156.57831
2019-12-26 09:15:00,263.12927
2019-12-26 09:30:00,280.16013
2019-12-26 09:45:00,528.169
2019-12-26 10:00:00,533.7244
2019-12-26 10:15:00,933.2381
2019-12-26 10:30:00,929.0117
2019-12-26 10:45:00,1184.6992
2019-12-26 11:00:00,1177.2233
2019-12-26 11:15:00,1396.2161
2019-12-26 11:30:00,1389.2465
2019-12-26 11:45:00,1702.2583
2019-12-26 12:00:00,1698.2363
2019-12-26 12:15:00,1935.9583
2019-12-26 12:30:00,1941.7227
2019-12-26 12:45:00,2045.1919
2019-12-26 13:00:00,2050.8535
2019-12-26 13:15:00,2080.113
2019-12-26 13:30:00,2083.9092
2019-12-26 13:45:00,2055.0078
2019-12-26 14:00:00,2053.72
2019-12-26 14:15:00,1978.9077
2019-12-26 14:30:00,1976.6045
2019-12-26 14:45:00,1859.2267
2019-12-26 15:00:00,1862.03
2019-12-26 15:15:00,1691.2161
2019-12-26 15:30:00,1680.4092
2019-12-26 15:45:00,1413.7365
2019-12-26 16:00:00,1367.7911
2019-12-26 16:15:00,1020.909
2019-12-26 16:30:00,969.74414
2019-12-26 16:45:00,594.19977
2019-12-26 17:00:00,572.8718
2019-12-26 17:15:00,286.6945
2019-12-26 17:30:00,282.65616
2019-12-26 17:45:00,67.687195
2019-12-26 18:00:00,47.722435
2019-12-26 18:15:00,5.964107
2019-12-26 18:30:00,9.177975
2019-12-26 18:45:00,5.4371443
2019-12-26 19:00:00,0.0
2019-12-26 19:15:00,0.0
2019-12-26 19:30:00,0.0
2019-12-26 19:45:00,0.0
2019-12-26 20:00:00,0.035439104
2019-12-26 20:15:00,0.0751656
2019-12-26 20:30:00,0.098797984
2019-12-26 20:45:00,0.11328311
2019-12-26 21:00:00,0.12244816
2019-12-26 21:15:00,0.12842569
2019-12-26 21:30:00,0.13243367
2019-12-26 21:45:00,0.13518715
2019-12-26 22:00:00,0.13711794
2019-12-26 22:15:00,0.1384933
2019-12-26 22:30:00,0.13948412
2019-12-26 22:45:00,0.1402
2019-12-26 23:00:00,0.14071389
2019-12-26 23:15:00,0.14107469
2019-12-26 23:30:00,0.23540461
2019-12-26 23:45:00,0.40144727
2019-12-27 00:00:00,0.4563652
2019-12-27 00:15:00,0.40143728
2019-12-27 00:30:00,0.23537491
2019-12-27 00:45:00,0.14107469
2019-12-27 01:00:00,0.14071389
2019-12-27 01:15:00,0.1402
2019-12-27 01:30:00,0.13948412
2019-12-27 01:45:00,0.1384933
2019-12-27 02:00:00,0.13711794
2019-12-27 02:15:00,0.13518715
2019-12-27 02:30:00,0.13243367
2019-12-27 02:45:00,0.12842569
2019-12-27 03:00:00,0.12244816
2019-12-27 03:15:00,0.11328311
2019-12-27 03:30:00,0.098797984
2019-12-27 03:45:00,0.0751656
2019-12-27 04:00:00,0.035439104
2019-12-27 04:15:00,0.0
2019-12-27 04:30:00,0.0
2019-12-27 04:45:00,0.0
2019-12-27 05:00:00,0.0
2019-12-27 05:15:00,5.4371443
2019-12-27 05:30:00,9.177975
2019-12-27 05:45:00,5.964107
2019-12-27 06:00:00,0.0
2019-12-27 06:15:00,3.5557804
2019-12-27 06:30:00,6.249977
2019-12-27 06:45:00,-0.50601506
2019-12-27 07:00:00,7.2931223
2019-12-27 07:15:00,9.928454
2019-12-27 07:30:00,11.881053
2019-12-27 07:45:00,18.665932
2019-12-27 08:00:00,24.82338
2019-12-27 08:15:00,38.900265
2019-12-27 08:30:00,65.68321
2019-12-27 08:45:00,169.56116
2019-12-27 09:00:00,191.5077
2019-12-27 09:15:00,368.41455
2019-12-27 09:30:00,386.3316
2019-12-27 09:45:00,697.0306
2019-12-27 10:00:00,701.3903
2019-12-27 10:15:00,1020.232
2019-12-27 10:30:00,1016.1047
2019-12-27 10:45:00,1270.027
2019-12-27 11:00:00,1261.6086
2019-12-27 11:15:00,1524.9373
2019-12-27 11:30:00,1507.4272
2019-12-27 11:45:00,1853.7908
2019-12-27 12:00:00,1850.6233
2019-12-27 12:15:00,2025.4653
2019-12-27 12:30:00,2029.0524
2019-12-27 12:45:00,2099.7297
2019-12-27 13:00:00,2104.0942
2019-12-27 13:15:00,2095.9312
2019-12-27 13:30:00,2098.8687
2019-12-27 13:45:00,2095.7302
2019-12-27 14:00:00,2089.7554
2019-12-27 14:15:00,2007.801
2019-12-27 14:30:00,2000.2749
2019-12-27 14:45:00,1891.6472
2019-12-27 15:00:00,1885.898
2019-12-27 15:15:00,1672.248
2019-12-27 15:30:00,1668.9128
2019-12-27 15:45:00,1438.331
2019-12-27 16:00:00,1377.3049
2019-12-27 16:15:00,1059.0085
2019-12-27 16:30:00,986.8737
2019-12-27 16:45:00,614.62787
2019-12-27 17:00:00,587.1793
2019-12-27 17:15:00,290.05737
2019-12-27 17:30:00,285.50385
2019-12-27 17:45:00,67.687195
2019-12-27 18:00:00,47.722435
2019-12-27 18:15:00,6.3934045
2019-12-27 18:30:00,9.723947
2019-12-27 18:45:00,5.4371443
2019-12-27 19:00:00,0.0
2019-12-27 19:15:00,0.0
2019-12-27 19:30:00,0.0
2019-12-27 19:45:00,0.0
2019-12-27 20:00:00,0.035439104
2019-12-27 20:15:00,0.0751656
2019-12-27 20:30:00,0.098797984
2019-12-27 20:45:00,0.11328311
2019-12-27 21:00:00,0.12244816
2019-12-27 21:15:00,0.12842569
2019-12-27 21:30:00,0.13243367
2019-12-27 21:45:00,0.13518715
2019-12-27 22:00:00,0.13711794
2019-12-27 22:15:00,0.1384933
2019-12-27 22:30:00,0.13948412
2019-12-27 22:45:00,0.1402
2019-12-27 23:00:00,0.14071389
2019-12-27 23:15:00,0.14107469
2019-12-27 23:30:00,0.23540461
2019-12-27 23:45:00,0.40144727
2019-12-28 00:00:00,0.4563652
2019-12-28 00:15:00,0.40143728
2019-12-28 00:30:00,0.23537491
2019-12-28 00:45:00,0.14107469
2019-12-28 01:00:00,0.14071389
2019-12-28 01:15:00,0.1402
2019-12-28 01:30:00,0.13948412
2019-12-28 01:45:00,0.1384933
2019-12-28 02:00:00,0.13711794
2019-12-28 02:15:00,0.13518715
2019-12-28 02:30:00,0.13243367
2019-12-28 02:45:00,0.12842569
2019-12-28 03:00:00,0.12244816
2019-12-28 03:15:00,0.11328311
2019-12-28 03:30:00,0.098797984
2019-12-28 03:45:00,0.0751656
2019-12-28 04:00:00,0.035439104
2019-12-28 04:15:00,0.0
2019-12-28 04:30:00,0.0
2019-12-28 04:45:00,0.0
2019-12-28 05:00:00,0.0
2019-12-28 05:15:00,5.4371443
2019-12-28 05:30:00,9.177975
2019-12-28 05:45:00,5.964107
2019-12-28 06:00:00,0.0
2019-12-28 06:15:00,3.5557804
2019-12-28 06:30:00,6.249977
2019-12-28 06:45:00,-0.50601506
2019-12-28 07:00:00,7.2931223
2019-12-28 07:15:00,9.928454
2019-12-28 07:30:00,11.881053
2019-12-28 07:45:00,18.665932
2019-12-28 08:00:00,24.82338
2019-12-28 08:15:00,37.917698
2019-12-28 08:30:00,64.48395
2019-12-28 08:45:00,157.56847
2019-12-28 09:00:00,179.05429
2019-12-28 09:15:00,352.7959
2019-12-28 09:30:00,370.5423
2019-12-28 09:45:00,634.73114
2019-12-28 10:00:00,639.22784
2019-12-28 10:15:00,898.48627
2019-12-28 10:30:00,894.35443
2019-12-28 10:45:00,1160.0724
2019-12-28 11:00:00,1152.8098
2019-12-28 11:15:00,1371.1442
2019-12-28 11:30:00,1364.391
2019-12-28 11:45:00,1637.7931
2019-12-28 12:00:00,1633.8258
2019-12-28 12:15:00,1985.073
2019-12-28 12:30:00,1989.4517
2019-12-28 12:45:00,2112.2412
2019-12-28 13:00:00,2116.2617
2019-12-28 13:15:00,2073.5747
2019-12-28 13:30:00,2077.7202
2019-12-28 13:45:00,2032.383
2019-12-28 14:00:00,2033.6819
2019-12-28 14:15:00,1943.2639
2019-12-28 14:30:00,1947.5624
2019-12-28 14:45:00,1897.1421
2019-12-28 15:00:00,1889.7974
2019-12-28 15:15:00,1754.8754
2019-12-28 15:30:00,1707.1205
2019-12-28 15:45:00,1499.3392
2019-12-28 16:00:00,1388.8599
2019-12-28 16:15:00,1115.4487
2019-12-28 16:30:00,1004.05786
2019-12-28 16:45:00,664.81384
2019-12-28 17:00:00,617.70514
2019-12-28 17:15:00,326.0458
2019-12-28 17:30:00,314.98935
2019-12-28 17:45:00,82.7537
2019-12-28 18:00:00,59.88683
2019-12-28 18:15:00,6.3934045
2019-12-28 18:30:00,9.723947
2019-12-28 18:45:00,5.4371443
2019-12-28 19:00:00,0.0
2019-12-28 19:15:00,0.0
2019-12-28 19:30:00,0.0
2019-12-28 19:45:00,0.0
2019-12-28 20:00:00,0.035439104
2019-12-28 20:15:00,0.0751656
2019-12-28 20:30:00,0.098797984
2019-12-28 20:45:00,0.11328311
2019-12-28 21:00:00,0.12244816
2019-12-28 21:15:00,0.12842569
2019-12-28 21:30:00,0.13243367
2019-12-28 21:45:00,0.13518715
2019-12-28 22:00:00,0.13711794
2019-12-28 22:15:00,0.1384933
2019-12-28 22:30:00,0.13948412
2019-12-28 22:45:00,0.1402
2019-12-28 23:00:00,0.14071389
2019-12-28 23:15:00,0.14107469
2019-12-28 23:30:00,0.23540461
2019-12-28 23:45:00,0.40144727
2019-12-29 00:00:00,0.4563652
2019-12-29 00:15:00,0.40143728
2019-12-29 00:30:00,0.23537491
2019-12-29 00:45:00,0.14107469
2019-12-29 01:00:00,0.14071389
2019-12-29 01:15:00,0.1402
2019-12-29 01:30:00,0.13948412
2019-12-29 01:45:00,0.1384933
2019-12-29 02:00:00,0.13711794
2019-12-29 02:15:00,0.13518715
2019-12-29 02:30:00,0.13243367
2019-12-29 02:45:00,0.12842569
2019-12-29 03:00:00,0.12244816
2019-12-29 03:15:00,0.11328311
2019-12-29 03:30:00,0.098797984
2019-12-29 03:45:00,0.0751656
2019-12-29 04:00:00,0.035439104
2019-12-29 04:15:00,0.0
2019-12-29 04:30:00,0.0
2019-12-29 04:45:00,0.0
2019-12-29 05:00:00,0.0
2019-12-29 05:15:00,5.4371443
2019-12-29 05:30:00,9.177975
2019-12-29 05:45:00,5.964107
2019-12-29 06:00:00,0.0
2019-12-29 06:15:00,3.5557804
2019-12-29 06:30:00,6.249977
2019-12-29 06:45:00,-0.50601506
2019-12-29 07:00:00,7.2931223
2019-12-29 07:15:00,9.928454
2019-12-29 07:30:00,11.881053
2019-12-29 07:45:00,18.665932
2019-12-29 08:00:00,24.82338
2019-12-29 08:15:00,39.887886
2019-12-29 08:30:00,66.885735
2019-12-29 08:45:00,174.12868
2019-12-29 09:00:00,196.26189
2019-12-29 09:15:00,436.4129
2019-12-29 09:30:00,455.40103
2019-12-29 09:45:00,767.13245
2019-12-29 10:00:00,772.0292
2019-12-29 10:15:00,1068.9323
2019-12-29 10:30:00,1065.0209
2019-12-29 10:45:00,1331.3713
2019-12-29 11:00:00,1322.2728
2019-12-29 11:15:00,1655.6484
2019-12-29 11:30:00,1636.6074
2019-12-29 11:45:00,1886.1885
2019-12-29 12:00:00,1883.4004
2019-12-29 12:15:00,1441.0505
2019-12-29 12:30:00,1450.7189
2019-12-29 12:45:00,994.78754
2019-12-29 13:00:00,1000.2555
2019-12-29 13:15:00,996.08746
2019-12-29 13:30:00,1002.1445
2019-12-29 13:45:00,971.5142
2019-12-29 14:00:00,970.84644
2019-12-29 14:15:00,929.08203
2019-12-29 14:30:00,890.77527
2019-12-29 14:45:00,1283.4247
2019-12-29 15:00:00,1408.6614
2019-12-29 15:15:00,1660.2019
2019-12-29 15:30:00,1661.2468
2019-12-29 15:45:00,1397.8997
2019-12-29 16:00:00,1360.8025
2019-12-29 16:15:00,1097.855
2019-12-29 16:30:00,1000.1595
2019-12-29 16:45:00,610.15204
2019-12-29 17:00:00,584.3866
2019-12-29 17:15:00,296.74014
2019-12-29 17:30:00,291.1231
2019-12-29 17:45:00,56.929047
2019-12-29 18:00:00,37.39344
2019-12-29 18:15:00,5.964107
2019-12-29 18:30:00,9.177975
2019-12-29 18:45:00,5.4371443
2019-12-29 19:00:00,0.0
2019-12-29 19:15:00,0.0
2019-12-29 19:30:00,0.0
2019-12-29 19:45:00,0.0
2019-12-29 20:00:00,0.035439104
2019-12-29 20:15:00,0.0751656
2019-12-29 20:30:00,0.098797984
2019-12-29 20:45:00,0.11328311
2019-12-29 21:00:00,0.12244816
2019-12-29 21:15:00,0.12842569
2019-12-29 21:30:00,0.13243367
2019-12-29 21:45:00,0.13518715
2019-12-29 22:00:00,0.13711794
2019-12-29 22:15:00,0.1384933
2019-12-29 22:30:00,0.13948412
2019-12-29 22:45:00,0.1402
2019-12-29 23:00:00,0.14071389
2019-12-29 23:15:00,0.14107469
2019-12-29 23:30:00,0.23540461
2019-12-29 23:45:00,0.40144727
2019-12-30 00:00:00,0.4563652
2019-12-30 00:15:00,0.40143728
2019-12-30 00:30:00,0.23537491
2019-12-30 00:45:00,0.14107469
2019-12-30 01:00:00,0.14071389
2019-12-30 01:15:00,0.1402
2019-12-30 01:30:00,0.13948412
2019-12-30 01:45:00,0.1384933
2019-12-30 02:00:00,0.13711794
2019-12-30 02:15:00,0.13518715
2019-12-30 02:30:00,0.13243367
2019-12-30 02:45:00,0.12842569
2019-12-30 03:00:00,0.12244816
2019-12-30 03:15:00,0.11328311
2019-12-30 03:30:00,0.098797984
2019-12-30 03:45:00,0.0751656
2019-12-30 04:00:00,0.035439104
2019-12-30 04:15:00,0.0
2019-12-30 04:30:00,0.0
2019-12-30 04:45:00,0.0
2019-12-30 05:00:00,0.0
2019-12-30 05:15:00,5.4371443
2019-12-30 05:30:00,9.177975
2019-12-30 05:45:00,5.964107
2019-12-30 06:00:00,0.0
2019-12-30 06:15:00,3.5557804
2019-12-30 06:30:00,6.249977
2019-12-30 06:45:00,-0.50601506
2019-12-30 07:00:00,7.2931223
2019-12-30 07:15:00,9.928454
2019-12-30 07:30:00,11.881053
2019-12-30 07:45:00,18.665932
2019-12-30 08:00:00,24.82338
2019-12-30 08:15:00,35.9675
2019-12-30 08:30:00,62.096924
2019-12-30 08:45:00,174.12868
2019-12-30 09:00:00,196.26189
2019-12-30 09:15:00,430.81384
2019-12-30 09:30:00,449.68704
2019-12-30 09:45:00,763.781
2019-12-30 10:00:00,768.63043
2019-12-30 10:15:00,1072.4114
2019-12-30 10:30:00,1068.5182
2019-12-30 10:45:00,1334.9921
2019-12-30 11:00:00,1325.8655
2019-12-30 11:15:00,1668.6255
2019-12-30 11:30:00,1649.6033
2019-12-30 11:45:00,1940.6533
2019-12-30 12:00:00,1938.5457
2019-12-30 12:15:00,2086.5955
2019-12-30 12:30:00,2089.33
2019-12-30 12:45:00,2155.5095
2019-12-30 13:00:00,2158.3142
2019-12-30 13:15:00,2167.7607
2019-12-30 13:30:00,2166.9243
2019-12-30 13:45:00,2131.4578
2019-12-30 14:00:00,2121.2349
2019-12-30 14:15:00,2033.748
2019-12-30 14:30:00,2021.756
2019-12-30 14:45:00,1865.4114
2019-12-30 15:00:00,1866.6636
2019-12-30 15:15:00,1780.0554
2019-12-30 15:30:00,1705.4229
2019-12-30 15:45:00,1526.9658
2019-12-30 16:00:00,1384.4124
2019-12-30 16:15:00,1106.8031
2019-12-30 16:30:00,1002.3389
2019-12-30 16:45:00,632.0693
2019-12-30 17:00:00,597.98596
2019-12-30 17:15:00,266.23703
2019-12-30 17:30:00,267.20172
2019-12-30 17:45:00,65.151985
2019-12-30 18:00:00,45.66943
2019-12-30 18:15:00,6.3934045
2019-12-30 18:30:00,9.723947
2019-12-30 18:45:00,5.4371443
2019-12-30 19:00:00,0.0
2019-12-30 19:15:00,0.0
2019-12-30 19:30:00,0.0
2019-12-30 19:45:00,0.0
2019-12-30 20:00:00,0.035439104
2019-12-30 20:15:00,0.0751656
2019-12-30 20:30:00,0.098797984
2019-12-30 20:45:00,0.11328311
2019-12-30 21:00:00,0.12244816
2019-12-30 21:15:00,0.12842569
2019-12-30 21:30:00,0.13243367
2019-12-30 21:45:00,0.13518715
2019-12-30 22:00:00,0.13711794
2019-12-30 22:15:00,0.1384933
2019-12-30 22:30:00,0.13948412
2019-12-30 22:45:00,0.1402
2019-12-30 23:00:00,0.14071389
2019-12-30 23:15:00,0.14107469
2019-12-30 23:30:00,0.23540461
2019-12-30 23:45:00,0.40144727
2019-12-31 00:00:00,0.4563652
2019-12-31 00:15:00,0.40143728
2019-12-31 00:30:00,0.23537491
2019-12-31 00:45:00,0.14107469
2019-12-31 01:00:00,0.14071389
2019-12-31 01:15:00,0.1402
2019-12-31 01:30:00,0.13948412
2019-12-31 01:45:00,0.1384933
2019-12-31 02:00:00,0.13711794
2019-12-31 02:15:00,0.13518715
2019-12-31 02:30:00,0.13243367
2019-12-31 02:45:00,0.12842569
2019-12-31 03:00:00,0.12244816
2019-12-31 03:15:00,0.11328311
2019-12-31 03:30:00,0.098797984
2019-12-31 03:45:00,0.0751656
2019-12-31 04:00:00,0.035439104
2019-12-31 04:15:00,0.0
2019-12-31 04:30:00,0.0
2019-12-31 04:45:00,0.0
2019-12-31 05:00:00,0.0
2019-12-31 05:15:00,5.4371443
2019-12-31 05:30:00,9.177975
2019-12-31 05:45:00,5.964107
2019-12-31 06:00:00,0.0
2019-12-31 06:15:00,3.5557804
2019-12-31 06:30:00,6.249977
2019-12-31 06:45:00,-0.50601506
2019-12-31 07:00:00,7.2931223
2019-12-31 07:15:00,9.928454
2019-12-31 07:30:00,11.881053
2019-12-31 07:45:00,18.665932
2019-12-31 08:00:00,24.82338
2019-12-31 08:15:00,37.917698
2019-12-31 08:30:00,64.48395
2019-12-31 08:45:00,154.61327
2019-12-31 09:00:00,175.99178
2019-12-31 09:15:00,365.7917
2019-12-31 09:30:00,383.67816
2019-12-31 09:45:00,667.33514
2019-12-31 10:00:00,671.701
2019-12-31 10:15:00,964.55396
2019-12-31 10:30:00,960.31256
2019-12-31 10:45:00,1320.511
2019-12-31 11:00:00,1311.5106
2019-12-31 11:15:00,1662.1436
2019-12-31 11:30:00,1643.1072
2019-12-31 11:45:00,1949.8992
2019-12-31 12:00:00,1947.9001
2019-12-31 12:15:00,2093.2258
2019-12-31 12:30:00,2095.877
2019-12-31 12:45:00,2136.0015
2019-12-31 13:00:00,2139.351
2019-12-31 13:15:00,2056.6794
2019-12-31 13:30:00,2061.7058
2019-12-31 13:45:00,1775.4008
2019-12-31 14:00:00,1799.9902
2019-12-31 14:15:00,1597.2908
2019-12-31 14:30:00,1663.5256
2019-12-31 14:45:00,1412.6418
2019-12-31 15:00:00,1516.2644
2019-12-31 15:15:00,1210.0629
2019-12-31 15:30:00,1338.5161
2019-12-31 15:45:00,834.40063
2019-12-31 16:00:00,986.2583
2019-12-31 16:15:00,669.4962
2019-12-31 16:30:00,719.612
2019-12-31 16:45:00,492.8074
2019-12-31 17:00:00,493.02402
2019-12-31 17:15:00,269.67816
2019-12-31 17:30:00,269.7289
2019-12-31 17:45:00,67.687195
2019-12-31 18:00:00,47.722435
2019-12-31 18:15:00,6.8128977
2019-12-31 18:30:00,10.263989
2019-12-31 18:45:00,5.4371443
2019-12-31 19:00:00,0.0
2019-12-31 19:15:00,0.0
2019-12-31 19:30:00,0.0
2019-12-31 19:45:00,0.0
2019-12-31 20:00:00,0.035439104
2019-12-31 20:15:00,0.0751656
2019-12-31 20:30:00,0.098797984
2019-12-31 20:45:00,0.11328311
2019-12-31 21:00:00,0.12244816
2019-12-31 21:15:00,0.12842569
2019-12-31 21:30:00,0.13243367
2019-12-31 21:45:00,0.13518715
2019-12-31 22:00:00,0.13711794
2019-12-31 22:15:00,0.1384933
2019-12-31 22:30:00,0.13948412
2019-12-31 22:45:00,0.1402
2019-12-31 23:00:00,0.14071389
2019-12-31 23:15:00,0.14107469
2019-12-31 23:30:00,0.23540461
2019-12-31 23:45:00,0.40144727
